id,barber_id,date,start_time,client,phone,paid,price,end_time,service_id,created_at,created_by,deleted_at,deleted_by,updated_at
1,2,2025-10-28,10:30:00,horario,0000000000,false,,15:00:00,1,2025-12-24 19:26:24.956324+00,,,,2025-12-24 19:26:24.956324+00
3,1,2025-10-22,18:30:00,Facundo alvarez,1126507688,true,17000,19:00:00,1,2025-12-24 19:26:24.956324+00,,,,2025-12-24 19:26:24.956324+00
4,3,2025-10-22,19:00:00,Mante alvarez mp,1158158966,true,20000,20:00:00,3,2025-12-24 19:26:24.956324+00,,,,2025-12-24 19:26:24.956324+00
7,1,2025-10-28,15:00:00,tomas daversa,,true,21000,16:00:00,3,2025-12-24 19:26:24.956324+00,,,,2025-12-24 19:26:24.956324+00
8,1,2025-10-29,17:00:00,Gianluca,,true,21000,18:00:00,3,2025-12-24 19:26:24.956324+00,,,,2025-12-24 19:26:24.956324+00
11,1,2025-10-28,17:00:00,reservado,0000000000,false,,19:30:00,1,2025-12-24 19:26:24.956324+00,,,,2025-12-24 19:26:24.956324+00
12,2,2025-10-31,17:30:00,bauti,,true,21000,18:00:00,1,2025-12-24 19:26:24.956324+00,,,,2025-12-24 19:26:24.956324+00
13,2,2025-10-29,10:30:00,reservado,0000000000,false,,15:00:00,1,2025-12-24 19:26:24.956324+00,,,,2025-12-24 19:26:24.956324+00
14,1,2025-10-31,12:30:00,Juanma,1112333221,true,17000,13:00:00,1,2025-12-24 19:26:24.956324+00,,,,2025-12-24 19:26:24.956324+00
18,1,2025-10-29,11:00:00,Santiago Blas Nuñez,1170801364,true,17000,11:30:00,1,2025-12-24 19:26:24.956324+00,,,,2025-12-24 19:26:24.956324+00
19,2,2025-10-28,19:00:00,gonzalo,,true,17000,19:30:00,1,2025-12-24 19:26:24.956324+00,,,,2025-12-24 19:26:24.956324+00
20,2,2025-10-28,10:30:00,reservado,0000000000,false,,15:00:00,1,2025-12-24 19:26:24.956324+00,,,,2025-12-24 19:26:24.956324+00
21,2,2025-10-29,10:30:00,reservado,0000000000,false,,15:00:00,1,2025-12-24 19:26:24.956324+00,,,,2025-12-24 19:26:24.956324+00
22,2,2025-11-04,10:30:00,reservado,0000000000,false,,15:00:00,1,2025-12-24 19:26:24.956324+00,,,,2025-12-24 19:26:24.956324+00
23,2,2025-11-05,10:30:00,reservado,0000000000,false,,15:00:00,1,2025-12-24 19:26:24.956324+00,,,,2025-12-24 19:26:24.956324+00
24,1,2025-10-29,13:00:00,Nacho Moirano,1133446031,true,21000,14:00:00,3,2025-12-24 19:26:24.956324+00,,,,2025-12-24 19:26:24.956324+00
25,1,2025-10-29,16:00:00,"Axel ",1164104106,true,17000,16:30:00,1,2025-12-24 19:26:24.956324+00,,,,2025-12-24 19:26:24.956324+00
26,1,2025-10-29,18:00:00,german,,true,17000,18:30:00,1,2025-12-24 19:26:24.956324+00,,,,2025-12-24 19:26:24.956324+00
27,2,2025-10-28,18:30:00,fede,,true,17000,19:00:00,1,2025-12-24 19:26:24.956324+00,,,,2025-12-24 19:26:24.956324+00
28,3,2025-10-28,10:30:00,reservado,0000000000,false,,19:30:00,1,2025-12-24 19:26:24.956324+00,,,,2025-12-24 19:26:24.956324+00
29,1,2025-10-29,18:30:00,Bufa Ivan,1165280396,true,17000,19:30:00,3,2025-12-24 19:26:24.956324+00,,,,2025-12-24 19:26:24.956324+00
30,1,2025-10-31,15:00:00,Federico Olivera,1158890445,true,17000,15:30:00,1,2025-12-24 19:26:24.956324+00,,,,2025-12-24 19:26:24.956324+00
31,1,2025-10-31,19:00:00,ramiro,1163368573,true,17000,19:30:00,1,2025-12-24 19:26:24.956324+00,,,,2025-12-24 19:26:24.956324+00
32,1,2025-10-30,17:00:00,Ramiro Nasif,1122518748,true,21000,18:00:00,3,2025-12-24 19:26:24.956324+00,,,,2025-12-24 19:26:24.956324+00
33,2,2025-10-31,11:30:00,"Leo ",1100005555,true,17000,12:00:00,1,2025-12-24 19:26:24.956324+00,,,,2025-12-24 19:26:24.956324+00
34,1,2025-10-29,15:00:00,Franco Moiana,1150954648,true,17000,15:30:00,1,2025-12-24 19:26:24.956324+00,,,,2025-12-24 19:26:24.956324+00
35,1,2025-10-29,15:30:00,Camilo Walker,1165581998,true,17000,16:00:00,1,2025-12-24 19:26:24.956324+00,,,,2025-12-24 19:26:24.956324+00
39,2,2025-10-30,12:00:00,"Rodri larre ",1130403257,true,17000,12:30:00,1,2025-12-24 19:26:24.956324+00,,,,2025-12-24 19:26:24.956324+00
41,3,2025-10-30,17:30:00,juanma,1163529290,true,17000,18:00:00,1,2025-12-24 19:26:24.956324+00,,,,2025-12-24 19:26:24.956324+00
42,1,2025-10-30,18:00:00,Ramiro Spinelli Risi,1137259564,true,21000,19:00:00,3,2025-12-24 19:26:24.956324+00,,,,2025-12-24 19:26:24.956324+00
43,2,2025-10-29,15:00:00,Santino Dandrea,1140800976,true,17000,15:30:00,1,2025-12-24 19:26:24.956324+00,,,,2025-12-24 19:26:24.956324+00
44,2,2025-10-30,10:30:00,Nicolas Baldesari,1126502740,true,21000,11:30:00,3,2025-12-24 19:26:24.956324+00,,,,2025-12-24 19:26:24.956324+00
45,1,2025-10-29,16:30:00,Francisco Bras Harriott,1167226192,true,17000,17:00:00,1,2025-12-24 19:26:24.956324+00,,,,2025-12-24 19:26:24.956324+00
48,2,2025-11-01,19:00:00,Seba,1111112222,false,,20:00:00,3,2025-12-24 19:26:24.956324+00,,,,2025-12-24 19:26:24.956324+00
49,1,2025-11-01,16:00:00,"Bruno Lorenzano ",1132012610,true,17000,16:30:00,1,2025-12-24 19:26:24.956324+00,,,,2025-12-24 19:26:24.956324+00
50,2,2025-10-29,17:00:00,Lucas de la Vega,1141670334,true,17000,17:30:00,1,2025-12-24 19:26:24.956324+00,,,,2025-12-24 19:26:24.956324+00
53,3,2025-11-01,15:00:00,Marcelo,1159498018,true,21000,16:00:00,3,2025-12-24 19:26:24.956324+00,,,,2025-12-24 19:26:24.956324+00
55,3,2025-10-29,17:00:00,pau,,true,17000,17:30:00,1,2025-12-24 19:26:24.956324+00,,,,2025-12-24 19:26:24.956324+00
56,1,2025-10-31,12:00:00,Benja levy,1167697336,true,17000,12:30:00,1,2025-12-24 19:26:24.956324+00,,,,2025-12-24 19:26:24.956324+00
57,3,2025-10-29,15:30:00,juanchi,,true,17000,16:00:00,1,2025-12-24 19:26:24.956324+00,,,,2025-12-24 19:26:24.956324+00
58,1,2025-10-30,13:00:00,Gregorio Pontiggia,1161839786,true,17000,13:30:00,1,2025-12-24 19:26:24.956324+00,,,,2025-12-24 19:26:24.956324+00
59,1,2025-10-30,12:00:00,Agus dodera,1150398159,true,17000,12:30:00,1,2025-12-24 19:26:24.956324+00,,,,2025-12-24 19:26:24.956324+00
60,2,2025-10-31,18:00:00,Yayu Cliente,1155554444,true,17000,18:30:00,1,2025-12-24 19:26:24.956324+00,,,,2025-12-24 19:26:24.956324+00
61,3,2025-11-01,16:30:00,Farid,1144445555,true,17000,17:00:00,1,2025-12-24 19:26:24.956324+00,,,,2025-12-24 19:26:24.956324+00
63,2,2025-10-30,15:00:00,horacio bruno,,true,10000,15:30:00,1,2025-12-24 19:26:24.956324+00,,,,2025-12-24 19:26:24.956324+00
64,2,2025-11-11,10:30:00,reservado,0000000000,false,,13:30:00,1,2025-12-24 19:26:24.956324+00,,,,2025-12-24 19:26:24.956324+00
65,2,2025-11-18,10:30:00,reservado,0000000000,false,,13:30:00,1,2025-12-24 19:26:24.956324+00,,,,2025-12-24 19:26:24.956324+00
66,2,2025-12-17,10:30:00,reservado,0000000000,false,,13:30:00,1,2025-12-24 19:26:24.956324+00,,,,2025-12-24 19:26:24.956324+00
68,2,2025-11-19,10:30:00,reservado,0000000000,false,,13:30:00,1,2025-12-24 19:26:24.956324+00,,,,2025-12-24 19:26:24.956324+00
70,2,2025-11-06,10:30:00,Nico baldesari,1132143214,true,21000,11:30:00,3,2025-12-24 19:26:24.956324+00,,,,2025-12-24 19:26:24.956324+00
71,2,2025-10-30,15:30:00,"Fede Ledesma ",1124092214,true,17000,16:00:00,1,2025-12-24 19:26:24.956324+00,,,,2025-12-24 19:26:24.956324+00
75,1,2025-10-30,12:30:00,reservado,0000000000,false,,13:00:00,1,2025-12-24 19:26:24.956324+00,,,,2025-12-24 19:26:24.956324+00
76,1,2025-10-30,15:00:00,reservado,0000000000,false,,15:30:00,1,2025-12-24 19:26:24.956324+00,,,,2025-12-24 19:26:24.956324+00
78,3,2025-10-30,12:30:00,fernando,21312413432,true,17000,13:00:00,1,2025-12-24 19:26:24.956324+00,,,,2025-12-24 19:26:24.956324+00
79,3,2025-10-30,12:00:00,fernando,31314864,true,17000,12:30:00,1,2025-12-24 19:26:24.956324+00,,,,2025-12-24 19:26:24.956324+00
80,1,2025-10-31,17:30:00,teo,,true,21000,18:00:00,1,2025-12-24 19:26:24.956324+00,,,,2025-12-24 19:26:24.956324+00
81,2,2025-10-31,17:00:00,joni,,true,17000,17:30:00,1,2025-12-24 19:26:24.956324+00,,,,2025-12-24 19:26:24.956324+00
82,1,2025-11-01,11:00:00,Matias Myma,1121687855,true,21000,12:00:00,3,2025-12-24 19:26:24.956324+00,,,,2025-12-24 19:26:24.956324+00
84,2,2025-10-30,17:00:00,Lucas Frias,166751794,true,21000,18:00:00,3,2025-12-24 19:26:24.956324+00,,,,2025-12-24 19:26:24.956324+00
85,1,2025-10-31,18:00:00,Luciano,1159649066,true,17000,18:30:00,1,2025-12-24 19:26:24.956324+00,,,,2025-12-24 19:26:24.956324+00
86,2,2025-10-30,18:00:00,Alejandro Fragalá,1133960717,true,21000,19:00:00,3,2025-12-24 19:26:24.956324+00,,,,2025-12-24 19:26:24.956324+00
87,1,2025-11-04,17:30:00,santi,1151753906,true,17000,18:00:00,1,2025-12-24 19:26:24.956324+00,,,,2025-12-24 19:26:24.956324+00
88,3,2025-10-31,12:00:00,"julian ",1137922002,true,17000,12:30:00,1,2025-12-24 19:26:24.956324+00,,,,2025-12-24 19:26:24.956324+00
89,3,2025-10-30,17:00:00,joaquin,1132146548,true,17000,17:30:00,1,2025-12-24 19:26:24.956324+00,,,,2025-12-24 19:26:24.956324+00
92,2,2025-10-31,11:00:00,Matías Vicente,1168684723,true,17000,11:30:00,1,2025-12-24 19:26:24.956324+00,,,,2025-12-24 19:26:24.956324+00
93,1,2025-10-31,13:00:00,reservado,0000000000,false,,13:30:00,1,2025-12-24 19:26:24.956324+00,,,,2025-12-24 19:26:24.956324+00
94,1,2025-10-31,11:30:00,reservado,0000000000,false,,12:00:00,1,2025-12-24 19:26:24.956324+00,,,,2025-12-24 19:26:24.956324+00
95,1,2025-10-31,16:30:00,Pedro Mario Bogado Benítez,1162086046,true,17000,17:00:00,1,2025-12-24 19:26:24.956324+00,,,,2025-12-24 19:26:24.956324+00
97,3,2025-10-31,13:00:00,felipe,,true,17000,13:30:00,1,2025-12-24 19:26:24.956324+00,,,,2025-12-24 19:26:24.956324+00
98,1,2025-11-04,18:30:00,Nicolas Gaido,1167226336,true,17000,19:00:00,1,2025-12-24 19:26:24.956324+00,,,,2025-12-24 19:26:24.956324+00
99,2,2025-10-31,15:00:00,Mark Miranda,1158954348,true,17000,16:00:00,3,2025-12-24 19:26:24.956324+00,,,,2025-12-24 19:26:24.956324+00
100,2,2025-11-01,10:30:00,"Cristian Sancricca ",1558969613,true,17000,11:00:00,1,2025-12-24 19:26:24.956324+00,,,,2025-12-24 19:26:24.956324+00
101,1,2025-11-01,15:00:00,Tomad di chiara,1139027851,true,17000,15:30:00,1,2025-12-24 19:26:24.956324+00,,,,2025-12-24 19:26:24.956324+00
102,2,2025-11-01,11:00:00,Dante Sancricca,1558969613,true,17000,11:30:00,5,2025-12-24 19:26:24.956324+00,,,,2025-12-24 19:26:24.956324+00
103,3,2025-10-31,15:00:00,Fede,1153865221,true,17000,15:30:00,1,2025-12-24 19:26:24.956324+00,,,,2025-12-24 19:26:24.956324+00
104,1,2025-10-31,15:30:00,Maturro,1162312699,true,17000,16:00:00,1,2025-12-24 19:26:24.956324+00,,,,2025-12-24 19:26:24.956324+00
105,2,2025-10-31,16:00:00,reservado,0000000000,false,,16:30:00,1,2025-12-24 19:26:24.956324+00,,,,2025-12-24 19:26:24.956324+00
107,1,2025-11-01,12:30:00,agus,24343434,true,17000,13:00:00,1,2025-12-24 19:26:24.956324+00,,,,2025-12-24 19:26:24.956324+00
108,2,2025-11-01,12:30:00,Alejandro Poluyan,1167935666,true,17000,13:00:00,1,2025-12-24 19:26:24.956324+00,,,,2025-12-24 19:26:24.956324+00
110,3,2025-11-01,10:30:00,sebastian,1167973180,true,21000,11:30:00,3,2025-12-24 19:26:24.956324+00,,,,2025-12-24 19:26:24.956324+00
112,3,2025-11-01,11:30:00,ERNESTO,11654846551,true,17000,12:00:00,1,2025-12-24 19:26:24.956324+00,,,,2025-12-24 19:26:24.956324+00
113,2,2025-11-05,17:00:00,Agustín Roisman,1158239712,true,17000,18:00:00,3,2025-12-24 19:26:24.956324+00,,,,2025-12-24 19:26:24.956324+00
115,2,2025-11-01,15:30:00,Luciano Strano,1133960717,true,17000,16:00:00,1,2025-12-24 19:26:24.956324+00,,,,2025-12-24 19:26:24.956324+00
116,2,2025-11-01,17:30:00,Nico Diedrichs,1123290680,true,17000,18:00:00,1,2025-12-24 19:26:24.956324+00,,,,2025-12-24 19:26:24.956324+00
117,1,2025-11-04,18:00:00,martin,,true,17000,18:30:00,1,2025-12-24 19:26:24.956324+00,,,,2025-12-24 19:26:24.956324+00
118,3,2025-11-01,18:00:00,puerta,,true,17000,18:30:00,1,2025-12-24 19:26:24.956324+00,,,,2025-12-24 19:26:24.956324+00
122,2,2025-11-07,15:00:00,Federico Conde,1158039075,true,21000,16:00:00,3,2025-12-24 19:26:24.956324+00,,,,2025-12-24 19:26:24.956324+00
124,1,2025-11-04,11:00:00,Fer Gilbert,1136061616,true,17000,11:30:00,1,2025-12-24 19:26:24.956324+00,,,,2025-12-24 19:26:24.956324+00
125,1,2025-11-05,18:00:00,"Mateo dodera ",1167272468,true,21000,19:00:00,3,2025-12-24 19:26:24.956324+00,,,,2025-12-24 19:26:24.956324+00
126,1,2025-11-07,16:00:00,Tomas Mendonca,1159135961,true,21000,17:00:00,3,2025-12-24 19:26:24.956324+00,,,,2025-12-24 19:26:24.956324+00
127,3,2025-11-04,18:30:00,Matias Sanin,1161416865,true,17000,19:00:00,5,2025-12-24 19:26:24.956324+00,,,,2025-12-24 19:26:24.956324+00
128,2,2025-11-05,16:00:00,Ezequiel daneri,1161637405,true,17000,16:30:00,1,2025-12-24 19:26:24.956324+00,,,,2025-12-24 19:26:24.956324+00
129,2,2025-11-04,15:30:00,Fermin jolis,1162674302,true,17000,16:00:00,1,2025-12-24 19:26:24.956324+00,,,,2025-12-24 19:26:24.956324+00
130,3,2025-11-04,19:00:00," fede",23131313478,true,21000,19:30:00,1,2025-12-24 19:26:24.956324+00,,,,2025-12-24 19:26:24.956324+00
131,1,2025-11-05,15:00:00,Benicio Gasparini,1167916728,true,17000,15:30:00,1,2025-12-24 19:26:24.956324+00,,,,2025-12-24 19:26:24.956324+00
132,2,2025-11-08,19:00:00,Jose maria schweizer,1160257332,true,17000,19:30:00,1,2025-12-24 19:26:24.956324+00,,,,2025-12-24 19:26:24.956324+00
136,1,2025-11-08,17:00:00,Jorge Costa,1161392079,true,21000,18:00:00,3,2025-12-24 19:26:24.956324+00,,,,2025-12-24 19:26:24.956324+00
137,1,2025-11-06,17:00:00,Martin Bergara,1166178760,true,17000,17:30:00,5,2025-12-24 19:26:24.956324+00,,,,2025-12-24 19:26:24.956324+00
139,2,2025-11-06,17:30:00,Hermano martin,13132131321231,true,17000,18:00:00,1,2025-12-24 19:26:24.956324+00,,,,2025-12-24 19:26:24.956324+00
141,1,2025-11-04,16:00:00,"Nicolás Grasso ",1122996333,true,21000,17:00:00,3,2025-12-24 19:26:24.956324+00,,,,2025-12-24 19:26:24.956324+00
142,1,2025-11-05,15:30:00,"Tomás D’Aversa ",1169608371,true,21000,16:30:00,3,2025-12-24 19:26:24.956324+00,,,,2025-12-24 19:26:24.956324+00
143,3,2025-11-04,17:00:00,nico davila,,true,17000,17:30:00,1,2025-12-24 19:26:24.956324+00,,,,2025-12-24 19:26:24.956324+00
144,2,2025-11-04,19:00:00,Luciano,11112323,true,17000,19:30:00,1,2025-12-24 19:26:24.956324+00,,,,2025-12-24 19:26:24.956324+00
146,2,2025-11-04,17:00:00,imanol,,true,17000,17:30:00,1,2025-12-24 19:26:24.956324+00,,,,2025-12-24 19:26:24.956324+00
147,2,2025-11-05,18:30:00,Bauti Flaquer,1155791471,true,17000,19:00:00,1,2025-12-24 19:26:24.956324+00,,,,2025-12-24 19:26:24.956324+00
149,2,2025-11-08,17:00:00,ignacio li santi,1132188865,true,17000,17:30:00,1,2025-12-24 19:26:24.956324+00,,,,2025-12-24 19:26:24.956324+00
150,2,2025-11-08,17:30:00,ignacio li santi,1132188865,true,17000,18:00:00,1,2025-12-24 19:26:24.956324+00,,,,2025-12-24 19:26:24.956324+00
151,2,2025-11-07,17:00:00,dante garay,1151525750,true,17000,17:30:00,1,2025-12-24 19:26:24.956324+00,,,,2025-12-24 19:26:24.956324+00
152,2,2025-11-05,15:00:00,Juan cruz ledesma,1162720636,true,17000,15:30:00,1,2025-12-24 19:26:24.956324+00,,,,2025-12-24 19:26:24.956324+00
154,2,2025-11-05,15:30:00,Juan Manuel Novo,1154145310,true,17000,16:00:00,1,2025-12-24 19:26:24.956324+00,,,,2025-12-24 19:26:24.956324+00
155,1,2025-11-05,16:30:00,daniel,123131313,true,17000,17:00:00,1,2025-12-24 19:26:24.956324+00,,,,2025-12-24 19:26:24.956324+00
156,1,2025-11-05,17:00:00,Tomás wolfram,1136632852,true,21000,18:00:00,3,2025-12-24 19:26:24.956324+00,,,,2025-12-24 19:26:24.956324+00
159,1,2025-11-07,17:00:00,"Federico De Santis ",1177169019,true,17000,17:30:00,1,2025-12-24 19:26:24.956324+00,,,,2025-12-24 19:26:24.956324+00
160,2,2025-11-05,19:00:00,Lucas garcia ballarati,1155699999,true,17000,19:30:00,1,2025-12-24 19:26:24.956324+00,,,,2025-12-24 19:26:24.956324+00
161,2,2025-11-05,18:00:00,Gianluca sibione,1158043916,true,17000,18:30:00,1,2025-12-24 19:26:24.956324+00,,,,2025-12-24 19:26:24.956324+00
162,2,2025-11-07,19:00:00,Nicolas ojeda,1164849781,true,21000,20:00:00,3,2025-12-24 19:26:24.956324+00,,,,2025-12-24 19:26:24.956324+00
163,1,2025-11-08,15:00:00,David Levy,1135693197,true,17000,15:30:00,1,2025-12-24 19:26:24.956324+00,,,,2025-12-24 19:26:24.956324+00
164,3,2025-11-06,17:00:00,sobrino martin,,true,17000,17:30:00,1,2025-12-24 19:26:24.956324+00,,,,2025-12-24 19:26:24.956324+00
165,1,2025-11-07,15:00:00,Julian Huber,1156690721,true,21000,16:00:00,3,2025-12-24 19:26:24.956324+00,,,,2025-12-24 19:26:24.956324+00
166,2,2025-11-06,16:30:00,Agustin Damico,1122579911,true,17000,17:00:00,1,2025-12-24 19:26:24.956324+00,,,,2025-12-24 19:26:24.956324+00
167,2,2025-11-07,16:00:00,horacio,,true,17000,16:30:00,1,2025-12-24 19:26:24.956324+00,,,,2025-12-24 19:26:24.956324+00
169,1,2025-11-06,18:00:00,Felipe,1167838146,true,17000,18:30:00,1,2025-12-24 19:26:24.956324+00,,,,2025-12-24 19:26:24.956324+00
172,3,2025-11-05,19:00:00,bladimir puerta,,true,17000,19:30:00,1,2025-12-24 19:26:24.956324+00,,,,2025-12-24 19:26:24.956324+00
173,2,2025-11-08,18:00:00,santino vernazza,1180591127,true,17000,18:30:00,1,2025-12-24 19:26:24.956324+00,,,,2025-12-24 19:26:24.956324+00
174,2,2025-11-06,11:30:00,Octavio Lambois,1150422330,true,17000,12:00:00,1,2025-12-24 19:26:24.956324+00,,,,2025-12-24 19:26:24.956324+00
176,1,2025-11-06,17:30:00,Juani Munter,1169700431,true,17000,18:00:00,1,2025-12-24 19:26:24.956324+00,,,,2025-12-24 19:26:24.956324+00
177,3,2025-11-06,18:00:00,puccio hilario,,true,17000,18:30:00,1,2025-12-24 19:26:24.956324+00,,,,2025-12-24 19:26:24.956324+00
178,1,2025-11-08,15:30:00,"Patricio maravert ",1134983232,true,17000,16:00:00,1,2025-12-24 19:26:24.956324+00,,,,2025-12-24 19:26:24.956324+00
179,1,2025-11-06,12:00:00,leandro,,true,21000,12:30:00,1,2025-12-24 19:26:24.956324+00,,,,2025-12-24 19:26:24.956324+00
181,3,2025-11-06,13:00:00,Valen Wachin,,true,17000,13:30:00,1,2025-12-24 19:26:24.956324+00,,,,2025-12-24 19:26:24.956324+00
182,2,2025-11-08,10:30:00,"Fernando ",1169435257,true,17000,11:00:00,1,2025-12-24 19:26:24.956324+00,,,,2025-12-24 19:26:24.956324+00
183,2,2025-11-08,11:00:00,"Nahuel ",1169435257,true,17000,11:30:00,1,2025-12-24 19:26:24.956324+00,,,,2025-12-24 19:26:24.956324+00
185,1,2025-11-06,18:30:00,Luca uriarte,1162833127,true,17000,19:00:00,1,2025-12-24 19:26:24.956324+00,,,,2025-12-24 19:26:24.956324+00
186,1,2025-11-06,19:00:00,FEDERICO FRUTOS,1126146441,true,17000,19:30:00,1,2025-12-24 19:26:24.956324+00,,,,2025-12-24 19:26:24.956324+00
188,3,2025-11-06,15:00:00,viej,,true,17000,15:30:00,1,2025-12-24 19:26:24.956324+00,,,,2025-12-24 19:26:24.956324+00
189,1,2025-11-06,16:00:00,Ignacio Estivill,1121652618,true,17000,16:30:00,1,2025-12-24 19:26:24.956324+00,,,,2025-12-24 19:26:24.956324+00
191,1,2025-11-08,11:00:00,"Tomás Mosquera ",1122454712,true,21000,12:00:00,3,2025-12-24 19:26:24.956324+00,,,,2025-12-24 19:26:24.956324+00
193,2,2025-11-07,18:00:00,Lucas Frías,166751794,true,21000,19:00:00,3,2025-12-24 19:26:24.956324+00,,,,2025-12-24 19:26:24.956324+00
194,2,2025-11-07,16:30:00,German Brandy,1167108872,true,17000,17:00:00,1,2025-12-24 19:26:24.956324+00,,,,2025-12-24 19:26:24.956324+00
195,1,2025-11-07,11:00:00,guido lorenzano,1141614825,true,17000,11:30:00,1,2025-12-24 19:26:24.956324+00,,,,2025-12-24 19:26:24.956324+00
196,2,2025-11-07,17:30:00,Evan Mac Allister,1505341625,true,17000,18:00:00,1,2025-12-24 19:26:24.956324+00,,,,2025-12-24 19:26:24.956324+00
197,2,2025-11-08,12:00:00,Mateo Perez Salvo,1138601347,true,17000,12:30:00,1,2025-12-24 19:26:24.956324+00,,,,2025-12-24 19:26:24.956324+00
198,1,2025-11-11,15:30:00,reservado,0000000000,false,,19:30:00,1,2025-12-24 19:26:24.956324+00,,,,2025-12-24 19:26:24.956324+00
199,3,2025-11-07,15:00:00,gorra,,true,17000,15:30:00,1,2025-12-24 19:26:24.956324+00,,,,2025-12-24 19:26:24.956324+00
201,1,2025-11-08,12:30:00,nicolas,,true,17000,13:00:00,1,2025-12-24 19:26:24.956324+00,,,,2025-12-24 19:26:24.956324+00
203,1,2025-11-07,17:30:00,felipe,,true,17000,18:00:00,1,2025-12-24 19:26:24.956324+00,,,,2025-12-24 19:26:24.956324+00
205,1,2025-11-07,18:00:00,Maxi,1153272654,true,17000,18:30:00,1,2025-12-24 19:26:24.956324+00,,,,2025-12-24 19:26:24.956324+00
206,3,2025-11-07,16:30:00,Santiago,,true,21000,17:00:00,1,2025-12-24 19:26:24.956324+00,,,,2025-12-24 19:26:24.956324+00
207,3,2025-11-07,15:30:00,"eliseo ",,true,17000,16:00:00,1,2025-12-24 19:26:24.956324+00,,,,2025-12-24 19:26:24.956324+00
212,1,2025-11-08,18:00:00,FRANCISCO BLANCO,1168212362,true,17000,18:30:00,1,2025-12-24 19:26:24.956324+00,,,,2025-12-24 19:26:24.956324+00
213,2,2025-11-08,15:30:00,Juan Carlos Chá Torea,1159497109,true,21000,16:30:00,3,2025-12-24 19:26:24.956324+00,,,,2025-12-24 19:26:24.956324+00
215,2,2025-11-08,11:30:00,Fernandl Rolla,1151656447,true,17000,12:00:00,1,2025-12-24 19:26:24.956324+00,,,,2025-12-24 19:26:24.956324+00
216,3,2025-11-08,18:30:00,thiago,,true,17000,19:00:00,1,2025-12-24 19:26:24.956324+00,,,,2025-12-24 19:26:24.956324+00
217,2,2025-11-08,15:00:00,"Javier camozzi ",3415328035,true,17000,15:30:00,1,2025-12-24 19:26:24.956324+00,,,,2025-12-24 19:26:24.956324+00
218,3,2025-11-08,16:00:00,"pablo ",,true,21000,17:00:00,3,2025-12-24 19:26:24.956324+00,,,,2025-12-24 19:26:24.956324+00
220,3,2025-11-08,19:00:00,rama,,true,17000,19:30:00,1,2025-12-24 19:26:24.956324+00,,,,2025-12-24 19:26:24.956324+00
221,1,2025-11-08,16:00:00,Bruno,1158511308,true,17000,16:30:00,1,2025-12-24 19:26:24.956324+00,,,,2025-12-24 19:26:24.956324+00
222,3,2025-11-08,17:00:00,cristina,,true,17000,17:30:00,1,2025-12-24 19:26:24.956324+00,,,,2025-12-24 19:26:24.956324+00
224,2,2025-11-11,16:00:00,Mark Miranda,1158954348,true,17000,17:00:00,3,2025-12-24 19:26:24.956324+00,,,,2025-12-24 19:26:24.956324+00
225,2,2025-12-13,12:00:00,"Manuel Carmona ",1139553393,true,17000,12:30:00,1,2025-12-24 19:26:24.956324+00,,,,2025-12-24 19:26:24.956324+00
231,2,2025-11-13,10:30:00,Nico baldesari,1122445566,true,21000,11:30:00,3,2025-12-24 19:26:24.956324+00,,,,2025-12-24 19:26:24.956324+00
232,2,2025-11-11,17:30:00,"Luca Holzknecht ",1122809544,true,17000,18:00:00,1,2025-12-24 19:26:24.956324+00,,,,2025-12-24 19:26:24.956324+00
233,3,2025-11-11,18:00:00,ignacio a nombre de sil,1162583926,true,17000,18:30:00,1,2025-12-24 19:26:24.956324+00,,,,2025-12-24 19:26:24.956324+00
234,3,2025-11-13,17:30:00,cristobal puccio,1161778100,true,17000,18:00:00,1,2025-12-24 19:26:24.956324+00,,,,2025-12-24 19:26:24.956324+00
235,3,2025-11-11,15:30:00,ignacio senador,1166266481,true,17000,16:00:00,1,2025-12-24 19:26:24.956324+00,,,,2025-12-24 19:26:24.956324+00
237,2,2025-11-13,17:30:00,titi batistella,1132024257,true,17000,18:00:00,1,2025-12-24 19:26:24.956324+00,,,,2025-12-24 19:26:24.956324+00
239,2,2025-11-13,15:00:00,Matias Klein,1159648482,true,17000,15:30:00,1,2025-12-24 19:26:24.956324+00,,,,2025-12-24 19:26:24.956324+00
241,1,2025-11-12,10:30:00,"Francisco ",1126430079,true,17000,11:00:00,1,2025-12-24 19:26:24.956324+00,,,,2025-12-24 19:26:24.956324+00
242,2,2025-11-11,18:00:00,Massimo,1156416270,true,17000,18:30:00,1,2025-12-24 19:26:24.956324+00,,,,2025-12-24 19:26:24.956324+00
243,2,2025-11-14,18:30:00,"Guido marroco ",1131600474,true,17000,19:00:00,1,2025-12-24 19:26:24.956324+00,,,,2025-12-24 19:26:24.956324+00
245,2,2025-11-14,13:00:00,Thadeo,1161844614,true,17000,13:30:00,1,2025-12-24 19:26:24.956324+00,,,,2025-12-24 19:26:24.956324+00
246,1,2025-11-12,18:30:00,juan tomas,1162755471,true,17000,19:00:00,1,2025-12-24 19:26:24.956324+00,,,,2025-12-24 19:26:24.956324+00
247,1,2025-11-12,17:00:00,Gianluca Labarile,1125732523,true,21000,18:00:00,3,2025-12-24 19:26:24.956324+00,,,,2025-12-24 19:26:24.956324+00
248,1,2025-11-12,11:30:00,"Jorge candia ",1159304532,true,17000,12:00:00,1,2025-12-24 19:26:24.956324+00,,,,2025-12-24 19:26:24.956324+00
252,1,2025-11-12,18:00:00,Flavio de Benedetti,1134755495,true,17000,18:30:00,1,2025-12-24 19:26:24.956324+00,,,,2025-12-24 19:26:24.956324+00
253,3,2025-11-11,18:30:00,juan pablo,,true,21000,19:30:00,3,2025-12-24 19:26:24.956324+00,,,,2025-12-24 19:26:24.956324+00
254,3,2025-11-12,12:00:00,gaston,,true,21000,13:00:00,3,2025-12-24 19:26:24.956324+00,,,,2025-12-24 19:26:24.956324+00
255,1,2025-11-12,16:00:00,Mateo estol,1167156100,true,17000,16:30:00,1,2025-12-24 19:26:24.956324+00,,,,2025-12-24 19:26:24.956324+00
256,1,2025-11-14,16:00:00,Federico Olivera,1158890445,true,17000,16:30:00,1,2025-12-24 19:26:24.956324+00,,,,2025-12-24 19:26:24.956324+00
257,1,2025-11-12,12:00:00,Cifu,1141696938,true,17000,12:30:00,1,2025-12-24 19:26:24.956324+00,,,,2025-12-24 19:26:24.956324+00
259,2,2025-11-12,13:00:00,Fede,1122334455,true,17000,13:30:00,1,2025-12-24 19:26:24.956324+00,,,,2025-12-24 19:26:24.956324+00
260,2,2025-11-12,10:30:00,reservado,0000000000,false,,12:30:00,1,2025-12-24 19:26:24.956324+00,,,,2025-12-24 19:26:24.956324+00
261,2,2025-11-12,19:00:00,Leon,1122334455,true,17000,19:30:00,1,2025-12-24 19:26:24.956324+00,,,,2025-12-24 19:26:24.956324+00
262,1,2025-11-12,13:00:00,Andres,1132918233,true,21000,14:00:00,3,2025-12-24 19:26:24.956324+00,,,,2025-12-24 19:26:24.956324+00
263,2,2025-11-12,17:00:00,Fran Polu,1122554466,true,17000,17:30:00,1,2025-12-24 19:26:24.956324+00,,,,2025-12-24 19:26:24.956324+00
264,3,2025-11-11,17:00:00,benjamin,1122334455,true,17000,17:30:00,1,2025-12-24 19:26:24.956324+00,,,,2025-12-24 19:26:24.956324+00
265,2,2025-11-12,12:30:00,reservar,0000000000,false,,13:00:00,1,2025-12-24 19:26:24.956324+00,,,,2025-12-24 19:26:24.956324+00
266,2,2025-11-11,18:30:00,Ernesto,1122445577,true,17000,19:00:00,1,2025-12-24 19:26:24.956324+00,,,,2025-12-24 19:26:24.956324+00
267,3,2025-11-14,18:00:00,Tomas,1156402975,true,17000,18:30:00,1,2025-12-24 19:26:24.956324+00,,,,2025-12-24 19:26:24.956324+00
268,2,2025-11-14,10:30:00,Matías Vicente Rua,1168684723,true,17000,11:00:00,1,2025-12-24 19:26:24.956324+00,,,,2025-12-24 19:26:24.956324+00
272,1,2025-11-13,17:30:00,Luciano Dodera,1159649066,true,17000,18:00:00,1,2025-12-24 19:26:24.956324+00,,,,2025-12-24 19:26:24.956324+00
273,1,2025-11-13,12:00:00,Agustín dodera,1150398159,true,17000,12:30:00,1,2025-12-24 19:26:24.956324+00,,,,2025-12-24 19:26:24.956324+00
274,2,2025-11-12,15:00:00,Martin cianni,1164070414,true,17000,15:30:00,1,2025-12-24 19:26:24.956324+00,,,,2025-12-24 19:26:24.956324+00
275,3,2025-11-12,18:30:00,nicolas.,32131313,true,17000,19:00:00,1,2025-12-24 19:26:24.956324+00,,,,2025-12-24 19:26:24.956324+00
276,2,2025-11-12,18:30:00,Victor Martini,1159963020,true,17000,19:00:00,1,2025-12-24 19:26:24.956324+00,,,,2025-12-24 19:26:24.956324+00
277,3,2025-11-12,19:00:00,gonzalo,45455455455,true,17000,19:30:00,1,2025-12-24 19:26:24.956324+00,,,,2025-12-24 19:26:24.956324+00
278,2,2025-11-12,18:00:00,Leonel Ghersi,1134925200,true,17000,18:30:00,1,2025-12-24 19:26:24.956324+00,,,,2025-12-24 19:26:24.956324+00
279,1,2025-11-15,10:30:00,Federico Falotico,1158678400,true,17000,11:00:00,1,2025-12-24 19:26:24.956324+00,,,,2025-12-24 19:26:24.956324+00
281,1,2025-11-15,11:00:00,Franco Moiana,1150954648,true,17000,11:30:00,1,2025-12-24 19:26:24.956324+00,,,,2025-12-24 19:26:24.956324+00
282,1,2025-11-15,11:30:00,Camilo Walker,1150954648,true,17000,12:00:00,1,2025-12-24 19:26:24.956324+00,,,,2025-12-24 19:26:24.956324+00
283,3,2025-11-12,18:00:00,valentin,,true,17000,18:30:00,1,2025-12-24 19:26:24.956324+00,,,,2025-12-24 19:26:24.956324+00
285,1,2025-11-13,16:00:00,"Axel González ",1164104106,true,17000,16:30:00,1,2025-12-24 19:26:24.956324+00,,,,2025-12-24 19:26:24.956324+00
287,2,2025-11-13,18:30:00,Fede arrigyo,1138936539,true,17000,19:00:00,1,2025-12-24 19:26:24.956324+00,,,,2025-12-24 19:26:24.956324+00
288,2,2025-11-13,15:30:00,"Martino ",1153873466,true,17000,16:00:00,1,2025-12-24 19:26:24.956324+00,,,,2025-12-24 19:26:24.956324+00
289,2,2025-11-13,11:30:00,Facundo Iskandarani,1164105626,true,17000,12:00:00,1,2025-12-24 19:26:24.956324+00,,,,2025-12-24 19:26:24.956324+00
290,1,2025-11-15,15:30:00,"Nahuel  noguera ",1132136910,true,21000,16:30:00,3,2025-12-24 19:26:24.956324+00,,,,2025-12-24 19:26:24.956324+00
292,1,2025-11-14,18:00:00,Cai,1122955113,true,17000,18:30:00,1,2025-12-24 19:26:24.956324+00,,,,2025-12-24 19:26:24.956324+00
293,3,2025-11-13,12:00:00,Lautaro,,true,17000,12:30:00,1,2025-12-24 19:26:24.956324+00,,,,2025-12-24 19:26:24.956324+00
295,1,2025-11-13,16:30:00,Tomas,1169608371,true,21000,17:30:00,3,2025-12-24 19:26:24.956324+00,,,,2025-12-24 19:26:24.956324+00
296,2,2025-11-13,17:00:00,"Martín ",62714575,true,17000,17:30:00,1,2025-12-24 19:26:24.956324+00,,,,2025-12-24 19:26:24.956324+00
297,1,2025-11-13,11:30:00,"Santiago González ",1126430079,true,17000,12:00:00,1,2025-12-24 19:26:24.956324+00,,,,2025-12-24 19:26:24.956324+00
300,1,2025-11-14,15:30:00,Nicolás Cacetta,1136547777,true,17000,16:00:00,1,2025-12-24 19:26:24.956324+00,,,,2025-12-24 19:26:24.956324+00
301,3,2025-11-14,19:00:00,nico davila,,true,17000,19:30:00,1,2025-12-24 19:26:24.956324+00,,,,2025-12-24 19:26:24.956324+00
302,1,2025-11-14,17:00:00,roberto,,true,17000,17:30:00,1,2025-12-24 19:26:24.956324+00,,,,2025-12-24 19:26:24.956324+00
303,1,2025-11-13,18:00:00,tomas,,true,17000,18:30:00,5,2025-12-24 19:26:24.956324+00,,,,2025-12-24 19:26:24.956324+00
306,2,2025-11-13,19:00:00,Jorge Renosto,1167809628,true,17000,19:30:00,1,2025-12-24 19:26:24.956324+00,,,,2025-12-24 19:26:24.956324+00
307,1,2025-11-15,12:00:00,nacho goldmann,1155926103,true,17000,12:30:00,1,2025-12-24 19:26:24.956324+00,,,,2025-12-24 19:26:24.956324+00
309,2,2025-11-14,17:00:00,Jonathan zagni,1558893746,true,17000,17:30:00,1,2025-12-24 19:26:24.956324+00,,,,2025-12-24 19:26:24.956324+00
310,2,2025-11-14,16:30:00,Franco Siciliano,1136303335,true,17000,17:00:00,1,2025-12-24 19:26:24.956324+00,,,,2025-12-24 19:26:24.956324+00
311,2,2025-11-13,16:00:00,"Theo Pejacsevich ",1160201053,true,17000,16:30:00,1,2025-12-24 19:26:24.956324+00,,,,2025-12-24 19:26:24.956324+00
312,3,2025-11-13,15:00:00,leo,,true,17000,15:30:00,1,2025-12-24 19:26:24.956324+00,,,,2025-12-24 19:26:24.956324+00
314,1,2025-11-14,13:00:00,"Federico Bonilla ",1567468929,true,17000,13:30:00,1,2025-12-24 19:26:24.956324+00,,,,2025-12-24 19:26:24.956324+00
315,2,2025-11-13,18:00:00,Felipe Bagnatto,1131342275,true,17000,18:30:00,1,2025-12-24 19:26:24.956324+00,,,,2025-12-24 19:26:24.956324+00
319,3,2025-11-13,18:00:00,pedro,,true,17000,18:30:00,1,2025-12-24 19:26:24.956324+00,,,,2025-12-24 19:26:24.956324+00
320,1,2025-11-14,11:00:00,Bautista Estivill,1121645289,true,17000,11:30:00,1,2025-12-24 19:26:24.956324+00,,,,2025-12-24 19:26:24.956324+00
322,1,2025-11-14,11:30:00,Facundo Longo,1134795826,true,17000,12:00:00,1,2025-12-24 19:26:24.956324+00,,,,2025-12-24 19:26:24.956324+00
323,2,2025-11-14,17:30:00,"Sebastian Molinari ",1167973180,true,21000,18:00:00,2,2025-12-24 19:26:24.956324+00,,,,2025-12-24 19:26:24.956324+00
326,2,2025-11-20,17:30:00,agustín grosso,1159241533,true,17000,18:00:00,1,2025-12-24 19:26:24.956324+00,,,,2025-12-24 19:26:24.956324+00
327,3,2025-11-14,18:30:00,german,213123131,true,17000,19:00:00,1,2025-12-24 19:26:24.956324+00,,,,2025-12-24 19:26:24.956324+00
328,3,2025-11-14,12:30:00,santiago,,true,21000,13:30:00,3,2025-12-24 19:26:24.956324+00,,,,2025-12-24 19:26:24.956324+00
329,2,2025-11-15,17:00:00,Gianluca Vernazza,1165861050,true,17000,17:30:00,1,2025-12-24 19:26:24.956324+00,,,,2025-12-24 19:26:24.956324+00
330,2,2025-11-14,16:00:00,miyer,,true,17000,16:30:00,1,2025-12-24 19:26:24.956324+00,,,,2025-12-24 19:26:24.956324+00
332,2,2025-11-14,19:00:00,"Seba el peronista ",1138590613,true,21000,20:00:00,3,2025-12-24 19:26:24.956324+00,,,,2025-12-24 19:26:24.956324+00
333,2,2025-11-14,15:30:00,"Joaquín chamorro ",1121844264,true,17000,16:00:00,1,2025-12-24 19:26:24.956324+00,,,,2025-12-24 19:26:24.956324+00
334,1,2025-11-21,17:00:00,Gianluca Labarile,1125732523,true,21000,18:00:00,3,2025-12-24 19:26:24.956324+00,,,,2025-12-24 19:26:24.956324+00
336,2,2025-11-15,11:00:00,juani,,true,17000,11:30:00,1,2025-12-24 19:26:24.956324+00,,,,2025-12-24 19:26:24.956324+00
338,2,2025-11-15,10:30:00,Lucas Frias,166751794,true,21000,11:00:00,1,2025-12-24 19:26:24.956324+00,,,,2025-12-24 19:26:24.956324+00
340,1,2025-11-15,18:00:00,lucho,,true,17000,18:30:00,1,2025-12-24 19:26:24.956324+00,,,,2025-12-24 19:26:24.956324+00
343,2,2025-11-19,15:00:00,El fefe,1234567895,true,17000,15:30:00,1,2025-12-24 19:26:24.956324+00,,,,2025-12-24 19:26:24.956324+00
344,3,2025-11-15,17:00:00,benjamin donegana,,true,17000,17:30:00,1,2025-12-24 19:26:24.956324+00,,,,2025-12-24 19:26:24.956324+00
345,3,2025-11-15,16:30:00,Facundo donegana,,true,17000,17:00:00,1,2025-12-24 19:26:24.956324+00,,,,2025-12-24 19:26:24.956324+00
346,2,2025-11-15,11:30:00,nicolas,,true,17000,12:00:00,1,2025-12-24 19:26:24.956324+00,,,,2025-12-24 19:26:24.956324+00
349,3,2025-11-15,12:00:00,"chino ",,true,17000,12:30:00,1,2025-12-24 19:26:24.956324+00,,,,2025-12-24 19:26:24.956324+00
350,2,2025-11-15,19:00:00,Jose maria schweizer,1160257332,true,17000,19:30:00,1,2025-12-24 19:26:24.956324+00,,,,2025-12-24 19:26:24.956324+00
353,1,2025-12-23,18:00:00,Cai,1122955113,true,17000,18:30:00,1,2025-12-24 19:26:24.956324+00,,,,2025-12-24 19:26:24.956324+00
354,1,2025-12-30,12:00:00,Cai,1122955113,true,17000,12:30:00,1,2025-12-24 19:26:24.956324+00,,,,2025-12-24 19:26:24.956324+00
355,2,2025-11-18,17:30:00,"Jeronimo Ragonese ",1134332886,true,17000,18:00:00,1,2025-12-24 19:26:24.956324+00,,,,2025-12-24 19:26:24.956324+00
356,3,2025-11-18,18:00:00,rodri,,true,17000,18:30:00,1,2025-12-24 19:26:24.956324+00,,,,2025-12-24 19:26:24.956324+00
357,3,2025-11-15,18:00:00,puerta,,true,17000,18:30:00,1,2025-12-24 19:26:24.956324+00,,,,2025-12-24 19:26:24.956324+00
358,2,2025-11-18,16:30:00,Rodri larre,1130403257,true,17000,17:00:00,1,2025-12-24 19:26:24.956324+00,,,,2025-12-24 19:26:24.956324+00
359,1,2025-11-18,12:30:00,Ramiro nasif,1122518748,true,21000,13:30:00,3,2025-12-24 19:26:24.956324+00,,,,2025-12-24 19:26:24.956324+00
360,2,2025-11-20,16:30:00,Federico Conde,1158039075,true,21000,17:30:00,3,2025-12-24 19:26:24.956324+00,,,,2025-12-24 19:26:24.956324+00
361,1,2025-11-19,13:00:00,Ramiro Lukezic,1163368573,true,17000,13:30:00,1,2025-12-24 19:26:24.956324+00,,,,2025-12-24 19:26:24.956324+00
362,1,2025-11-18,17:30:00,Cristian Anzaldo,1168272839,true,17000,18:00:00,1,2025-12-24 19:26:24.956324+00,,,,2025-12-24 19:26:24.956324+00
365,1,2025-11-18,18:00:00,reserva,0000000000,false,,19:30:00,1,2025-12-24 19:26:24.956324+00,,,,2025-12-24 19:26:24.956324+00
369,2,2025-11-20,18:00:00,juani martin,,true,17000,18:30:00,1,2025-12-24 19:26:24.956324+00,,,,2025-12-24 19:26:24.956324+00
370,3,2025-11-18,18:30:00,manu torrente,,true,17000,19:00:00,1,2025-12-24 19:26:24.956324+00,,,,2025-12-24 19:26:24.956324+00
371,3,2025-11-18,16:30:00,martin,,true,17000,17:00:00,1,2025-12-24 19:26:24.956324+00,,,,2025-12-24 19:26:24.956324+00
373,2,2025-11-18,18:30:00,"Hernan ",167060890,true,17000,19:00:00,1,2025-12-24 19:26:24.956324+00,,,,2025-12-24 19:26:24.956324+00
374,2,2025-11-19,16:00:00,jose,,true,17000,16:30:00,1,2025-12-24 19:26:24.956324+00,,,,2025-12-24 19:26:24.956324+00
375,2,2025-11-19,16:30:00,Tuti Gelormini,1165016970,true,21000,17:30:00,3,2025-12-24 19:26:24.956324+00,,,,2025-12-24 19:26:24.956324+00
376,2,2025-11-19,17:30:00,"Juan Cruz Schattenhofer ",1160515530,true,17000,18:00:00,1,2025-12-24 19:26:24.956324+00,,,,2025-12-24 19:26:24.956324+00
378,2,2025-11-21,15:30:00,tomas batistella,1160003483,true,17000,16:00:00,1,2025-12-24 19:26:24.956324+00,,,,2025-12-24 19:26:24.956324+00
379,1,2025-11-19,17:30:00,Juan Cruz Cristófalo,1562733394,true,21000,18:30:00,3,2025-12-24 19:26:24.956324+00,,,,2025-12-24 19:26:24.956324+00
380,1,2025-11-19,18:30:00,Tomás wolfram,1136632852,true,21000,19:30:00,3,2025-12-24 19:26:24.956324+00,,,,2025-12-24 19:26:24.956324+00
381,2,2025-11-21,16:00:00,Tadeo Breuning,1123125926,true,17000,16:30:00,1,2025-12-24 19:26:24.956324+00,,,,2025-12-24 19:26:24.956324+00
382,2,2025-11-20,18:30:00,san ti boludo,,true,17000,19:00:00,1,2025-12-24 19:26:24.956324+00,,,,2025-12-24 19:26:24.956324+00
383,1,2025-11-21,15:00:00,"Tomas Mendonca ",1159135961,true,21000,16:00:00,3,2025-12-24 19:26:24.956324+00,,,,2025-12-24 19:26:24.956324+00
385,3,2025-11-18,19:00:00,pablo,,true,17000,19:30:00,1,2025-12-24 19:26:24.956324+00,,,,2025-12-24 19:26:24.956324+00
386,2,2025-11-19,15:30:00,bauti,,true,21000,16:00:00,1,2025-12-24 19:26:24.956324+00,,,,2025-12-24 19:26:24.956324+00
388,1,2025-11-20,18:00:00,agus,,true,17000,18:30:00,1,2025-12-24 19:26:24.956324+00,,,,2025-12-24 19:26:24.956324+00
390,2,2025-11-19,18:00:00,coco,,true,21000,19:00:00,3,2025-12-24 19:26:24.956324+00,,,,2025-12-24 19:26:24.956324+00
391,3,2025-11-19,15:00:00,gonza,,true,17000,15:30:00,1,2025-12-24 19:26:24.956324+00,,,,2025-12-24 19:26:24.956324+00
392,2,2025-11-18,19:00:00,Lucas,,true,17000,19:30:00,1,2025-12-24 19:26:24.956324+00,,,,2025-12-24 19:26:24.956324+00
394,2,2025-11-21,13:00:00,Nikolas Kerz,1523861964,true,17000,13:30:00,1,2025-12-24 19:26:24.956324+00,,,,2025-12-24 19:26:24.956324+00
396,2,2025-11-21,12:30:00,Tomas Miranda,1128474900,true,17000,13:00:00,1,2025-12-24 19:26:24.956324+00,,,,2025-12-24 19:26:24.956324+00
397,2,2025-11-20,15:30:00,"Theo ",1125293903,true,17000,16:00:00,1,2025-12-24 19:26:24.956324+00,,,,2025-12-24 19:26:24.956324+00
399,2,2025-11-19,19:00:00,diego frutos,1169733928,true,17000,19:30:00,1,2025-12-24 19:26:24.956324+00,,,,2025-12-24 19:26:24.956324+00
403,1,2025-11-19,15:00:00,"Nicolás Grasso ",1122996333,true,21000,16:00:00,3,2025-12-24 19:26:24.956324+00,,,,2025-12-24 19:26:24.956324+00
404,1,2025-11-21,10:30:00,juanchi parrado,1167426777,true,17000,11:00:00,1,2025-12-24 19:26:24.956324+00,,,,2025-12-24 19:26:24.956324+00
405,3,2025-11-20,16:00:00,thiago,,true,17000,16:30:00,1,2025-12-24 19:26:24.956324+00,,,,2025-12-24 19:26:24.956324+00
406,2,2025-11-20,19:00:00,Francisco Diedrichs,1140860207,true,17000,19:30:00,1,2025-12-24 19:26:24.956324+00,,,,2025-12-24 19:26:24.956324+00
408,3,2025-11-22,15:00:00,bautista,,true,17000,15:30:00,1,2025-12-24 19:26:24.956324+00,,,,2025-12-24 19:26:24.956324+00
409,3,2025-11-19,19:00:00,"Jonatan Marconcini ",1138210686,true,17000,19:30:00,1,2025-12-24 19:26:24.956324+00,,,,2025-12-24 19:26:24.956324+00
410,2,2025-11-20,13:00:00,"Lucas frias ",166751794,true,21000,13:30:00,1,2025-12-24 19:26:24.956324+00,,,,2025-12-24 19:26:24.956324+00
412,2,2025-11-20,11:30:00,Fausto Antonelli,1155656106,true,17000,12:00:00,1,2025-12-24 19:26:24.956324+00,,,,2025-12-24 19:26:24.956324+00
413,1,2025-11-22,12:00:00,Juan Manuel Ottaviano,1127195413,true,17000,12:30:00,1,2025-12-24 19:26:24.956324+00,,,,2025-12-24 19:26:24.956324+00
415,2,2025-11-21,11:30:00,Fermín Bray,1157997986,true,17000,12:00:00,1,2025-12-24 19:26:24.956324+00,,,,2025-12-24 19:26:24.956324+00
418,3,2025-11-22,12:30:00,Martino Gurny,1155242703,true,17000,13:00:00,1,2025-12-24 19:26:24.956324+00,,,,2025-12-24 19:26:24.956324+00
419,2,2025-11-22,12:00:00,Pablo,,true,21000,12:30:00,1,2025-12-24 19:26:24.956324+00,,,,2025-12-24 19:26:24.956324+00
420,1,2025-11-20,16:00:00,matte,,true,17000,16:30:00,1,2025-12-24 19:26:24.956324+00,,,,2025-12-24 19:26:24.956324+00
421,3,2025-11-19,17:30:00,pupi,,true,10,18:00:00,4,2025-12-24 19:26:24.956324+00,,,,2025-12-24 19:26:24.956324+00
422,2,2025-11-21,12:00:00,dante garay,1151525750,true,17000,12:30:00,1,2025-12-24 19:26:24.956324+00,,,,2025-12-24 19:26:24.956324+00
426,1,2025-11-21,12:00:00,Julian Huber,1156690721,true,21000,13:00:00,3,2025-12-24 19:26:24.956324+00,,,,2025-12-24 19:26:24.956324+00
427,1,2025-11-21,11:00:00,Iván Hirsch,1165280396,true,17000,12:00:00,3,2025-12-24 19:26:24.956324+00,,,,2025-12-24 19:26:24.956324+00
429,1,2025-11-20,19:00:00,Matias Carrete,1162312699,true,17000,19:30:00,1,2025-12-24 19:26:24.956324+00,,,,2025-12-24 19:26:24.956324+00
430,1,2025-11-22,15:00:00,FRANCISCO BLANCO,1168212362,true,17000,15:30:00,1,2025-12-24 19:26:24.956324+00,,,,2025-12-24 19:26:24.956324+00
432,2,2025-11-22,17:00:00,feriado,0000000000,false,,19:30:00,1,2025-12-24 19:26:24.956324+00,,,,2025-12-24 19:26:24.956324+00
434,2,2025-11-20,12:00:00,Nico,,true,17000,12:30:00,1,2025-12-24 19:26:24.956324+00,,,,2025-12-24 19:26:24.956324+00
435,3,2025-11-20,15:00:00,Mariano pose,,true,17000,15:30:00,1,2025-12-24 19:26:24.956324+00,,,,2025-12-24 19:26:24.956324+00
436,1,2025-11-22,15:30:00,theo,,true,21000,16:00:00,1,2025-12-24 19:26:24.956324+00,,,,2025-12-24 19:26:24.956324+00
437,2,2025-11-25,17:30:00,"sebastian millet ",,true,17000,18:00:00,1,2025-12-24 19:26:24.956324+00,,,,2025-12-24 19:26:24.956324+00
438,3,2025-11-20,13:00:00,turno,,true,10000,13:30:00,1,2025-12-24 19:26:24.956324+00,,,,2025-12-24 19:26:24.956324+00
439,2,2025-11-22,15:00:00,Nicolas Ojeda,1164849781,true,17000,15:30:00,1,2025-12-24 19:26:24.956324+00,,,,2025-12-24 19:26:24.956324+00
440,1,2025-11-20,12:30:00,felipe,,true,17000,13:00:00,1,2025-12-24 19:26:24.956324+00,,,,2025-12-24 19:26:24.956324+00
443,2,2025-11-20,15:00:00,"Mark Miranda ",1158954348,true,17000,15:30:00,1,2025-12-24 19:26:24.956324+00,,,,2025-12-24 19:26:24.956324+00
446,1,2025-11-20,17:00:00,axel,,true,17000,17:30:00,1,2025-12-24 19:26:24.956324+00,,,,2025-12-24 19:26:24.956324+00
447,1,2025-11-22,11:00:00,Nico Cejas,1138431853,true,21000,12:00:00,3,2025-12-24 19:26:24.956324+00,,,,2025-12-24 19:26:24.956324+00
448,1,2025-11-22,13:00:00,Matias Myma,1121687855,true,21000,14:00:00,3,2025-12-24 19:26:24.956324+00,,,,2025-12-24 19:26:24.956324+00
450,1,2025-11-21,16:30:00,Francisco Grippo,1138301019,true,17000,17:00:00,1,2025-12-24 19:26:24.956324+00,,,,2025-12-24 19:26:24.956324+00
451,2,2025-11-20,16:00:00,luca,,true,17000,16:30:00,1,2025-12-24 19:26:24.956324+00,,,,2025-12-24 19:26:24.956324+00
452,3,2025-11-20,18:30:00,fede,,true,17000,19:00:00,1,2025-12-24 19:26:24.956324+00,,,,2025-12-24 19:26:24.956324+00
453,2,2025-11-21,15:00:00,Gian Sibione,1158043916,true,17000,15:30:00,1,2025-12-24 19:26:24.956324+00,,,,2025-12-24 19:26:24.956324+00
454,2,2025-11-21,10:30:00,Lucke garcia,1135731438,true,17000,11:00:00,1,2025-12-24 19:26:24.956324+00,,,,2025-12-24 19:26:24.956324+00
456,1,2025-11-21,18:00:00,Tomas di chiara,1139027851,true,17000,18:30:00,1,2025-12-24 19:26:24.956324+00,,,,2025-12-24 19:26:24.956324+00
457,3,2025-11-21,12:00:00,"Nicolás Molinari ",1167973180,true,17000,12:30:00,5,2025-12-24 19:26:24.956324+00,,,,2025-12-24 19:26:24.956324+00
458,2,2025-11-21,11:00:00,fernando,,true,17000,11:30:00,1,2025-12-24 19:26:24.956324+00,,,,2025-12-24 19:26:24.956324+00
461,3,2025-11-21,13:00:00,puerta,,true,17000,13:30:00,1,2025-12-24 19:26:24.956324+00,,,,2025-12-24 19:26:24.956324+00
462,3,2025-11-21,19:00:00,"federico ",,true,21000,20:00:00,3,2025-12-24 19:26:24.956324+00,,,,2025-12-24 19:26:24.956324+00
463,1,2025-11-25,17:00:00,"santiago ",91151753906,true,17000,17:30:00,1,2025-12-24 19:26:24.956324+00,,,,2025-12-24 19:26:24.956324+00
464,2,2025-11-22,11:00:00,paula,,true,17000,11:30:00,1,2025-12-24 19:26:24.956324+00,,,,2025-12-24 19:26:24.956324+00
466,3,2025-11-22,17:00:00,reservado,0000000000,false,,19:30:00,1,2025-12-24 19:26:24.956324+00,,,,2025-12-24 19:26:24.956324+00
467,3,2025-11-21,18:00:00,jorge,,true,17000,18:30:00,1,2025-12-24 19:26:24.956324+00,,,,2025-12-24 19:26:24.956324+00
470,2,2025-11-22,13:00:00,Seba,1153885736,true,27000,14:00:00,3,2025-12-24 19:26:24.956324+00,,,,2025-12-24 19:26:24.956324+00
472,3,2025-11-22,16:30:00,franco,,true,17000,17:00:00,1,2025-12-24 19:26:24.956324+00,,,,2025-12-24 19:26:24.956324+00
474,1,2025-11-22,17:00:00,feriado,0000000000,false,,19:30:00,1,2025-12-24 19:26:24.956324+00,,,,2025-12-24 19:26:24.956324+00
475,1,2025-11-22,16:30:00,pato,,true,17000,17:00:00,1,2025-12-24 19:26:24.956324+00,,,,2025-12-24 19:26:24.956324+00
476,2,2025-11-22,11:30:00,Juan moirano,1133449265,true,17000,12:00:00,1,2025-12-24 19:26:24.956324+00,,,,2025-12-24 19:26:24.956324+00
477,3,2025-11-25,11:00:00,guido,,true,17000,11:30:00,1,2025-12-24 19:26:24.956324+00,,,,2025-12-24 19:26:24.956324+00
478,3,2025-11-22,13:00:00,martino,,true,17000,13:30:00,1,2025-12-24 19:26:24.956324+00,,,,2025-12-24 19:26:24.956324+00
480,3,2025-11-22,15:30:00,"jonhatan ",,true,17000,16:00:00,1,2025-12-24 19:26:24.956324+00,,,,2025-12-24 19:26:24.956324+00
481,2,2025-11-22,15:30:00,paul,,true,17000,16:00:00,1,2025-12-24 19:26:24.956324+00,,,,2025-12-24 19:26:24.956324+00
482,2,2025-11-25,19:00:00,German Brandy,1167108872,true,17000,19:30:00,1,2025-12-24 19:26:24.956324+00,,,,2025-12-24 19:26:24.956324+00
483,1,2025-11-26,10:30:00,Reservado,0000000000,false,,19:30:00,1,2025-12-24 19:26:24.956324+00,,,,2025-12-24 19:26:24.956324+00
484,2,2025-11-26,12:30:00,Juan Manuel Novo,1154145310,true,17000,13:00:00,1,2025-12-24 19:26:24.956324+00,,,,2025-12-24 19:26:24.956324+00
485,2,2025-11-27,10:30:00,"Nico baldesari ",1234567890,true,21000,11:30:00,3,2025-12-24 19:26:24.956324+00,,,,2025-12-24 19:26:24.956324+00
487,1,2025-11-27,10:30:00,mateo cristofalo,,true,21000,11:00:00,1,2025-12-24 19:26:24.956324+00,,,,2025-12-24 19:26:24.956324+00
491,2,2025-11-25,15:00:00,Mariano Cianni,1164071911,true,17000,15:30:00,1,2025-12-24 19:26:24.956324+00,,,,2025-12-24 19:26:24.956324+00
495,2,2025-11-25,10:30:00,reserva,0000000000,false,,13:30:00,1,2025-12-24 19:26:24.956324+00,,,,2025-12-24 19:26:24.956324+00
496,2,2025-11-26,10:30:00,reserva,0000000000,false,,12:00:00,1,2025-12-24 19:26:24.956324+00,,,,2025-12-24 19:26:24.956324+00
498,1,2025-11-25,11:30:00,laucha,,true,21000,12:30:00,3,2025-12-24 19:26:24.956324+00,,,,2025-12-24 19:26:24.956324+00
499,3,2025-11-25,12:00:00,gonzalo,,true,17000,12:30:00,1,2025-12-24 19:26:24.956324+00,,,,2025-12-24 19:26:24.956324+00
500,1,2025-11-25,15:30:00,"Tomás D’Aversa ",1169608371,true,21000,16:30:00,3,2025-12-24 19:26:24.956324+00,,,,2025-12-24 19:26:24.956324+00
501,3,2025-11-26,18:00:00,santi,,true,17000,18:30:00,1,2025-12-24 19:26:24.956324+00,,,,2025-12-24 19:26:24.956324+00
503,3,2025-11-25,17:00:00,vecina,,true,17000,17:30:00,1,2025-12-24 19:26:24.956324+00,,,,2025-12-24 19:26:24.956324+00
504,1,2025-11-27,15:00:00,Nicolás Ferrari,1138450000,true,17000,15:30:00,1,2025-12-24 19:26:24.956324+00,,,,2025-12-24 19:26:24.956324+00
505,2,2025-11-27,12:00:00,Juan Iskandarani,1133491708,true,17000,12:30:00,1,2025-12-24 19:26:24.956324+00,,,,2025-12-24 19:26:24.956324+00
507,2,2025-12-02,10:30:00,reservado,0000000000,false,,13:30:00,1,2025-12-24 19:26:24.956324+00,,,,2025-12-24 19:26:24.956324+00
508,2,2025-12-03,10:30:00,resewrvado,0000000000,false,,13:30:00,1,2025-12-24 19:26:24.956324+00,,,,2025-12-24 19:26:24.956324+00
509,2,2025-12-09,10:30:00,reservado,0000000000,false,,13:30:00,1,2025-12-24 19:26:24.956324+00,,,,2025-12-24 19:26:24.956324+00
511,1,2025-11-25,17:30:00,javier,,true,17000,18:00:00,1,2025-12-24 19:26:24.956324+00,,,,2025-12-24 19:26:24.956324+00
512,1,2025-11-27,11:00:00,"Axel González ",1164104106,true,17000,11:30:00,1,2025-12-24 19:26:24.956324+00,,,,2025-12-24 19:26:24.956324+00
513,1,2025-12-03,12:00:00,Benjamin,1167697336,true,17000,12:30:00,1,2025-12-24 19:26:24.956324+00,,,,2025-12-24 19:26:24.956324+00
515,2,2025-11-26,13:00:00,Lucas Garcia Ballarati,1155699999,true,17000,13:30:00,1,2025-12-24 19:26:24.956324+00,,,,2025-12-24 19:26:24.956324+00
517,2,2025-11-26,15:00:00,juan ledesma,,true,17000,15:30:00,1,2025-12-24 19:26:24.956324+00,,,,2025-12-24 19:26:24.956324+00
518,3,2025-11-28,12:00:00,alejandro,,false,,12:30:00,1,2025-12-24 19:26:24.956324+00,,,,2025-12-24 19:26:24.956324+00
520,3,2025-11-27,18:30:00,nicolas,,false,,19:00:00,1,2025-12-24 19:26:24.956324+00,,,,2025-12-24 19:26:24.956324+00
521,1,2025-11-27,17:30:00,Luciano Dodera,1159649066,true,17000,18:00:00,1,2025-12-24 19:26:24.956324+00,,,,2025-12-24 19:26:24.956324+00
522,2,2025-11-26,15:30:00,Tomas Sanin,1161416865,true,17000,16:00:00,1,2025-12-24 19:26:24.956324+00,,,,2025-12-24 19:26:24.956324+00
523,1,2025-11-27,18:30:00,Mateo Dodera,1167272468,true,21000,19:30:00,3,2025-12-24 19:26:24.956324+00,,,,2025-12-24 19:26:24.956324+00
524,3,2025-11-26,19:00:00,gonza,,true,17000,19:30:00,1,2025-12-24 19:26:24.956324+00,,,,2025-12-24 19:26:24.956324+00
526,1,2025-11-28,13:00:00,Gregorio pontiggia,1161839786,true,21000,14:00:00,3,2025-12-24 19:26:24.956324+00,,,,2025-12-24 19:26:24.956324+00
527,2,2025-12-04,15:00:00,Nicolás Fingeret,1176137593,true,17000,15:30:00,1,2025-12-24 19:26:24.956324+00,,,,2025-12-24 19:26:24.956324+00
528,2,2025-12-04,15:30:00,"Nicolas Fingeret ",1176137593,true,17000,16:00:00,1,2025-12-24 19:26:24.956324+00,,,,2025-12-24 19:26:24.956324+00
530,2,2025-11-27,18:30:00,nicolas,1122121212,true,17000,19:00:00,1,2025-12-24 19:26:24.956324+00,,,,2025-12-24 19:26:24.956324+00
531,2,2025-11-27,15:00:00,Mark Miranda,1158954348,true,17000,16:00:00,3,2025-12-24 19:26:24.956324+00,,,,2025-12-24 19:26:24.956324+00
534,2,2025-11-27,16:30:00,miguel,,true,17000,17:00:00,1,2025-12-24 19:26:24.956324+00,,,,2025-12-24 19:26:24.956324+00
535,1,2025-11-28,11:30:00,"Santiago González ",1126430079,true,17000,12:00:00,1,2025-12-24 19:26:24.956324+00,,,,2025-12-24 19:26:24.956324+00
536,3,2025-11-27,16:00:00,eduardo,,false,,16:30:00,1,2025-12-24 19:26:24.956324+00,,,,2025-12-24 19:26:24.956324+00
537,2,2025-11-27,16:00:00,eduardo,,true,17000,16:30:00,1,2025-12-24 19:26:24.956324+00,,,,2025-12-24 19:26:24.956324+00
539,1,2025-11-29,19:00:00,"Tomas Mosquera ",1122454712,true,21000,20:00:00,3,2025-12-24 19:26:24.956324+00,,,,2025-12-24 19:26:24.956324+00
540,2,2025-11-28,12:00:00,alejandro,,true,17000,12:30:00,1,2025-12-24 19:26:24.956324+00,,,,2025-12-24 19:26:24.956324+00
541,2,2025-11-28,17:00:00,"Bautista Suárez ",1136091166,true,17000,17:30:00,1,2025-12-24 19:26:24.956324+00,,,,2025-12-24 19:26:24.956324+00
542,1,2025-11-27,15:30:00,Chaca,,true,17000,16:00:00,1,2025-12-24 19:26:24.956324+00,,,,2025-12-24 19:26:24.956324+00
543,1,2025-11-27,17:00:00,Martin Bergara,1166178760,true,17000,17:30:00,1,2025-12-24 19:26:24.956324+00,,,,2025-12-24 19:26:24.956324+00
544,2,2025-11-27,17:00:00,Jonathan zagni,1558893746,true,17000,17:30:00,1,2025-12-24 19:26:24.956324+00,,,,2025-12-24 19:26:24.956324+00
545,2,2025-11-27,18:00:00,"Luis Bergara ",1166178760,true,17000,18:30:00,1,2025-12-24 19:26:24.956324+00,,,,2025-12-24 19:26:24.956324+00
546,1,2025-11-28,12:30:00,Agustín doder,1150398159,true,17000,13:00:00,1,2025-12-24 19:26:24.956324+00,,,,2025-12-24 19:26:24.956324+00
548,1,2025-11-28,18:30:00,Flavio de Benedetti,1134755495,true,17000,19:00:00,1,2025-12-24 19:26:24.956324+00,,,,2025-12-24 19:26:24.956324+00
550,2,2025-11-28,15:30:00,romina,,true,17000,16:00:00,1,2025-12-24 19:26:24.956324+00,,,,2025-12-24 19:26:24.956324+00
551,2,2025-11-28,12:30:00,Leonel Ghersi,1134925200,true,17000,13:00:00,1,2025-12-24 19:26:24.956324+00,,,,2025-12-24 19:26:24.956324+00
552,2,2025-11-28,16:00:00,Julian Santalla,1153299875,true,17000,16:30:00,1,2025-12-24 19:26:24.956324+00,,,,2025-12-24 19:26:24.956324+00
553,2,2025-11-28,18:30:00,Fede,,true,17000,19:00:00,1,2025-12-24 19:26:24.956324+00,,,,2025-12-24 19:26:24.956324+00
556,1,2025-12-02,10:30:00,"Tomás Wolfram ",1136632852,true,21000,11:30:00,3,2025-12-24 19:26:24.956324+00,,,,2025-12-24 19:26:24.956324+00
557,1,2025-11-28,17:30:00,Ramiro Spinelli Riso,1137259564,true,17000,18:30:00,3,2025-12-24 19:26:24.956324+00,,,,2025-12-24 19:26:24.956324+00
558,1,2025-11-29,11:00:00,"Franco Moiana ",1150954648,true,17000,11:30:00,1,2025-12-24 19:26:24.956324+00,,,,2025-12-24 19:26:24.956324+00
559,1,2025-11-29,11:30:00,Camilo Walker,1150954648,true,17000,12:00:00,1,2025-12-24 19:26:24.956324+00,,,,2025-12-24 19:26:24.956324+00
560,2,2025-11-28,19:00:00,Juan Carlos Chá Torea,1159497109,true,21000,20:00:00,3,2025-12-24 19:26:24.956324+00,,,,2025-12-24 19:26:24.956324+00
561,1,2025-11-29,12:00:00,Max,,true,17000,12:30:00,1,2025-12-24 19:26:24.956324+00,,,,2025-12-24 19:26:24.956324+00
564,2,2025-11-28,18:00:00,Martin Gago,1130424419,true,17000,18:30:00,1,2025-12-24 19:26:24.956324+00,,,,2025-12-24 19:26:24.956324+00
565,2,2025-11-29,11:00:00,Diego Fruits,,true,17000,11:30:00,1,2025-12-24 19:26:24.956324+00,,,,2025-12-24 19:26:24.956324+00
566,1,2025-12-25,10:30:00,navidad,0000000000,false,,19:30:00,1,2025-12-24 19:26:24.956324+00,,,,2025-12-24 19:26:24.956324+00
567,2,2025-12-25,10:30:00,navidad,0000000000,false,,19:30:00,1,2025-12-24 19:26:24.956324+00,,,,2025-12-24 19:26:24.956324+00
568,1,2026-01-01,10:30:00,año nuevo,0000000000,false,,19:30:00,1,2025-12-24 19:26:24.956324+00,,,,2025-12-24 19:26:24.956324+00
569,2,2026-01-01,10:30:00,año nuevo,0000000000,false,,19:30:00,1,2025-12-24 19:26:24.956324+00,,,,2025-12-24 19:26:24.956324+00
571,2,2025-11-28,16:30:00,Gaston,1132553153,true,17000,17:00:00,1,2025-12-24 19:26:24.956324+00,,,,2025-12-24 19:26:24.956324+00
573,2,2025-11-29,15:30:00,deigo rifchards,,true,17000,16:00:00,1,2025-12-24 19:26:24.956324+00,,,,2025-12-24 19:26:24.956324+00
574,1,2025-11-29,13:00:00,nico desan,,true,17000,13:30:00,1,2025-12-24 19:26:24.956324+00,,,,2025-12-24 19:26:24.956324+00
577,2,2025-11-29,11:30:00,maxiii,,true,21000,12:30:00,3,2025-12-24 19:26:24.956324+00,,,,2025-12-24 19:26:24.956324+00
578,2,2025-11-29,10:30:00,Lucas,166751794,true,21000,11:00:00,1,2025-12-24 19:26:24.956324+00,,,,2025-12-24 19:26:24.956324+00
580,2,2025-11-29,16:30:00,santino vernazza,1180591127,true,17000,17:00:00,1,2025-12-24 19:26:24.956324+00,,,,2025-12-24 19:26:24.956324+00
581,2,2025-11-29,12:30:00,Alejandro poluyan,1167935666,true,17000,13:00:00,1,2025-12-24 19:26:24.956324+00,,,,2025-12-24 19:26:24.956324+00
582,2,2025-11-29,17:00:00,Lorena,,true,17000,17:30:00,1,2025-12-24 19:26:24.956324+00,,,,2025-12-24 19:26:24.956324+00
583,2,2025-11-29,17:30:00,lorena,,true,17000,18:00:00,1,2025-12-24 19:26:24.956324+00,,,,2025-12-24 19:26:24.956324+00
584,2,2025-12-03,15:00:00,Facundo Iskandarani,1164105626,true,17000,15:30:00,1,2025-12-24 19:26:24.956324+00,,,,2025-12-24 19:26:24.956324+00
585,2,2025-12-02,19:00:00,Gianluca Vernazza,1165861050,true,17000,19:30:00,1,2025-12-24 19:26:24.956324+00,,,,2025-12-24 19:26:24.956324+00
587,2,2025-12-05,18:30:00,Polo marroco,1131600474,true,17000,19:00:00,1,2025-12-24 19:26:24.956324+00,,,,2025-12-24 19:26:24.956324+00
588,2,2025-12-05,19:00:00,"Guido marroco ",1131600474,true,17000,19:30:00,1,2025-12-24 19:26:24.956324+00,,,,2025-12-24 19:26:24.956324+00
590,1,2025-12-05,11:00:00,Juan Moirano,1133449265,true,21000,12:00:00,3,2025-12-24 19:26:24.956324+00,,,,2025-12-24 19:26:24.956324+00
592,2,2025-12-06,19:00:00,Seba,1153885736,true,21000,20:00:00,3,2025-12-24 19:26:24.956324+00,,,,2025-12-24 19:26:24.956324+00
593,2,2025-12-04,17:30:00,Federico Conde,1158039075,true,21000,18:30:00,3,2025-12-24 19:26:24.956324+00,,,,2025-12-24 19:26:24.956324+00
594,2,2025-12-04,12:00:00,Marco,1153885736,true,17000,13:00:00,3,2025-12-24 19:26:24.956324+00,,,,2025-12-24 19:26:24.956324+00
595,1,2025-12-03,17:00:00,Gianluca Labarile,1125732523,true,21000,18:00:00,3,2025-12-24 19:26:24.956324+00,,,,2025-12-24 19:26:24.956324+00
596,2,2025-12-02,18:30:00,Ezequiel Daneri,1161637405,true,17000,19:00:00,1,2025-12-24 19:26:24.956324+00,,,,2025-12-24 19:26:24.956324+00
597,2,2025-12-02,15:00:00,"máximo millet ",1164635167,true,17000,15:30:00,1,2025-12-24 19:26:24.956324+00,,,,2025-12-24 19:26:24.956324+00
600,2,2025-12-02,15:30:00,"Fermin Jolis ",1162674302,true,17000,16:00:00,1,2025-12-24 19:26:24.956324+00,,,,2025-12-24 19:26:24.956324+00
601,1,2025-12-03,18:30:00,Federico Mattei,1133456487,true,21000,19:00:00,1,2025-12-24 19:26:24.956324+00,,,,2025-12-24 19:26:24.956324+00
602,1,2025-12-05,12:00:00,Juan Martin Gugliotta,1165629773,true,17000,12:30:00,1,2025-12-24 19:26:24.956324+00,,,,2025-12-24 19:26:24.956324+00
603,1,2025-12-03,11:00:00,Francisco Marinangeli,1168760207,true,17000,11:30:00,1,2025-12-24 19:26:24.956324+00,,,,2025-12-24 19:26:24.956324+00
604,1,2025-12-02,18:00:00,federico frutos,1126146441,true,17000,18:30:00,1,2025-12-24 19:26:24.956324+00,,,,2025-12-24 19:26:24.956324+00
605,1,2025-12-02,16:30:00,Rober parrado,1149984753,true,17000,17:00:00,1,2025-12-24 19:26:24.956324+00,,,,2025-12-24 19:26:24.956324+00
606,1,2025-12-02,17:30:00,agus,,true,17000,18:00:00,1,2025-12-24 19:26:24.956324+00,,,,2025-12-24 19:26:24.956324+00
607,1,2025-12-02,13:00:00,vicky,,true,17000,13:30:00,1,2025-12-24 19:26:24.956324+00,,,,2025-12-24 19:26:24.956324+00
609,1,2025-12-02,18:30:00,Matías Bras Harriott,1158101100,true,17000,19:00:00,1,2025-12-24 19:26:24.956324+00,,,,2025-12-24 19:26:24.956324+00
610,1,2025-12-02,12:30:00,Nacho,1133446031,true,17000,13:00:00,1,2025-12-24 19:26:24.956324+00,,,,2025-12-24 19:26:24.956324+00
611,1,2025-12-03,10:30:00,Pablo albe,1159764194,true,17000,11:00:00,1,2025-12-24 19:26:24.956324+00,,,,2025-12-24 19:26:24.956324+00
612,2,2025-12-03,19:00:00,Agustin Roisman,1158239712,true,17000,19:30:00,1,2025-12-24 19:26:24.956324+00,,,,2025-12-24 19:26:24.956324+00
613,2,2025-12-02,16:00:00,Valentino Mellino,1127122696,true,17000,16:30:00,1,2025-12-24 19:26:24.956324+00,,,,2025-12-24 19:26:24.956324+00
614,1,2025-12-02,16:00:00,pablo,,true,17000,16:30:00,1,2025-12-24 19:26:24.956324+00,,,,2025-12-24 19:26:24.956324+00
615,1,2025-12-06,15:00:00,"Patricio maravert ",1134983232,true,17000,15:30:00,1,2025-12-24 19:26:24.956324+00,,,,2025-12-24 19:26:24.956324+00
616,1,2025-12-06,15:30:00,David Levy,1135693197,true,21000,16:30:00,3,2025-12-24 19:26:24.956324+00,,,,2025-12-24 19:26:24.956324+00
617,2,2025-12-06,10:30:00,Matias,1168684723,true,17000,11:00:00,1,2025-12-24 19:26:24.956324+00,,,,2025-12-24 19:26:24.956324+00
619,1,2025-12-03,13:00:00,Daniel Natale,1136927011,true,17000,13:30:00,1,2025-12-24 19:26:24.956324+00,,,,2025-12-24 19:26:24.956324+00
620,1,2025-12-04,18:30:00,tomas,,true,17000,19:00:00,1,2025-12-24 19:26:24.956324+00,,,,2025-12-24 19:26:24.956324+00
623,1,2025-12-04,10:30:00,Fede ledesma,1168756813,true,17000,11:00:00,1,2025-12-24 19:26:24.956324+00,,,,2025-12-24 19:26:24.956324+00
625,2,2025-12-04,16:00:00,ilario,,true,17000,16:30:00,1,2025-12-24 19:26:24.956324+00,,,,2025-12-24 19:26:24.956324+00
626,1,2025-12-05,16:00:00,"Lucas Biscione ",1561921144,true,17000,16:30:00,1,2025-12-24 19:26:24.956324+00,,,,2025-12-24 19:26:24.956324+00
628,1,2025-12-04,17:30:00,Juan Pablo Masiero,1136372506,true,21000,18:30:00,3,2025-12-24 19:26:24.956324+00,,,,2025-12-24 19:26:24.956324+00
629,1,2025-12-23,13:00:00,Grego Pontiggia,1161839786,true,21000,14:00:00,3,2025-12-24 19:26:24.956324+00,,,,2025-12-24 19:26:24.956324+00
632,1,2025-12-03,15:00:00," gaston ",1020369497,true,21000,16:00:00,3,2025-12-24 19:26:24.956324+00,,,,2025-12-24 19:26:24.956324+00
633,1,2025-12-24,16:00:00,noche buena,0000000000,false,,19:30:00,1,2025-12-24 19:26:24.956324+00,,,,2025-12-24 19:26:24.956324+00
634,2,2025-12-24,16:00:00,noche buena,0000000000,false,,19:30:00,1,2025-12-24 19:26:24.956324+00,,,,2025-12-24 19:26:24.956324+00
635,1,2025-12-05,12:30:00,Tomas Mendinca,1159135961,true,21000,13:30:00,3,2025-12-24 19:26:24.956324+00,,,,2025-12-24 19:26:24.956324+00
636,1,2025-12-24,10:30:00,fran,3131153465446313,true,17000,11:00:00,1,2025-12-24 19:26:24.956324+00,,,,2025-12-24 19:26:24.956324+00
637,1,2025-12-24,11:00:00,santi,13213134132,true,17000,11:30:00,1,2025-12-24 19:26:24.956324+00,,,,2025-12-24 19:26:24.956324+00
640,1,2025-12-03,18:00:00,"Juani Münter ",1169700431,true,17000,18:30:00,1,2025-12-24 19:26:24.956324+00,,,,2025-12-24 19:26:24.956324+00
641,1,2025-12-06,17:00:00,Lucas,1154931688,true,17000,17:30:00,1,2025-12-24 19:26:24.956324+00,,,,2025-12-24 19:26:24.956324+00
642,2,2025-12-04,13:00:00,Andres Poluyan,1567935333,true,17000,13:30:00,1,2025-12-24 19:26:24.956324+00,,,,2025-12-24 19:26:24.956324+00
647,1,2025-12-04,19:00:00,Ulises San Pedro,1126778489,true,17000,19:30:00,5,2025-12-24 19:26:24.956324+00,,,,2025-12-24 19:26:24.956324+00
648,2,2025-12-03,17:00:00,puerta niño,,true,17000,17:30:00,1,2025-12-24 19:26:24.956324+00,,,,2025-12-24 19:26:24.956324+00
649,2,2025-12-03,18:30:00,Santino Dandrea,1140800976,true,17000,19:00:00,1,2025-12-24 19:26:24.956324+00,,,,2025-12-24 19:26:24.956324+00
650,2,2025-12-04,19:00:00,Federico Ezequiel Vicente Rua,1568698762,true,17000,19:30:00,1,2025-12-24 19:26:24.956324+00,,,,2025-12-24 19:26:24.956324+00
651,2,2025-12-04,18:30:00,Facundo Barra,1170207673,true,17000,19:00:00,1,2025-12-24 19:26:24.956324+00,,,,2025-12-24 19:26:24.956324+00
652,1,2025-12-04,15:00:00,Jorge Estol,1161721976,true,17000,15:30:00,1,2025-12-24 19:26:24.956324+00,,,,2025-12-24 19:26:24.956324+00
653,2,2025-12-05,15:00:00,"Lucas ",166751794,true,21000,16:00:00,3,2025-12-24 19:26:24.956324+00,,,,2025-12-24 19:26:24.956324+00
656,1,2025-12-05,17:30:00,Pedro Bogado Benítez,1162086046,true,17000,18:00:00,1,2025-12-24 19:26:24.956324+00,,,,2025-12-24 19:26:24.956324+00
657,1,2025-12-04,16:00:00,D'Aversa,1169608371,true,21000,17:00:00,3,2025-12-24 19:26:24.956324+00,,,,2025-12-24 19:26:24.956324+00
658,2,2025-12-11,10:30:00,"Nico baldesari ",1123232323,true,21000,11:30:00,3,2025-12-24 19:26:24.956324+00,,,,2025-12-24 19:26:24.956324+00
659,2,2025-12-05,17:30:00,Alejandro Fragala,1133960717,true,21000,18:30:00,3,2025-12-24 19:26:24.956324+00,,,,2025-12-24 19:26:24.956324+00
660,1,2025-12-05,18:00:00,Fede De Santis,1177169019,true,17000,18:30:00,1,2025-12-24 19:26:24.956324+00,,,,2025-12-24 19:26:24.956324+00
662,2,2025-12-04,11:00:00,Nico,,true,21000,12:00:00,3,2025-12-24 19:26:24.956324+00,,,,2025-12-24 19:26:24.956324+00
664,2,2025-12-05,10:30:00,Sebastian Molinari,1167973180,true,21000,11:30:00,3,2025-12-24 19:26:24.956324+00,,,,2025-12-24 19:26:24.956324+00
665,1,2025-12-05,18:30:00,francisco,3313165632,true,17000,19:00:00,2,2025-12-24 19:26:24.956324+00,,,,2025-12-24 19:26:24.956324+00
667,1,2025-12-04,15:30:00,Martin,1157802589,true,17000,16:00:00,1,2025-12-24 19:26:24.956324+00,,,,2025-12-24 19:26:24.956324+00
668,2,2025-12-05,13:00:00,fefe,,true,17000,13:30:00,1,2025-12-24 19:26:24.956324+00,,,,2025-12-24 19:26:24.956324+00
669,2,2025-12-04,17:00:00,chino,,true,17000,17:30:00,1,2025-12-24 19:26:24.956324+00,,,,2025-12-24 19:26:24.956324+00
670,2,2025-12-24,10:30:00,Facundo Iskandarani,1164105626,true,17000,11:00:00,1,2025-12-24 19:26:24.956324+00,,,,2025-12-24 19:26:24.956324+00
671,1,2025-12-05,17:00:00,Javier fondevila,1131557207,true,17000,17:30:00,1,2025-12-24 19:26:24.956324+00,,,,2025-12-24 19:26:24.956324+00
672,2,2025-12-06,18:30:00,Nicolas ojeda,1164849781,true,17000,19:00:00,1,2025-12-24 19:26:24.956324+00,,,,2025-12-24 19:26:24.956324+00
674,2,2025-12-05,16:30:00,ariel,,true,17000,17:00:00,1,2025-12-24 19:26:24.956324+00,,,,2025-12-24 19:26:24.956324+00
675,1,2025-12-05,15:00:00,julo,,true,21000,16:00:00,3,2025-12-24 19:26:24.956324+00,,,,2025-12-24 19:26:24.956324+00
676,2,2025-12-05,12:30:00,Felipe Beliera Torres,1128820000,true,17000,13:00:00,1,2025-12-24 19:26:24.956324+00,,,,2025-12-24 19:26:24.956324+00
677,1,2025-12-06,18:00:00,"Axel González ",1164104106,true,17000,18:30:00,1,2025-12-24 19:26:24.956324+00,,,,2025-12-24 19:26:24.956324+00
678,2,2025-12-06,12:30:00,Gianluca Sibione,1158043916,true,17000,13:00:00,1,2025-12-24 19:26:24.956324+00,,,,2025-12-24 19:26:24.956324+00
679,2,2025-12-06,11:00:00,Manuel Mel,1161433680,true,21000,12:00:00,3,2025-12-24 19:26:24.956324+00,,,,2025-12-24 19:26:24.956324+00
681,2,2025-12-05,12:00:00,Nico,1122857867,true,17000,12:30:00,1,2025-12-24 19:26:24.956324+00,,,,2025-12-24 19:26:24.956324+00
682,2,2025-12-06,12:00:00,"Nahuel Pérez ",1123763791,true,17000,12:30:00,1,2025-12-24 19:26:24.956324+00,,,,2025-12-24 19:26:24.956324+00
683,2,2025-12-05,16:00:00,Roberto,,true,17000,16:30:00,1,2025-12-24 19:26:24.956324+00,,,,2025-12-24 19:26:24.956324+00
684,2,2025-12-05,17:00:00,papa lucas,,true,17000,17:30:00,1,2025-12-24 19:26:24.956324+00,,,,2025-12-24 19:26:24.956324+00
685,2,2025-12-09,10:30:00,e,0000000000,false,,13:30:00,1,2025-12-24 19:26:24.956324+00,,,,2025-12-24 19:26:24.956324+00
686,1,2025-12-06,16:30:00,FRANCISCO BLANCO,1168212362,true,17000,17:00:00,1,2025-12-24 19:26:24.956324+00,,,,2025-12-24 19:26:24.956324+00
687,1,2025-12-06,11:00:00,Nico grasso,1122996333,true,21000,12:00:00,3,2025-12-24 19:26:24.956324+00,,,,2025-12-24 19:26:24.956324+00
688,1,2025-12-06,10:30:00,rocco,13313133131231,true,17000,11:00:00,1,2025-12-24 19:26:24.956324+00,,,,2025-12-24 19:26:24.956324+00
689,2,2025-12-06,13:00:00,Julián Zubieta,1137922002,true,17000,13:30:00,1,2025-12-24 19:26:24.956324+00,,,,2025-12-24 19:26:24.956324+00
693,2,2025-12-06,16:00:00,dante,31313131,true,17000,16:30:00,1,2025-12-24 19:26:24.956324+00,,,,2025-12-24 19:26:24.956324+00
694,1,2025-12-06,12:00:00,gerardo,2131313131,true,17000,12:30:00,1,2025-12-24 19:26:24.956324+00,,,,2025-12-24 19:26:24.956324+00
695,1,2025-12-06,17:30:00,fer,646546546466,true,17000,18:00:00,1,2025-12-24 19:26:24.956324+00,,,,2025-12-24 19:26:24.956324+00
696,2,2025-12-06,17:00:00,Jonathan Zagni,1158893746,true,17000,17:30:00,1,2025-12-24 19:26:24.956324+00,,,,2025-12-24 19:26:24.956324+00
697,2,2025-12-06,17:30:00,"Martín ",62714575,true,17000,18:00:00,1,2025-12-24 19:26:24.956324+00,,,,2025-12-24 19:26:24.956324+00
699,2,2025-12-06,15:30:00,German,1140901990,true,17000,16:00:00,1,2025-12-24 19:26:24.956324+00,,,,2025-12-24 19:26:24.956324+00
700,2,2025-12-09,16:00:00,Rodrigo larre,1130403257,true,17000,16:30:00,1,2025-12-24 19:26:24.956324+00,,,,2025-12-24 19:26:24.956324+00
702,2,2025-12-09,17:30:00,Mateo Perez Salvo,1138601347,true,17000,18:00:00,1,2025-12-24 19:26:24.956324+00,,,,2025-12-24 19:26:24.956324+00
703,2,2025-12-09,16:30:00,"Massimo ",1156416270,true,17000,17:00:00,1,2025-12-24 19:26:24.956324+00,,,,2025-12-24 19:26:24.956324+00
705,2,2025-12-09,18:00:00,Mark Miranda,1158954348,true,17000,19:00:00,3,2025-12-24 19:26:24.956324+00,,,,2025-12-24 19:26:24.956324+00
711,1,2025-12-09,12:00:00,Jorge,1159304532,true,17000,12:30:00,1,2025-12-24 19:26:24.956324+00,,,,2025-12-24 19:26:24.956324+00
712,2,2025-12-10,17:00:00,Felipe Mauric,1138321255,true,17000,17:30:00,1,2025-12-24 19:26:24.956324+00,,,,2025-12-24 19:26:24.956324+00
714,2,2025-12-10,17:30:00,Benito Mauric,1138321255,true,17000,18:00:00,1,2025-12-24 19:26:24.956324+00,,,,2025-12-24 19:26:24.956324+00
716,1,2025-12-10,18:30:00,Pedro Izuel,1157231859,true,17000,19:00:00,1,2025-12-24 19:26:24.956324+00,,,,2025-12-24 19:26:24.956324+00
717,2,2025-12-10,16:30:00,Horacio Matellini,1153885736,true,17000,17:00:00,1,2025-12-24 19:26:24.956324+00,,,,2025-12-24 19:26:24.956324+00
718,1,2025-12-12,18:00:00,Agustin Otero,1133894736,true,17000,18:30:00,1,2025-12-24 19:26:24.956324+00,,,,2025-12-24 19:26:24.956324+00
719,2,2025-12-10,16:00:00,Francisco Benvenuto,1167538038,true,17000,16:30:00,1,2025-12-24 19:26:24.956324+00,,,,2025-12-24 19:26:24.956324+00
720,2,2025-12-09,17:00:00,"Benjamin ",1156416270,true,17000,17:30:00,1,2025-12-24 19:26:24.956324+00,,,,2025-12-24 19:26:24.956324+00
721,2,2025-12-09,19:00:00,valen,,true,17000,19:30:00,1,2025-12-24 19:26:24.956324+00,,,,2025-12-24 19:26:24.956324+00
722,2,2025-12-10,18:00:00,"Bautista ciminieri ",1167472367,true,17000,18:30:00,1,2025-12-24 19:26:24.956324+00,,,,2025-12-24 19:26:24.956324+00
724,2,2025-12-12,16:30:00,bruno,1136264536,true,17000,17:00:00,1,2025-12-24 19:26:24.956324+00,,,,2025-12-24 19:26:24.956324+00
725,1,2025-12-10,18:00:00,Luciano Dodera,1159649066,true,17000,18:30:00,1,2025-12-24 19:26:24.956324+00,,,,2025-12-24 19:26:24.956324+00
726,2,2025-12-11,15:30:00,titi batistella,1132024257,true,17000,16:00:00,1,2025-12-24 19:26:24.956324+00,,,,2025-12-24 19:26:24.956324+00
727,1,2025-12-10,10:30:00,Maxi,1153272654,true,17000,11:00:00,1,2025-12-24 19:26:24.956324+00,,,,2025-12-24 19:26:24.956324+00
728,2,2025-12-18,10:30:00,"Nicolas Baldesari ",1153885736,true,21000,11:30:00,3,2025-12-24 19:26:24.956324+00,,,,2025-12-24 19:26:24.956324+00
729,2,2025-12-20,19:00:00,Seba,1153885736,true,21000,20:00:00,3,2025-12-24 19:26:24.956324+00,,,,2025-12-24 19:26:24.956324+00
732,1,2025-12-10,19:00:00,Jonatan,1138210686,true,17000,19:30:00,1,2025-12-24 19:26:24.956324+00,,,,2025-12-24 19:26:24.956324+00
733,1,2025-12-12,13:00:00,Ramiro Nasif,1122518748,true,21000,14:00:00,3,2025-12-24 19:26:24.956324+00,,,,2025-12-24 19:26:24.956324+00
734,1,2025-12-10,17:30:00,Nicolás Cacetta,1136547777,true,17000,18:00:00,1,2025-12-24 19:26:24.956324+00,,,,2025-12-24 19:26:24.956324+00
735,2,2025-12-10,15:00:00,Luciano Sentinelli,2995238635,true,17000,15:30:00,1,2025-12-24 19:26:24.956324+00,,,,2025-12-24 19:26:24.956324+00
738,1,2025-12-10,16:30:00,rama,,true,17000,17:00:00,1,2025-12-24 19:26:24.956324+00,,,,2025-12-24 19:26:24.956324+00
739,1,2025-12-10,17:00:00,rama,,true,17000,17:30:00,1,2025-12-24 19:26:24.956324+00,,,,2025-12-24 19:26:24.956324+00
742,1,2025-12-10,15:00:00,marcos,,true,17000,15:30:00,1,2025-12-24 19:26:24.956324+00,,,,2025-12-24 19:26:24.956324+00
744,1,2025-12-11,13:00:00,Flavio,1134755495,true,17000,13:30:00,1,2025-12-24 19:26:24.956324+00,,,,2025-12-24 19:26:24.956324+00
746,2,2025-12-10,15:30:00,"Joaquín Chamorro ",1121844264,true,17000,16:00:00,1,2025-12-24 19:26:24.956324+00,,,,2025-12-24 19:26:24.956324+00
747,2,2025-12-12,15:30:00,"Martin Cianni ",1164070414,true,17000,16:00:00,1,2025-12-24 19:26:24.956324+00,,,,2025-12-24 19:26:24.956324+00
748,1,2025-12-10,15:30:00,Gonzalo,1132923452,true,17000,16:00:00,1,2025-12-24 19:26:24.956324+00,,,,2025-12-24 19:26:24.956324+00
750,1,2025-12-13,11:00:00,"Bruno Lorenzano ",1132012610,true,17000,11:30:00,1,2025-12-24 19:26:24.956324+00,,,,2025-12-24 19:26:24.956324+00
751,2,2025-12-11,16:00:00,Gonzalo Fragalá,1161831634,true,17000,16:30:00,1,2025-12-24 19:26:24.956324+00,,,,2025-12-24 19:26:24.956324+00
752,2,2025-12-11,12:00:00,"Cristóbal ",1161778100,true,17000,12:30:00,5,2025-12-24 19:26:24.956324+00,,,,2025-12-24 19:26:24.956324+00
753,1,2025-12-11,18:30:00,Matias Carrete,1162312699,true,17000,19:00:00,1,2025-12-24 19:26:24.956324+00,,,,2025-12-24 19:26:24.956324+00
754,2,2025-12-11,12:30:00,Seba tarado,11,true,17000,13:00:00,1,2025-12-24 19:26:24.956324+00,,,,2025-12-24 19:26:24.956324+00
755,2,2025-12-11,13:00:00,Juan cruz ledesma,1162720636,true,17000,13:30:00,1,2025-12-24 19:26:24.956324+00,,,,2025-12-24 19:26:24.956324+00
757,1,2025-12-11,16:00:00,Federico Rusconi,1128074474,true,21000,17:00:00,3,2025-12-24 19:26:24.956324+00,,,,2025-12-24 19:26:24.956324+00
758,1,2025-12-13,16:00:00,"Nahuel noguera ",1132136910,true,21000,17:00:00,3,2025-12-24 19:26:24.956324+00,,,,2025-12-24 19:26:24.956324+00
759,1,2025-12-23,19:00:00,Juan Cruz Cristófalo,1562733394,true,17000,20:00:00,3,2025-12-24 19:26:24.956324+00,,,,2025-12-24 19:26:24.956324+00
760,1,2025-12-11,17:00:00,Federico Olivera,1158890445,true,21000,18:00:00,3,2025-12-24 19:26:24.956324+00,,,,2025-12-24 19:26:24.956324+00
761,1,2025-12-11,18:00:00,Leandro Sosa,1167036563,true,17000,18:30:00,1,2025-12-24 19:26:24.956324+00,,,,2025-12-24 19:26:24.956324+00
763,1,2025-12-12,15:00:00,"Nicolas Ferrari ",1138450000,true,17000,16:00:00,3,2025-12-24 19:26:24.956324+00,,,,2025-12-24 19:26:24.956324+00
764,2,2025-12-13,15:00:00,agustin batista,,true,17000,15:30:00,1,2025-12-24 19:26:24.956324+00,,,,2025-12-24 19:26:24.956324+00
765,1,2025-12-12,18:30:00,Mateo Dodera,1167272468,true,21000,19:30:00,3,2025-12-24 19:26:24.956324+00,,,,2025-12-24 19:26:24.956324+00
766,1,2025-12-16,11:00:00,Benicio Gasparini,1167916728,true,17000,11:30:00,1,2025-12-24 19:26:24.956324+00,,,,2025-12-24 19:26:24.956324+00
767,1,2025-12-11,12:00:00,alfredo,,true,21000,13:00:00,3,2025-12-24 19:26:24.956324+00,,,,2025-12-24 19:26:24.956324+00
772,2,2025-12-11,19:00:00,Nico Matellini,1140422565,true,17000,19:30:00,1,2025-12-24 19:26:24.956324+00,,,,2025-12-24 19:26:24.956324+00
773,2,2025-12-11,18:00:00,tomas,,true,17000,18:30:00,1,2025-12-24 19:26:24.956324+00,,,,2025-12-24 19:26:24.956324+00
774,2,2025-12-11,16:30:00,nene,,true,10000,17:00:00,1,2025-12-24 19:26:24.956324+00,,,,2025-12-24 19:26:24.956324+00
775,2,2025-12-11,17:00:00,pelado,,true,10000,17:30:00,1,2025-12-24 19:26:24.956324+00,,,,2025-12-24 19:26:24.956324+00
776,2,2025-12-11,18:30:00,Lucas de la vega,1141670334,true,17000,19:00:00,1,2025-12-24 19:26:24.956324+00,,,,2025-12-24 19:26:24.956324+00
777,2,2025-12-12,15:00:00,Fausto Antonelli,1155656106,true,17000,15:30:00,1,2025-12-24 19:26:24.956324+00,,,,2025-12-24 19:26:24.956324+00
778,2,2025-12-13,10:30:00,Lucas,166751794,true,21000,11:30:00,3,2025-12-24 19:26:24.956324+00,,,,2025-12-24 19:26:24.956324+00
779,2,2025-12-12,17:00:00,Bautista Furnari,1166510886,true,17000,17:30:00,1,2025-12-24 19:26:24.956324+00,,,,2025-12-24 19:26:24.956324+00
780,2,2025-12-23,19:00:00,Lucas,166751794,true,21000,20:00:00,3,2025-12-24 19:26:24.956324+00,,,,2025-12-24 19:26:24.956324+00
782,1,2025-12-12,10:30:00,Lautaro Alberti,1162326531,true,17000,11:00:00,1,2025-12-24 19:26:24.956324+00,,,,2025-12-24 19:26:24.956324+00
783,2,2025-12-12,12:00:00,Leonel Ghersi,1134925200,true,17000,12:30:00,1,2025-12-24 19:26:24.956324+00,,,,2025-12-24 19:26:24.956324+00
787,1,2025-12-13,15:00:00,"Axel gonzalez ",1164104106,true,17000,15:30:00,1,2025-12-24 19:26:24.956324+00,,,,2025-12-24 19:26:24.956324+00
790,1,2025-12-26,15:00:00,Leandro Sosa,1167066563,true,17000,15:30:00,1,2025-12-24 19:26:24.956324+00,,,,2025-12-24 19:26:24.956324+00
791,1,2025-12-20,13:00:00,Andrés el más lindo,1132918233,true,21000,14:00:00,3,2025-12-24 19:26:24.956324+00,,,,2025-12-24 19:26:24.956324+00
792,1,2025-12-13,11:30:00,Matias,1121687855,true,21000,12:30:00,3,2025-12-24 19:26:24.956324+00,,,,2025-12-24 19:26:24.956324+00
793,1,2025-12-12,16:00:00,felipe ghignone,1171994567,true,17000,16:30:00,1,2025-12-24 19:26:24.956324+00,,,,2025-12-24 19:26:24.956324+00
794,2,2025-12-12,18:30:00,pablo,,true,17000,19:00:00,1,2025-12-24 19:26:24.956324+00,,,,2025-12-24 19:26:24.956324+00
796,1,2025-12-13,12:30:00,Jorge Costa,1161392079,true,21000,13:30:00,3,2025-12-24 19:26:24.956324+00,,,,2025-12-24 19:26:24.956324+00
798,1,2025-12-12,16:30:00,martin,,true,21000,17:30:00,3,2025-12-24 19:26:24.956324+00,,,,2025-12-24 19:26:24.956324+00
799,1,2025-12-12,17:30:00,Felipe Walsh,1158103386,true,17000,18:00:00,1,2025-12-24 19:26:24.956324+00,,,,2025-12-24 19:26:24.956324+00
800,2,2025-12-13,17:00:00,"ignacio ",1132188865,true,17000,17:30:00,1,2025-12-24 19:26:24.956324+00,,,,2025-12-24 19:26:24.956324+00
801,2,2025-12-13,17:30:00,marcos,1132188865,true,17000,18:00:00,1,2025-12-24 19:26:24.956324+00,,,,2025-12-24 19:26:24.956324+00
802,1,2025-12-13,17:00:00,"Teo Quattrocchi ",1156691735,true,21000,18:00:00,3,2025-12-24 19:26:24.956324+00,,,,2025-12-24 19:26:24.956324+00
803,1,2025-12-16,13:00:00,Bautista Estivill,1121645289,true,17000,13:30:00,1,2025-12-24 19:26:24.956324+00,,,,2025-12-24 19:26:24.956324+00
806,1,2025-12-13,15:30:00,Tomas di chiara,1139027851,true,17000,16:00:00,1,2025-12-24 19:26:24.956324+00,,,,2025-12-24 19:26:24.956324+00
807,2,2025-12-12,17:30:00,Juan,,true,21000,18:30:00,3,2025-12-24 19:26:24.956324+00,,,,2025-12-24 19:26:24.956324+00
809,2,2025-12-12,19:00:00,fede,,true,21000,19:30:00,1,2025-12-24 19:26:24.956324+00,,,,2025-12-24 19:26:24.956324+00
811,2,2025-12-13,19:00:00,Marcos Silva,1150294092,true,17000,19:30:00,1,2025-12-24 19:26:24.956324+00,,,,2025-12-24 19:26:24.956324+00
814,2,2026-01-06,10:30:00,R,0000000000,false,,13:30:00,1,2025-12-24 19:26:24.956324+00,,,,2025-12-24 19:26:24.956324+00
815,2,2026-01-07,10:30:00,R,0000000000,false,,13:30:00,1,2025-12-24 19:26:24.956324+00,,,,2025-12-24 19:26:24.956324+00
816,2,2026-01-13,10:30:00,R,0000000000,false,,13:30:00,1,2025-12-24 19:26:24.956324+00,,,,2025-12-24 19:26:24.956324+00
818,2,2026-01-20,10:30:00,R,0000000000,false,,13:30:00,1,2025-12-24 19:26:24.956324+00,,,,2025-12-24 19:26:24.956324+00
819,2,2026-01-21,10:30:00,R,0000000000,false,,13:30:00,1,2025-12-24 19:26:24.956324+00,,,,2025-12-24 19:26:24.956324+00
820,1,2025-12-13,18:00:00,Tomas,1122454712,true,21000,19:00:00,3,2025-12-24 19:26:24.956324+00,,,,2025-12-24 19:26:24.956324+00
821,1,2025-12-13,19:00:00,Pablo Cariglino,1133216714,true,17000,19:30:00,1,2025-12-24 19:26:24.956324+00,,,,2025-12-24 19:26:24.956324+00
822,2,2025-12-13,18:00:00,nico diedrichs,1123290680,true,17000,19:00:00,3,2025-12-24 19:26:24.956324+00,,,,2025-12-24 19:26:24.956324+00
824,1,2025-12-23,17:30:00,Javier fondevila,1131557207,true,17000,18:00:00,1,2025-12-24 19:26:24.956324+00,,,,2025-12-24 19:26:24.956324+00
826,1,2025-12-16,17:00:00,Gianluca Labarile,1125732523,true,21000,18:00:00,3,2025-12-24 19:26:24.956324+00,,,,2025-12-24 19:26:24.956324+00
829,2,2025-12-13,15:30:00,"Gaspar Cherniavsky ",1136902591,true,17000,16:00:00,1,2025-12-24 19:26:24.956324+00,,,,2025-12-24 19:26:24.956324+00
832,2,2025-12-13,13:00:00,dante,,true,17000,13:30:00,1,2025-12-24 19:26:24.956324+00,,,,2025-12-24 19:26:24.956324+00
833,2,2025-12-13,12:30:00,Leandro,,true,21000,13:00:00,1,2025-12-24 19:26:24.956324+00,,,,2025-12-24 19:26:24.956324+00
836,1,2025-12-16,15:30:00,Francisco Bras Harriott,1144024818,true,17000,16:00:00,1,2025-12-24 19:26:24.956324+00,,,,2025-12-24 19:26:24.956324+00
837,2,2025-12-17,15:00:00,Jose maria schweizer,1160257332,true,17000,15:30:00,1,2025-12-24 19:26:24.956324+00,,,,2025-12-24 19:26:24.956324+00
838,1,2025-12-16,16:00:00,Francisco Grippo,1138301019,true,17000,16:30:00,1,2025-12-24 19:26:24.956324+00,,,,2025-12-24 19:26:24.956324+00
839,2,2025-12-16,17:30:00,tomas batistella,1160003483,true,17000,18:00:00,1,2025-12-24 19:26:24.956324+00,,,,2025-12-24 19:26:24.956324+00
840,1,2025-12-20,19:00:00,"Seba viva Perón ",1138590613,true,21000,19:30:00,1,2025-12-24 19:26:24.956324+00,,,,2025-12-24 19:26:24.956324+00
841,2,2025-12-20,11:00:00,Tomás Miranda,1128474900,true,17000,11:30:00,1,2025-12-24 19:26:24.956324+00,,,,2025-12-24 19:26:24.956324+00
842,2,2025-12-20,11:30:00,Nikolas Kerz,1123861964,true,17000,12:00:00,1,2025-12-24 19:26:24.956324+00,,,,2025-12-24 19:26:24.956324+00
843,1,2025-12-20,10:30:00,Juanchi parrado,1167426777,true,17000,11:00:00,1,2025-12-24 19:26:24.956324+00,,,,2025-12-24 19:26:24.956324+00
844,1,2025-12-16,19:00:00,Tomás Cacetta,1122876902,true,17000,19:30:00,1,2025-12-24 19:26:24.956324+00,,,,2025-12-24 19:26:24.956324+00
845,1,2025-12-20,11:00:00,Matias,1121687855,true,17000,12:00:00,3,2025-12-24 19:26:24.956324+00,,,,2025-12-24 19:26:24.956324+00
846,1,2025-12-27,11:00:00,Matias,1121687855,true,17000,12:00:00,3,2025-12-24 19:26:24.956324+00,,,,2025-12-24 19:26:24.956324+00
847,1,2025-12-17,18:30:00,Ivan,1165280396,true,21000,19:30:00,3,2025-12-24 19:26:24.956324+00,,,,2025-12-24 19:26:24.956324+00
848,2,2025-12-16,16:30:00,"Bautista cortigiani ",1127873050,true,21000,17:30:00,3,2025-12-24 19:26:24.956324+00,,,,2025-12-24 19:26:24.956324+00
849,2,2025-12-16,19:00:00,Agustin Roisman,1158239712,true,17000,19:30:00,1,2025-12-24 19:26:24.956324+00,,,,2025-12-24 19:26:24.956324+00
850,2,2025-12-16,18:30:00,Fede arrigoy,1138936539,true,17000,19:00:00,1,2025-12-24 19:26:24.956324+00,,,,2025-12-24 19:26:24.956324+00
853,1,2025-12-16,18:30:00,Fran cola,1138661247,true,17000,19:00:00,1,2025-12-24 19:26:24.956324+00,,,,2025-12-24 19:26:24.956324+00
854,2,2025-12-19,10:30:00,Federico Conde,1158039075,true,21000,11:30:00,3,2025-12-24 19:26:24.956324+00,,,,2025-12-24 19:26:24.956324+00
855,2,2025-12-16,16:00:00,juan manuel novo,1154145310,true,17000,16:30:00,1,2025-12-24 19:26:24.956324+00,,,,2025-12-24 19:26:24.956324+00
857,1,2025-12-16,11:30:00,"Tomas ",1169608371,true,17000,12:00:00,1,2025-12-24 19:26:24.956324+00,,,,2025-12-24 19:26:24.956324+00
859,2,2025-12-16,10:30:00,"Reservado ",0000000000,false,,13:30:00,1,2025-12-24 19:26:24.956324+00,,,,2025-12-24 19:26:24.956324+00
862,1,2025-12-16,18:00:00,"Beltrán ",1169639997,true,17000,18:30:00,1,2025-12-24 19:26:24.956324+00,,,,2025-12-24 19:26:24.956324+00
863,2,2025-12-16,15:30:00,Fausto,1169639997,true,17000,16:00:00,1,2025-12-24 19:26:24.956324+00,,,,2025-12-24 19:26:24.956324+00
864,2,2025-12-24,11:00:00,"Guido Provinzano ",1156450321,true,17000,11:30:00,1,2025-12-24 19:26:24.956324+00,,,,2025-12-24 19:26:24.956324+00
865,1,2025-12-19,15:30:00,Federico Falotico,1158678400,true,17000,16:00:00,1,2025-12-24 19:26:24.956324+00,,,,2025-12-24 19:26:24.956324+00
866,1,2025-12-24,11:30:00,Pupi Sala,1136274242,true,17000,12:30:00,3,2025-12-24 19:26:24.956324+00,,,,2025-12-24 19:26:24.956324+00
867,2,2025-12-18,18:30:00,Juan Ignacio Quiroga,1130679277,true,17000,19:00:00,1,2025-12-24 19:26:24.956324+00,,,,2025-12-24 19:26:24.956324+00
868,2,2025-12-18,19:00:00,Lucke garcia dias,1135731438,true,17000,19:30:00,1,2025-12-24 19:26:24.956324+00,,,,2025-12-24 19:26:24.956324+00
869,2,2025-12-16,15:00:00,tomas renosto,1167809628,true,17000,15:30:00,1,2025-12-24 19:26:24.956324+00,,,,2025-12-24 19:26:24.956324+00
870,2,2025-12-17,18:00:00,Lucho bergara,1166178760,true,17000,18:30:00,1,2025-12-24 19:26:24.956324+00,,,,2025-12-24 19:26:24.956324+00
871,1,2025-12-17,17:30:00,Martin Bergara,1166178760,true,17000,18:00:00,1,2025-12-24 19:26:24.956324+00,,,,2025-12-24 19:26:24.956324+00
872,1,2025-12-17,15:30:00,santi,,true,17000,16:00:00,1,2025-12-24 19:26:24.956324+00,,,,2025-12-24 19:26:24.956324+00
873,2,2025-12-17,15:30:00,amigo de santi,,true,17000,16:00:00,1,2025-12-24 19:26:24.956324+00,,,,2025-12-24 19:26:24.956324+00
874,2,2025-12-17,18:30:00,Manuel Torrente,1159460263,true,17000,19:00:00,1,2025-12-24 19:26:24.956324+00,,,,2025-12-24 19:26:24.956324+00
875,2,2025-12-19,11:30:00,Juan Rizzo,1157649922,true,17000,12:00:00,1,2025-12-24 19:26:24.956324+00,,,,2025-12-24 19:26:24.956324+00
877,1,2025-12-23,15:00:00,Agustín Dodera,1150398159,true,17000,15:30:00,1,2025-12-24 19:26:24.956324+00,,,,2025-12-24 19:26:24.956324+00
878,1,2025-12-23,15:30:00,Mateo Dodera,1167272468,true,17000,16:00:00,1,2025-12-24 19:26:24.956324+00,,,,2025-12-24 19:26:24.956324+00
880,2,2025-12-19,17:00:00,Jonathan zagni,1158893746,true,17000,17:30:00,1,2025-12-24 19:26:24.956324+00,,,,2025-12-24 19:26:24.956324+00
881,1,2025-12-24,12:30:00,Matias Carrete,1162312699,true,17000,13:00:00,1,2025-12-24 19:26:24.956324+00,,,,2025-12-24 19:26:24.956324+00
884,1,2025-12-18,18:30:00,German Vita,1151169882,true,17000,19:00:00,1,2025-12-24 19:26:24.956324+00,,,,2025-12-24 19:26:24.956324+00
885,1,2025-12-31,12:30:00,Francisco Blanco,1168212362,true,17000,13:00:00,1,2025-12-24 19:26:24.956324+00,,,,2025-12-24 19:26:24.956324+00
886,2,2025-12-18,17:30:00,"Gabriel ",1140794507,true,17000,18:30:00,3,2025-12-24 19:26:24.956324+00,,,,2025-12-24 19:26:24.956324+00
887,1,2025-12-19,18:00:00,Ramiro,1137259564,true,21000,19:00:00,3,2025-12-24 19:26:24.956324+00,,,,2025-12-24 19:26:24.956324+00
888,2,2025-12-24,15:30:00,bauti corti,,true,17000,16:00:00,1,2025-12-24 19:26:24.956324+00,,,,2025-12-24 19:26:24.956324+00
889,2,2025-12-17,19:00:00,"leon matias ",1156305538,true,17000,19:30:00,1,2025-12-24 19:26:24.956324+00,,,,2025-12-24 19:26:24.956324+00
891,2,2025-12-19,18:00:00,Cliente Yayu,,true,17000,18:30:00,1,2025-12-24 19:26:24.956324+00,,,,2025-12-24 19:26:24.956324+00
893,2,2025-12-19,16:00:00,Valentino Mellino,1127122696,true,17000,16:30:00,1,2025-12-24 19:26:24.956324+00,,,,2025-12-24 19:26:24.956324+00
894,2,2025-12-17,16:00:00,valentino,1168039713,true,17000,16:30:00,1,2025-12-24 19:26:24.956324+00,,,,2025-12-24 19:26:24.956324+00
895,1,2025-12-17,16:00:00,Matias Wolfram,1128803953,true,21000,17:00:00,3,2025-12-24 19:26:24.956324+00,,,,2025-12-24 19:26:24.956324+00
897,2,2025-12-19,12:00:00,Mariano Cianni,1164071911,true,17000,12:30:00,1,2025-12-24 19:26:24.956324+00,,,,2025-12-24 19:26:24.956324+00
898,1,2025-12-18,19:00:00,Nicolas ojeda,1164849781,true,17000,19:30:00,1,2025-12-24 19:26:24.956324+00,,,,2025-12-24 19:26:24.956324+00
899,2,2025-12-20,16:00:00,Gianluca Vernazza,1165861050,true,17000,16:30:00,1,2025-12-24 19:26:24.956324+00,,,,2025-12-24 19:26:24.956324+00
900,2,2025-12-18,15:00:00,"Mark ",1158954348,true,17000,15:30:00,1,2025-12-24 19:26:24.956324+00,,,,2025-12-24 19:26:24.956324+00
901,1,2025-12-20,15:00:00,patricio maravert,1134983232,true,17000,15:30:00,1,2025-12-24 19:26:24.956324+00,,,,2025-12-24 19:26:24.956324+00
902,2,2025-12-19,18:30:00,Martin Gago,1130424419,true,17000,19:00:00,1,2025-12-24 19:26:24.956324+00,,,,2025-12-24 19:26:24.956324+00
904,1,2025-12-19,11:00:00,Juan Moirano,1133449265,true,21000,12:00:00,3,2025-12-24 19:26:24.956324+00,,,,2025-12-24 19:26:24.956324+00
907,2,2025-12-24,11:30:00,Francisco Diedrichs,1140860207,true,17000,12:00:00,1,2025-12-24 19:26:24.956324+00,,,,2025-12-24 19:26:24.956324+00
909,2,2025-12-24,15:00:00,santino vernazza,1180591127,true,17000,15:30:00,1,2025-12-24 19:26:24.956324+00,,,,2025-12-24 19:26:24.956324+00
911,1,2025-12-22,15:00:00,lunes,0000000000,false,,19:30:00,1,2025-12-24 19:26:24.956324+00,,,,2025-12-24 19:26:24.956324+00
912,2,2025-12-22,15:30:00,lunes,0000000000,false,,19:30:00,1,2025-12-24 19:26:24.956324+00,,,,2025-12-24 19:26:24.956324+00
913,2,2025-12-19,16:30:00,Evan,1150534162,true,17000,17:00:00,1,2025-12-24 19:26:24.956324+00,,,,2025-12-24 19:26:24.956324+00
916,2,2025-12-20,15:00:00,Nico paz,1130082473,true,17000,15:30:00,1,2025-12-24 19:26:24.956324+00,,,,2025-12-24 19:26:24.956324+00
917,2,2025-12-17,17:00:00,Yamil Dib,1135896290,true,21000,18:00:00,3,2025-12-24 19:26:24.956324+00,,,,2025-12-24 19:26:24.956324+00
918,2,2025-12-19,15:00:00,"Martino García ",1153879466,true,17000,15:30:00,1,2025-12-24 19:26:24.956324+00,,,,2025-12-24 19:26:24.956324+00
919,1,2025-12-18,18:00:00,Luca uriarte,1162833127,true,17000,18:30:00,1,2025-12-24 19:26:24.956324+00,,,,2025-12-24 19:26:24.956324+00
922,2,2025-12-18,17:00:00,Felix Pota,1161587851,true,17000,17:30:00,1,2025-12-24 19:26:24.956324+00,,,,2025-12-24 19:26:24.956324+00
924,1,2025-12-18,16:00:00,Juan Pablo Masiero,1136372506,true,21000,17:00:00,3,2025-12-24 19:26:24.956324+00,,,,2025-12-24 19:26:24.956324+00
925,1,2025-12-19,16:00:00,Julian Huber,1156690721,true,21000,17:00:00,3,2025-12-24 19:26:24.956324+00,,,,2025-12-24 19:26:24.956324+00
926,1,2025-12-18,17:30:00,federico frutos,1126146441,true,17000,18:00:00,1,2025-12-24 19:26:24.956324+00,,,,2025-12-24 19:26:24.956324+00
927,2,2025-12-19,19:00:00,Bauti Flaquer,1155791471,true,17000,19:30:00,1,2025-12-24 19:26:24.956324+00,,,,2025-12-24 19:26:24.956324+00
929,1,2025-12-19,12:30:00,"Nacho Tuya ",1168796220,true,17000,13:00:00,1,2025-12-24 19:26:24.956324+00,,,,2025-12-24 19:26:24.956324+00
931,2,2025-12-26,12:00:00,Rodri larre,1130403257,true,17000,12:30:00,1,2025-12-24 19:26:24.956324+00,,,,2025-12-24 19:26:24.956324+00
932,2,2025-12-26,11:30:00,Leo Ghersi,1134925200,true,17000,12:00:00,1,2025-12-24 19:26:24.956324+00,,,,2025-12-24 19:26:24.956324+00
934,1,2025-12-24,13:00:00,"Ramiro Lukezic ",1163368573,true,17000,13:30:00,1,2025-12-24 19:26:24.956324+00,,,,2025-12-24 19:26:24.956324+00
935,2,2025-12-23,11:00:00,nico,,true,21000,12:00:00,3,2025-12-24 19:26:24.956324+00,,,,2025-12-24 19:26:24.956324+00
936,1,2025-12-24,15:00:00,Flavio de Benedetti,0113475549,true,17000,15:30:00,1,2025-12-24 19:26:24.956324+00,,,,2025-12-24 19:26:24.956324+00
938,1,2025-12-20,12:00:00,"Franco Moiana ",1150954648,true,17000,12:30:00,1,2025-12-24 19:26:24.956324+00,,,,2025-12-24 19:26:24.956324+00
939,1,2025-12-20,12:30:00,Camilo Walker,1150954648,true,17000,13:00:00,1,2025-12-24 19:26:24.956324+00,,,,2025-12-24 19:26:24.956324+00
940,2,2025-12-19,13:00:00,coco,,true,21000,14:00:00,3,2025-12-24 19:26:24.956324+00,,,,2025-12-24 19:26:24.956324+00
941,2,2025-12-18,16:00:00,lautaro,,true,17000,16:30:00,1,2025-12-24 19:26:24.956324+00,,,,2025-12-24 19:26:24.956324+00
943,1,2025-12-23,17:00:00,Joaco Romero,1157589495,true,17000,17:30:00,1,2025-12-24 19:26:24.956324+00,,,,2025-12-24 19:26:24.956324+00
944,2,2025-12-18,16:30:00,Ramiro,1176524447,true,17000,17:00:00,1,2025-12-24 19:26:24.956324+00,,,,2025-12-24 19:26:24.956324+00
945,1,2025-12-19,17:00:00,juan pablo,,true,21000,18:00:00,3,2025-12-24 19:26:24.956324+00,,,,2025-12-24 19:26:24.956324+00
948,1,2025-12-18,17:00:00,Julian santalla,1153299875,true,17000,17:30:00,1,2025-12-24 19:26:24.956324+00,,,,2025-12-24 19:26:24.956324+00
949,1,2025-12-23,11:00:00,gabi baldesari,,true,17000,11:30:00,1,2025-12-24 19:26:24.956324+00,,,,2025-12-24 19:26:24.956324+00
951,1,2025-12-19,15:00:00,"Juani Münter ",1169700431,true,17000,15:30:00,1,2025-12-24 19:26:24.956324+00,,,,2025-12-24 19:26:24.956324+00
952,2,2025-12-24,12:00:00,"Ale ",1158954348,true,17000,12:30:00,1,2025-12-24 19:26:24.956324+00,,,,2025-12-24 19:26:24.956324+00
953,2,2025-12-19,15:30:00,Diego Miguel Angel Frutos,1169733928,true,17000,16:00:00,1,2025-12-24 19:26:24.956324+00,,,,2025-12-24 19:26:24.956324+00
954,2,2025-12-19,12:30:00,Lucas Garcia Ballarati,1155699999,true,17000,13:00:00,1,2025-12-24 19:26:24.956324+00,,,,2025-12-24 19:26:24.956324+00
955,2,2025-12-20,15:30:00,luca garbarini,1153855011,true,17000,16:00:00,1,2025-12-24 19:26:24.956324+00,,,,2025-12-24 19:26:24.956324+00
956,2,2025-12-23,12:30:00,Ezequiel Daneri,1161637405,true,17000,13:00:00,1,2025-12-24 19:26:24.956324+00,,,,2025-12-24 19:26:24.956324+00
957,1,2025-12-20,18:00:00,"Facundo Donegana ",1164210981,true,17000,18:30:00,5,2025-12-24 19:26:24.956324+00,,,,2025-12-24 19:26:24.956324+00
958,1,2025-12-20,18:30:00,"Benjamín Donegana ",1164210981,true,17000,19:00:00,5,2025-12-24 19:26:24.956324+00,,,,2025-12-24 19:26:24.956324+00
959,2,2025-12-20,10:30:00,Carlos Diesrichs,1161968760,true,17000,11:00:00,5,2025-12-24 19:26:24.956324+00,,,,2025-12-24 19:26:24.956324+00
960,1,2025-12-26,15:30:00,Juan Martin Gugliotta,1165629773,true,17000,16:00:00,1,2025-12-24 19:26:24.956324+00,,,,2025-12-24 19:26:24.956324+00
961,1,2025-12-23,11:30:00,Luciano Dodera,1159649066,true,17000,12:00:00,1,2025-12-24 19:26:24.956324+00,,,,2025-12-24 19:26:24.956324+00
962,1,2025-12-20,16:00:00,Nicolas Cejas,1138431853,true,21000,16:30:00,1,2025-12-24 19:26:24.956324+00,,,,2025-12-24 19:26:24.956324+00
963,2,2025-12-23,18:30:00,German scherma,1169711380,true,17000,19:00:00,1,2025-12-24 19:26:24.956324+00,,,,2025-12-24 19:26:24.956324+00
965,2,2025-12-22,15:00:00,Vincenzo Parmigiani,1162565550,true,17000,15:30:00,1,2025-12-24 19:26:24.956324+00,,,,2025-12-24 19:26:24.956324+00
966,2,2025-12-20,16:30:00,"Pablo ",1144013385,true,17000,17:00:00,1,2025-12-24 19:26:24.956324+00,,,,2025-12-24 19:26:24.956324+00
967,2,2025-12-20,17:00:00,Cesar,,true,21000,17:30:00,1,2025-12-24 19:26:24.956324+00,,,,2025-12-24 19:26:24.956324+00
968,1,2025-12-26,13:00:00,Felipe Walsh,1158103386,true,17000,13:30:00,1,2025-12-24 19:26:24.956324+00,,,,2025-12-24 19:26:24.956324+00
969,2,2025-12-22,10:30:00,jose,1140983283,true,17000,11:00:00,1,2025-12-24 19:26:24.956324+00,,,,2025-12-24 19:26:24.956324+00
970,1,2025-12-22,11:30:00,Laucha,2235444775,true,21000,12:30:00,3,2025-12-24 19:26:24.956324+00,,,,2025-12-24 19:26:24.956324+00
971,2,2025-12-20,17:30:00,Alejandro Fragala,1133960717,true,21000,18:30:00,3,2025-12-24 19:26:24.956324+00,,,,2025-12-24 19:26:24.956324+00
973,2,2025-12-23,13:00:00,Sibione Gianluca,1558043916,true,17000,13:30:00,1,2025-12-24 19:26:24.956324+00,,,,2025-12-24 19:26:24.956324+00
975,2,2025-12-23,15:00:00,"Theo Pejacsevich ",1160201053,true,17000,15:30:00,1,2025-12-24 19:26:24.956324+00,,,,2025-12-24 19:26:24.956324+00
977,2,2025-12-20,18:30:00,Sebastian Molinari,1167973180,true,21000,19:00:00,2,2025-12-24 19:26:24.956324+00,,,,2025-12-24 19:26:24.956324+00
978,2,2025-12-22,13:00:00,Cristian Sancricca,1158969613,true,17000,13:30:00,1,2025-12-24 19:26:24.956324+00,,,,2025-12-24 19:26:24.956324+00
979,2,2025-12-22,12:30:00,"Dante Sancricca ",1158969613,true,17000,13:00:00,1,2025-12-24 19:26:24.956324+00,,,,2025-12-24 19:26:24.956324+00
980,2,2025-12-20,12:30:00,"Nico Grasso ",1122996333,true,21000,13:00:00,1,2025-12-24 19:26:24.956324+00,,,,2025-12-24 19:26:24.956324+00
981,1,2025-12-22,10:30:00,Juan Manuel Ottaviano,1127195413,true,17000,11:00:00,1,2025-12-24 19:26:24.956324+00,,,,2025-12-24 19:26:24.956324+00
984,2,2025-12-23,10:30:00,Chino,1127291009,true,17000,11:00:00,1,2025-12-24 19:26:24.956324+00,,,,2025-12-24 19:26:24.956324+00
985,1,2025-12-22,13:00:00,bladimir,,true,17000,13:30:00,1,2025-12-24 19:26:24.956324+00,,,,2025-12-24 19:26:24.956324+00
987,1,2025-12-22,12:30:00,Alejandro T Ariccio,1136973863,true,17000,13:00:00,1,2025-12-24 19:26:24.956324+00,,,,2025-12-24 19:26:24.956324+00
988,1,2025-12-24,15:30:00,"Bruno ",1158511308,true,17000,16:00:00,1,2025-12-24 19:26:24.956324+00,,,,2025-12-24 19:26:24.956324+00
989,1,2025-12-23,16:30:00,Roberto Parrado,1149984753,true,17000,17:00:00,1,2025-12-24 19:26:24.956324+00,,,,2025-12-24 19:26:24.956324+00
990,2,2025-12-22,11:30:00,"santino dandrea ",1140800976,true,17000,12:00:00,1,2025-12-24 19:26:24.956324+00,,,,2025-12-24 19:26:24.956324+00
991,2,2025-12-23,16:00:00,Octavio Lambois,1150422330,true,17000,16:30:00,1,2025-12-24 19:26:24.956324+00,,,,2025-12-24 19:26:24.956324+00
993,1,2025-12-30,17:00:00,Gianluca Labarile,1125732523,true,21000,18:00:00,3,2025-12-24 19:26:24.956324+00,,,,2025-12-24 19:26:24.956324+00
994,2,2025-12-23,17:00:00,Fermin jolis,1162674302,true,17000,18:00:00,3,2025-12-24 19:26:24.956324+00,,,,2025-12-24 19:26:24.956324+00
996,2,2025-12-24,13:00:00,Juan Parizzia,1166594532,true,17000,13:30:00,1,2025-12-24 19:26:24.956324+00,,,,2025-12-24 19:26:24.956324+00
997,2,2025-12-23,16:30:00,"Ciminieri bautista ",1167472367,true,17000,17:00:00,1,2025-12-24 19:26:24.956324+00,,,,2025-12-24 19:26:24.956324+00
999,2,2025-12-23,15:30:00,Fermín Bray,1157997986,true,17000,16:00:00,1,2025-12-24 19:26:24.956324+00,,,,2025-12-24 19:26:24.956324+00
1000,2,2025-12-24,12:30:00,Tomas Baranda,1151507348,true,17000,13:00:00,1,2025-12-24 19:26:24.956324+00,,,,2025-12-24 19:26:24.956324+00
1001,1,2025-12-26,16:00:00,Alejandro Cacetta,1151322629,true,17000,16:30:00,1,2025-12-24 19:26:24.956324+00,,,,2025-12-24 19:26:24.956324+00
1002,1,2025-12-26,17:30:00,Cristian Anzaldo,1168272839,true,17000,18:00:00,1,2025-12-24 19:26:24.956324+00,,,,2025-12-24 19:26:24.956324+00
1003,2,2025-12-26,15:00:00,Tadeo Breuning,1123125926,true,17000,15:30:00,1,2025-12-24 19:26:24.956324+00,,,,2025-12-24 19:26:24.956324+00
1004,1,2025-12-26,18:30:00,Mateo Estol,1167156100,true,17000,19:00:00,1,2025-12-24 19:26:24.956324+00,,,,2025-12-24 19:26:24.956324+00
1005,1,2025-12-26,11:00:00,Mateo Cristofalo,1138154401,true,21000,12:00:00,3,2025-12-24 19:26:24.956324+00,,,,2025-12-24 19:26:24.956324+00
1006,1,2025-12-23,10:30:00,Ramiro,1929295330,true,21000,11:00:00,1,2025-12-24 19:26:24.956324+00,,,,2025-12-24 19:26:24.956324+00
1007,1,2025-12-26,12:30:00,Jorge,1159304532,true,17000,13:00:00,1,2025-12-24 19:26:24.956324+00,,,,2025-12-24 19:26:24.956324+00
1008,1,2025-12-23,12:30:00,FRANCISCO BLANCO,1168212362,true,17000,13:00:00,1,2025-12-24 19:26:24.956324+00,,,,2025-12-24 19:26:24.956324+00
1009,2,2025-12-26,12:30:00,ignacio perez,1321131311,true,17000,13:00:00,1,2025-12-24 19:26:24.956324+00,,,,2025-12-24 19:26:24.956324+00
1010,1,2025-12-27,12:00:00,Nicolas Ferrari,1138450000,true,17000,12:30:00,1,2025-12-24 19:26:24.956324+00,,,,2025-12-24 19:26:24.956324+00
1011,2,2025-12-30,11:00:00,nico,,true,21000,12:00:00,3,2025-12-24 19:26:24.956324+00,,,,2025-12-24 19:26:24.956324+00
1013,1,2025-12-26,12:00:00,CAMILO SOSA,1155835285,true,17000,12:30:00,5,2025-12-24 19:26:24.956324+00,,,,2025-12-24 19:26:24.956324+00
1014,1,2025-12-27,12:30:00,Agustin alvin,1139323676,true,21000,13:30:00,3,2025-12-24 19:26:24.956324+00,,,,2025-12-24 19:26:24.956324+00
1017,2,2025-12-23,18:00:00,bauti,,true,17000,18:30:00,1,2025-12-24 19:26:24.956324+00,,,,2025-12-24 19:26:24.956324+00
1018,2,2026-01-02,13:00:00,FELIPE BLANCO,1137973201,true,17000,13:30:00,1,2025-12-24 19:26:24.956324+00,,,,2025-12-24 19:26:24.956324+00
1019,2,2025-12-26,11:00:00,"Pedro Salerno ",1165838180,true,17000,11:30:00,5,2025-12-24 19:26:24.956324+00,,,,2025-12-24 19:26:24.956324+00
1020,2,2025-12-26,10:30:00,Mariano Salerno,1165838107,true,17000,11:00:00,1,2025-12-24 19:26:24.956324+00,,,,2025-12-24 19:26:24.956324+00
1022,1,2025-12-26,19:00:00,Daniel,1136927011,true,17000,19:30:00,1,2025-12-24 19:26:24.956324+00,,,,2025-12-24 19:26:24.956324+00
1024,1,2025-12-27,10:30:00,Martín Díaz Villodas,1157802589,true,17000,11:00:00,1,2025-12-24 19:26:24.956324+00,,,,2025-12-24 19:26:24.956324+00
1026,1,2025-12-27,15:00:00,Martin,1131897109,true,21000,16:00:00,3,2025-12-24 19:26:24.956324+00,,,,2025-12-24 19:26:24.956324+00
1027,1,2025-12-27,16:00:00,Matteo,1131897109,true,17000,16:30:00,1,2025-12-24 19:26:24.956324+00,,,,2025-12-24 19:26:24.956324+00
1028,2,2025-12-26,16:30:00,agustín grosso,1159241533,true,17000,17:00:00,1,2025-12-24 19:26:24.956324+00,,,,2025-12-24 19:26:24.956324+00
1033,2,2025-12-26,13:00:00,Theo Mac Allister,1125293903,true,17000,13:30:00,1,2025-12-24 19:29:27.187467+00,,,,2025-12-24 19:29:27.187467+00
1035,2,2025-12-27,12:30:00,matias klein,1159648482,true,17000,13:00:00,1,2025-12-26 00:02:30.552979+00,,,,2025-12-26 00:02:30.552979+00
1036,2,2025-12-27,12:00:00,Mateo Perez Salvo,1138601347,true,17000,12:30:00,1,2025-12-26 03:11:02.038082+00,,,,2025-12-26 03:11:02.038082+00
1037,2,2025-12-30,10:30:00,"Fede Ledesma ",1168756813,true,17000,11:00:00,1,2025-12-26 03:44:24.80384+00,,,,2025-12-26 03:44:24.80384+00
1039,1,2025-12-27,16:30:00,"Tomas Guibaud ",1155230055,true,17000,17:00:00,1,2025-12-26 04:35:15.912382+00,,,,2025-12-26 04:35:15.912382+00
1040,2,2025-12-27,10:30:00,Rodrigo Salgado,1153323810,true,17000,11:00:00,1,2025-12-26 14:08:34.566137+00,,,,2025-12-26 14:08:34.566137+00
1041,2,2025-12-30,17:00:00,Federico Conde,1158039075,true,21000,18:00:00,3,2025-12-26 14:31:50.832704+00,,,,2025-12-26 14:31:50.832704+00
1043,2,2025-12-26,15:30:00,"Santiago ",1125608874,true,17000,16:00:00,1,2025-12-26 15:31:18.144368+00,,,,2025-12-26 15:31:18.144368+00
1044,1,2025-12-30,15:00:00,Federico Olivera,1158890445,true,21000,16:00:00,3,2025-12-26 15:52:01.162212+00,,,,2025-12-26 15:52:01.162212+00
1045,2,2025-12-26,16:00:00,ernesto,,true,17000,16:30:00,1,2025-12-26 16:40:16.174034+00,,,,2025-12-26 16:40:16.174034+00
1046,2,2025-12-26,17:30:00,juanma,,true,17000,18:00:00,1,2025-12-26 16:41:06.569313+00,,,,2025-12-26 16:41:06.569313+00
1047,2,2025-12-26,17:00:00,gonza,,true,17000,17:30:00,1,2025-12-26 16:41:15.414418+00,,,,2025-12-26 16:41:15.414418+00
1049,2,2025-12-30,13:00:00,"Juan ledesma ",1162720636,true,17000,13:30:00,1,2025-12-26 16:46:28.354471+00,,,,2025-12-26 16:46:28.354471+00
1050,2,2025-12-30,16:00:00,Benjamin Castro,1160106907,true,17000,16:30:00,1,2025-12-26 17:56:27.187828+00,,,,2025-12-26 17:56:27.187828+00
1051,1,2025-12-31,10:30:00,nacho stivil,,true,21000,11:30:00,3,2025-12-26 18:29:04.071+00,Facundo (Yayu),,,2025-12-26 18:29:04.071+00
1052,2,2025-12-26,19:00:00,Pipe,1131342275,true,17000,19:30:00,1,2025-12-26 19:42:13.812+00,Pipe,,,2025-12-26 19:42:13.812+00
1053,1,2025-12-27,17:00:00,"Nico de santis ",1137802778,true,17000,17:30:00,1,2025-12-26 20:23:17.643+00,"Nico de santis ",,,2025-12-26 20:23:17.643+00
1054,2,2025-12-27,13:00:00,Emanuel Sosa,1155835285,true,21000,13:30:00,1,2025-12-26 20:31:22.884+00,Emanuel Sosa,,,2025-12-26 20:31:22.884+00
1055,1,2025-12-30,18:00:00,Martin Sobrero,1163978559,true,17000,18:30:00,1,2025-12-26 22:51:49.396+00,Martin Sobrero,,,2025-12-26 22:51:49.396+00
1056,2,2025-12-27,11:30:00,Lucas,1162672505,true,17000,12:00:00,1,2025-12-26 22:56:37.779+00,Lucas,,,2025-12-26 22:56:37.779+00
1057,2,2025-12-27,15:00:00,Agustin Damico,1122579911,true,17000,15:30:00,1,2025-12-27 00:05:38.305+00,Agustin Damico,,,2025-12-27 00:05:38.305+00
1059,2,2025-12-30,18:00:00,"Hernan ",167060890,true,17000,18:30:00,1,2025-12-27 15:30:58.281+00,"Hernan ",,,2025-12-27 15:30:58.281+00
1060,1,2025-12-31,13:00:00,javi,,true,17000,13:30:00,1,2025-12-27 15:33:38.703+00,Facundo (Yayu),,,2025-12-27 15:33:38.703+00
1061,2,2025-12-27,16:30:00,"Santino ",1155230055,true,17000,17:00:00,1,2025-12-27 18:22:39.249+00,"Santino ",,,2025-12-27 18:22:39.249+00
1062,2,2025-12-27,15:30:00,pepi,,true,17000,16:00:00,1,2025-12-27 19:46:42.061+00,Martin,,,2025-12-27 19:46:42.061+00
1063,2,2025-12-27,16:00:00,bruno,,true,17000,16:30:00,1,2025-12-27 19:46:49.243+00,Martin,,,2025-12-27 19:46:49.243+00
1067,2,2025-12-27,18:30:00,asdasd,,true,0,19:30:00,3,2025-12-27 21:04:00.839+00,Martin,,,2025-12-27 21:04:00.839+00
1071,1,2025-12-27,19:00:00,asdasd,,false,,19:30:00,1,2025-12-27 21:46:08.817+00,Facundo (Yayu),,,2025-12-27 21:46:08.817+00
1072,1,2025-12-30,11:00:00,Tomas di chiara,1139027851,true,17000,11:30:00,1,2025-12-27 22:38:30.213+00,Tomas di chiara,,,2025-12-27 22:38:30.213+00
1074,1,2025-12-31,12:00:00,Luciano Dodera,1159649066,true,17000,12:30:00,1,2025-12-28 16:12:09.289+00,Luciano Dodera,,,2025-12-28 16:12:09.289+00
1075,1,2025-12-31,15:00:00,nacho goldmann,1155926103,true,17000,15:30:00,1,2025-12-28 17:29:14.524+00,nacho goldmann,,,2025-12-28 17:29:14.524+00
1076,1,2025-12-31,16:00:00,Reservado,0000000000,false,,19:30:00,1,2025-12-28 19:22:59.432+00,Facundo (Yayu),,,2025-12-28 19:22:59.432+00
1077,2,2025-12-31,16:00:00,Reservado,0000000000,false,,19:30:00,1,2025-12-28 19:23:18.695+00,Martin,,,2025-12-28 19:23:18.695+00
1078,2,2025-12-30,12:30:00,Agustín Roisman,1158239712,true,17000,13:00:00,1,2025-12-28 21:48:09.134+00,Agustín Roisman,,,2025-12-28 21:48:09.134+00
1079,1,2025-12-30,18:30:00,Federico Rodríguez Bonilla,1167468929,true,17000,19:00:00,1,2025-12-28 23:26:53.904+00,Federico Rodríguez Bonilla,,,2025-12-28 23:26:53.904+00
1080,2,2025-12-31,12:00:00,"Mateo ",1157567564,true,34000,12:30:00,5,2025-12-29 13:48:20.944+00,"Mateo ",,,2025-12-29 13:48:20.944+00
1081,1,2025-12-30,12:30:00,Pablo albe,1159764194,true,17000,13:00:00,1,2025-12-29 14:05:53.935+00,Pablo albe,,,2025-12-29 14:05:53.935+00
1082,2,2025-12-30,15:00:00,Mark Miranda,1158954348,true,17000,15:30:00,1,2025-12-29 14:19:24.536+00,Mark Miranda,,,2025-12-29 14:19:24.536+00
1083,2,2025-12-30,12:00:00,FERNANDO ROLLA,1151656447,true,17000,12:30:00,1,2025-12-29 15:00:28.719+00,FERNANDO ROLLA,,,2025-12-29 15:00:28.719+00
1084,1,2025-12-29,15:00:00,reservado,0000000000,false,,19:30:00,1,2025-12-29 16:54:24.057+00,Facundo (Yayu),,,2025-12-29 16:54:24.057+00
1085,2,2025-12-29,10:30:00,reservado,0000000000,false,,19:30:00,1,2025-12-29 16:55:19.555+00,Martin,,,2025-12-29 16:55:19.555+00
1088,2,2025-12-31,11:30:00,Hilario,1161778100,true,17000,12:00:00,5,2025-12-29 19:25:51.259+00,Hilario,,,2025-12-29 19:25:51.259+00
1089,1,2025-12-30,16:00:00,Juan Martín,1163529290,true,17000,16:30:00,1,2025-12-29 19:57:53.996+00,Juan Martín,,,2025-12-29 19:57:53.996+00
1090,1,2025-12-30,16:30:00,juan tomas,1162755471,true,17000,17:00:00,1,2025-12-29 21:06:43.603+00,juan tomas,,,2025-12-29 21:06:43.603+00
1091,1,2025-12-31,11:00:00,"Tomas Daversa ",1169608371,true,21000,12:00:00,3,2025-12-29 23:31:35.456+00,"Tomas Daversa ",,,2025-12-29 23:31:35.456+00
1092,1,2025-12-30,19:00:00,"Luciano Mozzino ",1166093111,true,17000,19:30:00,1,2025-12-30 01:08:20.834+00,"Luciano Mozzino ",,,2025-12-30 01:08:20.834+00
1093,2,2025-12-31,15:00:00,"Nahuel Pérez ",1123763791,true,17000,15:30:00,1,2025-12-30 02:06:50.256+00,"Nahuel Pérez ",,,2025-12-30 02:06:50.256+00
1094,2,2025-12-30,15:30:00,"Jonatan Marconcini ",1138210686,true,17000,16:00:00,1,2025-12-30 03:01:40.546+00,"Jonatan Marconcini ",,,2025-12-30 03:01:40.546+00
1095,2,2025-12-30,18:30:00,Francisco Poluyan,2494001261,true,17000,19:00:00,1,2025-12-30 10:52:38.635+00,Francisco Poluyan,,,2025-12-30 10:52:38.635+00
1096,2,2025-12-31,11:00:00,Gonzalo Fragala,1161831634,true,17000,11:30:00,1,2025-12-30 12:17:33.193+00,Gonzalo Fragala,,,2025-12-30 12:17:33.193+00
1097,1,2025-12-31,15:30:00,"federico frutos ",1126146441,true,17000,16:00:00,1,2025-12-30 12:25:14.868+00,"federico frutos ",,,2025-12-30 12:25:14.868+00
1099,1,2025-12-30,11:30:00,Benjamin levy,1167697336,true,17000,12:00:00,1,2025-12-30 13:03:43.078+00,Benjamin levy,,,2025-12-30 13:03:43.078+00
1100,2,2025-12-31,10:30:00,Lucas,166751794,true,21000,11:00:00,1,2025-12-30 13:41:09.936+00,Lucas,,,2025-12-30 13:41:09.936+00
1102,2,2025-12-31,12:30:00,Juan Moirano,1133449265,true,21000,13:30:00,3,2025-12-30 14:57:22.372+00,Juan Moirano,,,2025-12-30 14:57:22.372+00
1103,2,2025-12-31,15:30:00,Jonathan Zagni,1158893746,true,17000,16:00:00,1,2025-12-30 14:59:39.001+00,Jonathan Zagni,,,2025-12-30 14:59:39.001+00
1104,2,2025-12-30,16:30:00,"Fernando ",1169435257,true,17000,17:00:00,1,2025-12-30 15:59:39.613+00,"Fernando ",,,2025-12-30 15:59:39.613+00
1105,2,2025-12-30,19:00:00,"Nahuel Maldonado ",1169435257,true,17000,19:30:00,5,2025-12-30 16:19:12.517+00,"Nahuel Maldonado ",,,2025-12-30 16:19:12.517+00
1106,1,2026-01-03,15:00:00,David Levy,1135693197,true,17000,15:30:00,1,2025-12-30 17:09:05.705+00,David Levy,,,2025-12-30 17:09:05.705+00
1107,2,2026-01-02,16:00:00,Tomas Sanin,1161416868,true,17000,16:30:00,5,2025-12-31 01:27:38.659+00,Tomas Sanin,,,2025-12-31 01:27:38.659+00
1109,1,2026-01-02,11:00:00,Nicolás Cejas,1438431853,true,17000,11:30:00,1,2026-01-01 17:35:25.685+00,Nicolás Cejas,,,2026-01-01 17:35:25.685+00
1110,2,2026-01-03,10:30:00,"Guido Marroco ",1131600474,true,17000,11:00:00,1,2026-01-01 22:14:08.932+00,"Guido Marroco ",,,2026-01-01 22:14:08.932+00
1111,2,2026-01-03,11:00:00,"Polo Marroco ",1131600474,true,17000,11:30:00,1,2026-01-01 22:16:13.219+00,"Polo Marroco ",,,2026-01-01 22:16:13.219+00
1113,1,2026-01-02,17:30:00,Martin Bergara,1166178760,true,17000,18:00:00,1,2026-01-02 12:50:27.802+00,Martin Bergara,,,2026-01-02 12:50:27.802+00
1114,2,2026-01-02,17:30:00,Lucho bergara,1166178760,true,17000,18:00:00,1,2026-01-02 12:51:03.86+00,Lucho bergara,,,2026-01-02 12:51:03.86+00
1115,2,2026-01-03,19:00:00,Seba ✌🏼,1138590613,true,17000,19:30:00,1,2026-01-02 14:40:27.382+00,Seba ✌🏼,,,2026-01-02 14:40:27.382+00
1116,2,2026-01-03,19:00:00,Seba ✌🏼,1138590613,true,17000,19:30:00,1,2026-01-02 14:40:28.033+00,Seba ✌🏼,,,2026-01-02 14:40:28.033+00
1117,2,2026-01-05,17:30:00,Gustavo Fingeret,1164682144,false,,18:00:00,1,2026-01-02 15:34:56.44+00,Gustavo Fingeret,,,2026-01-02 15:34:56.44+00
1118,1,2026-01-02,18:00:00,"Axel González ",1164104106,true,17000,18:30:00,1,2026-01-02 15:41:14.723+00,"Axel González ",,,2026-01-02 15:41:14.723+00
1119,1,2026-01-02,18:30:00,reservado,0000000000,false,,19:30:00,1,2026-01-02 15:44:02.547+00,Facundo (Yayu),,,2026-01-02 15:44:02.547+00
1120,2,2026-01-02,18:30:00,reservado,0000000000,false,,19:30:00,1,2026-01-02 15:44:18.737+00,Martin,,,2026-01-02 15:44:18.737+00
1121,1,2026-01-03,15:30:00,Tomas Mendonca,1159135961,true,21000,16:30:00,3,2026-01-02 15:58:22.975+00,Tomas Mendonca,,,2026-01-02 15:58:22.975+00
1122,2,2026-01-07,15:00:00,Jose maria schweizer,1160257332,true,17000,15:30:00,1,2026-01-02 16:45:11.75+00,Jose maria schweizer,,,2026-01-02 16:45:11.75+00
1124,2,2026-01-03,18:00:00,Nicolas ojeda,1164849781,true,21000,19:00:00,3,2026-01-02 18:54:48.06+00,Nicolas ojeda,,,2026-01-02 18:54:48.06+00
1125,2,2026-01-02,18:00:00,puerta,,true,17000,18:30:00,1,2026-01-02 21:01:49.437+00,Martin,,,2026-01-02 21:01:49.437+00
1128,1,2026-01-03,12:00:00,Ramiro Spinelli,1137259564,true,21000,13:00:00,3,2026-01-03 05:14:13.471+00,Ramiro Spinelli,,,2026-01-03 05:14:13.471+00
1129,1,2026-01-03,17:00:00,Reservado,0000000000,false,,19:30:00,1,2026-01-03 12:34:20.709+00,Facundo (Yayu),,,2026-01-03 12:34:20.709+00
1132,2,2026-01-03,12:30:00,Francisco farias,1161032324,true,17000,13:00:00,1,2026-01-03 15:10:51.246+00,Francisco farias,,,2026-01-03 15:10:51.246+00
1133,2,2026-01-03,13:00:00,Facundo farias,1161032324,true,17000,13:30:00,5,2026-01-03 15:11:25.087+00,Facundo farias,,,2026-01-03 15:11:25.087+00
1135,2,2026-01-07,17:30:00,gustavo f,,true,17000,18:00:00,1,2026-01-03 15:35:58.157+00,Martin,,,2026-01-03 15:35:58.157+00
1137,2,2026-01-03,17:00:00,Gianluca Vernazza,1165861050,true,21000,18:00:00,3,2026-01-03 16:24:34.213+00,Gianluca Vernazza,,,2026-01-03 16:24:34.213+00
1138,2,2026-01-03,16:30:00,puerta,,true,17000,17:00:00,1,2026-01-03 19:30:37.763+00,Martin,,,2026-01-03 19:30:37.763+00
1139,2,2026-01-08,11:00:00,Nico,1153885736,true,21000,12:00:00,3,2026-01-04 14:09:20.242+00,Nico,,,2026-01-04 14:09:20.242+00
1141,1,2026-01-07,18:30:00,Matias Myma,1121687855,true,21000,19:30:00,3,2026-01-04 23:13:04.092+00,Matias Myma,,,2026-01-04 23:13:04.092+00
1142,2,2026-01-06,15:00:00,Bautista Suarez,1136091166,true,17000,15:30:00,1,2026-01-05 04:17:56.255+00,Bautista Suarez,,,2026-01-05 04:17:56.255+00
1144,1,2026-01-06,15:00:00,Santiago Natale,1151753906,true,17000,15:30:00,1,2026-01-05 17:39:25.543+00,Santiago Natale,,,2026-01-05 17:39:25.543+00
1147,2,2026-01-07,15:30:00,Thadeo Gargano,1161844614,true,17000,16:00:00,1,2026-01-05 22:36:42.736+00,Thadeo Gargano,,,2026-01-05 22:36:42.736+00
1148,1,2026-01-06,15:30:00,Franco Moiana,1165581998,true,17000,16:00:00,1,2026-01-05 23:04:24.993+00,Franco Moiana,,,2026-01-05 23:04:24.993+00
1149,1,2026-01-06,16:00:00,"Camilo ",1165581998,true,17000,16:30:00,1,2026-01-05 23:04:52.766+00,"Camilo ",,,2026-01-05 23:04:52.766+00
1150,2,2026-01-10,15:00:00,santino vernazza,1180591127,true,17000,15:30:00,1,2026-01-05 23:11:22.506+00,santino vernazza,,,2026-01-05 23:11:22.506+00
1151,2,2026-01-09,17:30:00,Alejandro Fragala,1133960717,true,17000,18:30:00,3,2026-01-06 00:27:41.335+00,Alejandro Fragala,,,2026-01-06 00:27:41.335+00
1153,1,2026-01-09,18:30:00,"Nahuel noguera ",1132136910,true,21000,19:30:00,3,2026-01-06 13:31:18.722+00,"Nahuel noguera ",,,2026-01-06 13:31:18.722+00
1155,2,2026-01-08,19:00:00,Francisco Benvenuto,1167538038,true,17000,19:30:00,1,2026-01-06 14:36:48.826+00,Francisco Benvenuto,,,2026-01-06 14:36:48.826+00
1156,1,2026-01-07,17:00:00,nacho sil,,true,17000,17:30:00,1,2026-01-06 14:37:59.05+00,Facundo (Yayu),,,2026-01-06 14:37:59.05+00
1158,1,2026-01-06,17:30:00,Nacho Moirano,1133446031,true,17000,18:00:00,1,2026-01-06 15:16:02.336+00,Nacho Moirano,,,2026-01-06 15:16:02.336+00
1161,2,2026-01-10,16:00:00,Lorenzo Rizzo,1178904512,true,17000,16:30:00,1,2026-01-06 15:24:23.409+00,Lorenzo Rizzo,,,2026-01-06 15:24:23.409+00
1162,2,2026-01-06,15:30:00,Tuti Gelormini,1165016970,true,21000,16:30:00,3,2026-01-06 15:31:10.291+00,Tuti Gelormini,,,2026-01-06 15:31:10.291+00
1166,2,2026-01-10,15:30:00,Benjamin Rizzo,1168770878,true,17000,16:00:00,1,2026-01-06 16:13:16.011+00,Benjamin Rizzo,,,2026-01-06 16:13:16.011+00
1167,1,2026-01-07,10:30:00,Lucas de la vega,1141670334,true,17000,11:00:00,1,2026-01-06 17:45:06.195+00,Lucas de la vega,,,2026-01-06 17:45:06.195+00
1168,2,2026-01-08,18:30:00,hilario,112233445566,true,17000,19:00:00,1,2026-01-06 18:15:58.456+00,Martin,,,2026-01-06 18:15:58.456+00
1169,2,2026-01-06,18:00:00,Martin,1130424419,true,17000,18:30:00,1,2026-01-06 18:18:35.277+00,Martin,,,2026-01-06 18:18:35.277+00
1170,2,2026-01-09,17:00:00,titi batistella,1132024257,true,17000,17:30:00,1,2026-01-06 19:19:57.462+00,titi batistella,,,2026-01-06 19:19:57.462+00
1171,1,2026-01-09,11:30:00,Alejandro,,true,17000,12:00:00,1,2026-01-06 19:51:12.506+00,Facundo (Yayu),,,2026-01-06 19:51:12.506+00
1173,1,2026-01-07,11:00:00,Luca Veliz,1131245506,true,17000,11:30:00,1,2026-01-06 21:58:36.786+00,Luca Veliz,,,2026-01-06 21:58:36.786+00
1174,1,2026-01-08,18:00:00,Federico Mattei,1133456487,true,21000,19:00:00,3,2026-01-06 23:00:11.816+00,Federico Mattei,,,2026-01-06 23:00:11.816+00
1177,1,2026-01-08,12:00:00,Lautaro Rodriguez,2235444775,true,21000,13:00:00,3,2026-01-07 13:12:11.463+00,Lautaro Rodriguez,,,2026-01-07 13:12:11.463+00
1178,2,2026-01-07,16:30:00,miguel,,true,17000,17:00:00,1,2026-01-07 13:20:17.343+00,Martin,,,2026-01-07 13:20:17.343+00
1182,1,2026-01-07,16:00:00,eliseo,,true,17000,16:30:00,1,2026-01-07 13:42:59.626+00,Facundo (Yayu),,,2026-01-07 13:42:59.626+00
1183,2,2026-01-08,16:30:00,Federico Conde,1158039075,true,21000,17:30:00,3,2026-01-07 13:45:33.673+00,Federico Conde,,,2026-01-07 13:45:33.673+00
1184,1,2026-01-07,11:30:00,"Gonza ",1132923452,true,17000,12:00:00,1,2026-01-07 13:49:33.583+00,"Gonza ",,,2026-01-07 13:49:33.583+00
1187,1,2026-01-07,18:00:00,Ignacio Estivill,1121652618,true,17000,18:30:00,1,2026-01-07 14:54:01.657+00,Ignacio Estivill,,,2026-01-07 14:54:01.657+00
1188,2,2026-01-08,17:30:00,luca garbarini,1153855011,true,17000,18:00:00,1,2026-01-07 14:56:20.182+00,luca garbarini,,,2026-01-07 14:56:20.182+00
1189,2,2026-01-08,16:00:00,Tiziano Antonini,1134518494,true,17000,16:30:00,1,2026-01-07 15:03:52.722+00,Tiziano Antonini,,,2026-01-07 15:03:52.722+00
1190,1,2026-01-09,17:30:00,Ivan Hirsch Fernandez,1165280396,true,17000,18:30:00,3,2026-01-07 15:30:25.273+00,Ivan Hirsch Fernandez,,,2026-01-07 15:30:25.273+00
1194,1,2026-01-07,16:30:00,mariano,,true,17000,17:00:00,1,2026-01-07 16:23:57.382+00,Facundo (Yayu),,,2026-01-07 16:23:57.382+00
1197,2,2026-01-07,19:00:00,Federico Ezequiel Vicente Rua,1568698762,true,17000,19:30:00,1,2026-01-07 17:31:20.652+00,Federico Ezequiel Vicente Rua,,,2026-01-07 17:31:20.652+00
1199,2,2026-01-07,18:30:00,nico paz,,true,17000,19:00:00,1,2026-01-07 17:39:29.836+00,Martin,,,2026-01-07 17:39:29.836+00
1200,1,2026-01-09,13:00:00,Flavio benedetti,,true,17000,13:30:00,1,2026-01-07 18:21:33.25+00,Facundo (Yayu),,,2026-01-07 18:21:33.25+00
1201,2,2026-01-07,17:00:00,Eduardo,,true,17000,17:30:00,1,2026-01-07 20:01:23.98+00,Martin,,,2026-01-07 20:01:23.98+00
1202,2,2026-01-09,16:00:00,Juan manuel novo,1154145310,true,17000,16:30:00,1,2026-01-07 21:03:05.996+00,Juan manuel novo,,,2026-01-07 21:03:05.996+00
1203,2,2026-01-09,16:30:00,Santino Novo,1154145310,true,17000,17:00:00,5,2026-01-07 21:03:36.831+00,Santino Novo,,,2026-01-07 21:03:36.831+00
1204,2,2026-01-10,10:30:00,"Diego ",1169733928,true,17000,11:00:00,1,2026-01-07 22:54:40.768+00,"Diego ",,,2026-01-07 22:54:40.768+00
1205,2,2026-01-10,12:30:00,"Juan Iskandarani ",1133491708,true,17000,13:00:00,1,2026-01-07 23:32:45.521+00,"Juan Iskandarani ",,,2026-01-07 23:32:45.521+00
1206,2,2026-01-10,13:00:00,"Javier camozzi ",3415328035,true,17000,13:30:00,1,2026-01-08 02:05:35.115+00,"Javier camozzi ",,,2026-01-08 02:05:35.115+00
1209,1,2026-01-08,17:00:00,Donald,,true,17000,17:30:00,1,2026-01-08 13:35:05.354+00,Facundo (Yayu),,,2026-01-08 13:35:05.354+00
1210,2,2026-01-09,11:30:00,dante garay,1151525750,true,17000,12:00:00,1,2026-01-08 15:54:11.612+00,dante garay,,,2026-01-08 15:54:11.612+00
1212,1,2026-01-09,10:30:00,"Santiago ",1126430079,true,17000,11:00:00,1,2026-01-08 17:24:36.267+00,"Santiago ",,,2026-01-08 17:24:36.267+00
1213,1,2026-01-09,11:00:00,"Francisco ",1126430079,true,17000,11:30:00,1,2026-01-08 17:25:16.848+00,"Francisco ",,,2026-01-08 17:25:16.848+00
1215,1,2026-01-09,17:00:00,Pedro Izuel,1157231859,true,17000,17:30:00,1,2026-01-08 21:30:50.169+00,Pedro Izuel,,,2026-01-08 21:30:50.169+00
1216,2,2026-01-10,16:30:00,bautista cortigiani,1127873050,true,21000,17:30:00,3,2026-01-08 22:26:39.571+00,bautista cortigiani,,,2026-01-08 22:26:39.571+00
1218,1,2026-01-09,16:00:00,"Tomas Daversa ",1169608371,true,21000,17:00:00,3,2026-01-09 02:14:36.747+00,"Tomas Daversa ",,,2026-01-09 02:14:36.747+00
1219,2,2026-01-09,11:00:00,"Tomas Dall’asta ",1144094999,true,17000,11:30:00,1,2026-01-09 02:21:23.05+00,"Tomas Dall’asta ",,,2026-01-09 02:21:23.05+00
1220,1,2026-01-09,15:30:00,"Axel ",1164104106,true,17000,16:00:00,1,2026-01-09 02:51:41.274+00,"Axel ",,,2026-01-09 02:51:41.274+00
1221,2,2026-01-09,15:30:00,Nicolas Fingeret,1176137593,true,17000,16:00:00,1,2026-01-09 06:32:53.493+00,Nicolas Fingeret,,,2026-01-09 06:32:53.493+00
1223,2,2026-01-09,12:00:00,Andres Poluyan,1567935333,true,17000,12:30:00,1,2026-01-09 12:36:01.561+00,Andres Poluyan,,,2026-01-09 12:36:01.561+00
1224,1,2026-01-09,12:00:00,marcos,,true,17000,12:30:00,1,2026-01-09 13:33:44.312+00,Facundo (Yayu),,,2026-01-09 13:33:44.312+00
1225,2,2026-01-09,18:30:00,Vic,,true,17000,19:00:00,1,2026-01-09 13:47:49.626+00,Martin,,,2026-01-09 13:47:49.626+00
1227,1,2026-01-10,12:30:00,Pedro Mario Bogado Benítez,1162086046,true,17000,13:00:00,1,2026-01-09 18:11:41.489+00,Pedro Mario Bogado Benítez,,,2026-01-09 18:11:41.489+00
1228,2,2026-01-10,11:00:00,"Marcos Biagini ",1126280420,true,17000,11:30:00,1,2026-01-09 18:48:53.645+00,"Marcos Biagini ",,,2026-01-09 18:48:53.645+00
1229,2,2026-01-10,18:00:00,giani,,true,17000,18:30:00,1,2026-01-09 22:23:50.568+00,Martin,,,2026-01-09 22:23:50.568+00
1230,1,2026-01-14,12:00:00,Juan Martin Gugliotta,1165629773,true,19000,12:30:00,1,2026-01-10 12:24:34.955+00,Juan Martin Gugliotta,,,2026-01-10 12:24:34.955+00
1231,2,2026-01-10,12:00:00,"Chino ",1127291009,true,17000,12:30:00,1,2026-01-10 13:03:51.637+00,"Chino ",,,2026-01-10 13:03:51.637+00
1232,1,2026-01-10,13:00:00,Cifu,1141696938,true,17000,13:30:00,1,2026-01-10 14:13:28.456+00,Cifu,,,2026-01-10 14:13:28.456+00
1233,1,2026-01-10,12:00:00,franco,,true,10000,12:30:00,2,2026-01-10 14:14:21.359+00,Facundo (Yayu),,,2026-01-10 14:14:21.359+00
1234,1,2026-01-10,15:00:00,ernesto,,true,17000,16:00:00,3,2026-01-10 14:14:37.186+00,Facundo (Yayu),,,2026-01-10 14:14:37.186+00
1238,1,2026-01-10,17:00:00,"Juan Pablo Garbarini ",1128716055,true,17000,17:30:00,1,2026-01-10 16:26:47.753+00,"Juan Pablo Garbarini ",,,2026-01-10 16:26:47.753+00
1239,1,2026-01-13,17:00:00,Gianluca Labarile,1125732523,true,21000,18:00:00,3,2026-01-10 16:27:38.765+00,Gianluca Labarile,,,2026-01-10 16:27:38.765+00
1240,1,2026-01-20,17:00:00,Gianluca Labarile,1125732523,true,21000,18:00:00,3,2026-01-10 16:28:38.025+00,Gianluca Labarile,,,2026-01-10 16:28:38.025+00
1241,1,2026-01-10,17:30:00,Mateo Dodera,1167272468,true,21000,18:30:00,3,2026-01-10 16:44:40.992+00,Mateo Dodera,,,2026-01-10 16:44:40.992+00
1242,1,2026-01-10,16:30:00,Agus Longobuco,1136878708,true,17000,17:00:00,1,2026-01-10 16:48:41.874+00,Agus Longobuco,,,2026-01-10 16:48:41.874+00
1244,2,2026-01-13,18:00:00,Massimo Rizzo,1156416270,true,19000,18:30:00,1,2026-01-10 20:00:18.289+00,Massimo Rizzo,,,2026-01-10 20:00:18.289+00
1245,2,2026-01-13,16:00:00,"Martín ",62714575,true,19000,16:30:00,1,2026-01-10 20:49:44.409+00,"Martín ",,,2026-01-10 20:49:44.409+00
1247,2,2026-01-15,18:00:00,"Facundo Donegana ",1164210981,true,19000,18:30:00,1,2026-01-11 23:16:15.259+00,"Facundo Donegana ",,,2026-01-11 23:16:15.259+00
1248,2,2026-01-15,18:30:00,"Benjamín Donegana ",1164210981,true,19000,19:00:00,1,2026-01-11 23:16:48.59+00,"Benjamín Donegana ",,,2026-01-11 23:16:48.59+00
1249,2,2026-01-15,19:00:00,"Nicolas Donegana ",1164210981,true,19000,19:30:00,1,2026-01-11 23:17:18.97+00,"Nicolas Donegana ",,,2026-01-11 23:17:18.97+00
1250,2,2026-01-13,15:30:00,"Martino ",1153873466,true,19000,16:00:00,1,2026-01-11 23:37:57.161+00,"Martino ",,,2026-01-11 23:37:57.161+00
1251,2,2026-01-13,16:30:00,nacho lisanti,1132188865,true,19000,17:00:00,1,2026-01-12 00:04:50.82+00,nacho lisanti,,,2026-01-12 00:04:50.82+00
1252,2,2026-01-13,17:00:00,nacho li santi,1132188865,true,19000,17:30:00,1,2026-01-12 00:06:46.118+00,nacho li santi,,,2026-01-12 00:06:46.118+00
1255,2,2026-01-13,17:30:00,"Facundo Barra ",1170207673,true,19000,18:00:00,1,2026-01-12 04:48:28.398+00,"Facundo Barra ",,,2026-01-12 04:48:28.398+00
1256,2,2026-01-14,15:00:00,"Joaquín ",1121844264,true,19000,16:00:00,3,2026-01-12 12:57:30.329+00,"Joaquín ",,,2026-01-12 12:57:30.329+00
1257,1,2026-01-13,18:00:00,Nicolas Gaido,1167226336,true,19000,18:30:00,1,2026-01-12 16:47:47.254+00,Nicolas Gaido,,,2026-01-12 16:47:47.254+00
1258,1,2026-01-15,18:30:00,Juan Cristofalo,1162733394,true,21000,19:30:00,3,2026-01-12 18:19:32.239+00,Juan Cristofalo,,,2026-01-12 18:19:32.239+00
1259,1,2026-01-15,12:00:00,Luciano Dodera,1159649066,true,19000,12:30:00,1,2026-01-12 22:15:17.137+00,Luciano Dodera,,,2026-01-12 22:15:17.137+00
1260,2,2026-01-14,19:00:00,Juan Pablo,1157649922,true,19000,19:30:00,1,2026-01-12 22:38:34.293+00,Juan Pablo,,,2026-01-12 22:38:34.293+00
1261,1,2026-01-13,13:00:00,Javier Fondevila,1131557207,true,19000,13:30:00,1,2026-01-13 00:01:47.242+00,Javier Fondevila,,,2026-01-13 00:01:47.242+00
1262,2,2026-01-15,11:00:00,Nico B,,true,12000,12:00:00,3,2026-01-13 10:27:59.743+00,Martin,,,2026-01-13 10:27:59.743+00
1265,2,2026-01-13,18:30:00,Nico pricolo,1122857867,true,23000,19:30:00,3,2026-01-13 13:53:53.325+00,Nico pricolo,,,2026-01-13 13:53:53.325+00
1266,1,2026-01-13,12:30:00,Juani,1169700431,true,19000,13:00:00,1,2026-01-13 14:05:43.562+00,Juani,,,2026-01-13 14:05:43.562+00
1267,1,2026-01-14,11:00:00,"Agustín Dodera ",1150398159,true,19000,11:30:00,1,2026-01-13 14:53:14.394+00,"Agustín Dodera ",,,2026-01-13 14:53:14.394+00
1268,1,2026-01-14,10:30:00,Juan Manuel Ottaviano,1127195413,true,19000,11:00:00,1,2026-01-13 15:13:48.844+00,Juan Manuel Ottaviano,,,2026-01-13 15:13:48.844+00
1269,1,2026-01-13,15:30:00,pablo,1131626589,true,19000,16:00:00,1,2026-01-13 15:32:10.937+00,pablo,,,2026-01-13 15:32:10.937+00
1271,1,2026-01-16,16:00:00,"Axel González ",1164104106,true,19000,16:30:00,1,2026-01-13 16:30:39.657+00,"Axel González ",,,2026-01-13 16:30:39.657+00
1273,1,2026-01-13,16:00:00,Santiago Nadin,1155634941,true,19000,16:30:00,1,2026-01-13 17:57:15.992+00,Santiago Nadin,,,2026-01-13 17:57:15.992+00
1274,2,2026-01-15,10:30:00,Facundo Iskandarani,1164105626,true,19000,11:00:00,1,2026-01-13 18:28:54.541+00,Facundo Iskandarani,,,2026-01-13 18:28:54.541+00
1275,2,2026-01-14,16:00:00,juani,,true,19000,16:30:00,1,2026-01-13 19:06:49.995+00,Martin,,,2026-01-13 19:06:49.995+00
1276,1,2026-01-14,19:00:00,Facundo de la Fuente,1139521883,true,19000,19:30:00,1,2026-01-13 21:05:46.408+00,Facundo de la Fuente,,,2026-01-13 21:05:46.408+00
1278,2,2026-01-14,18:00:00,Pedro Alvarez Ameijeira,1156940857,true,19000,18:30:00,5,2026-01-13 21:45:24.592+00,Pedro Alvarez Ameijeira,,,2026-01-13 21:45:24.592+00
1280,1,2026-01-14,12:30:00,Ramiro nasif,1122518748,true,23000,13:30:00,3,2026-01-13 22:54:00.757+00,Ramiro nasif,,,2026-01-13 22:54:00.757+00
1282,1,2026-01-14,18:00:00,Mauro coronel,1159820607,true,19000,18:30:00,1,2026-01-14 02:35:52.759+00,Mauro coronel,,,2026-01-14 02:35:52.759+00
1283,2,2026-01-15,17:30:00,Fermin,1157997986,true,19000,18:00:00,1,2026-01-14 11:25:52.725+00,Fermín Bray,,,2026-01-14 11:25:52.725+00
1284,2,2026-01-14,10:30:00,R,0000000000,false,,13:00:00,1,2026-01-14 12:10:55.791+00,Martin,,,2026-01-14 12:10:55.791+00
1286,1,2026-01-20,12:00:00,Andrés el más lindo,1135918233,true,21000,13:00:00,3,2026-01-14 13:02:58.537+00,Andrés el más lindo,,,2026-01-14 13:02:58.537+00
1287,1,2026-01-14,18:30:00,patricio maravert,1134983232,true,19000,19:00:00,1,2026-01-14 13:30:48.697+00,patricio maravert,,,2026-01-14 13:30:48.697+00
1290,1,2026-01-14,16:00:00,chapa,,true,21000,17:00:00,3,2026-01-14 14:26:51.847+00,Facundo (Yayu),,,2026-01-14 14:26:51.847+00
1292,1,2026-01-15,11:30:00,Leandro Calvo,1136867855,true,19000,12:00:00,1,2026-01-14 14:31:05.019+00,Leandro Calvo,,,2026-01-14 14:31:05.019+00
1293,1,2026-01-16,15:00:00,"Gabriel (Hermano de Nico) ",1131061952,true,19000,15:30:00,1,2026-01-14 14:38:16.496+00,"Gabriel (Hermano de Nico) ",,,2026-01-14 14:38:16.496+00
1294,1,2026-01-16,17:00:00,Julian Huber,1156690721,true,21000,18:00:00,3,2026-01-14 14:42:00.478+00,Julian Huber,,,2026-01-14 14:42:00.478+00
1295,2,2026-01-16,18:30:00,Pablo Cariglino,1133216714,true,19000,19:00:00,1,2026-01-14 14:55:32.772+00,Pablo Cariglino,,,2026-01-14 14:55:32.772+00
1296,1,2026-01-14,17:00:00,Roberto parrado,1149984753,true,19000,17:30:00,1,2026-01-14 15:19:23.679+00,Roberto parrado,,,2026-01-14 15:19:23.679+00
1297,1,2026-01-15,17:30:00,Agustin dilascio,1140236441,true,19000,18:00:00,1,2026-01-14 15:58:47.12+00,Agustin dilascio,,,2026-01-14 15:58:47.12+00
1298,2,2026-01-17,10:30:00,Ivan Mercado,1134251311,true,19000,11:00:00,1,2026-01-14 16:00:11.239+00,Ivan Mercado,,,2026-01-14 16:00:11.239+00
1302,2,2026-01-14,16:30:00,"Gaspar Cherniavsky ",1136902591,true,19000,17:00:00,1,2026-01-14 19:00:17.156+00,"Gaspar Cherniavsky ",,,2026-01-14 19:00:17.156+00
1303,2,2026-01-14,17:00:00,Nicolas Diedrichs,1123290680,true,19000,17:30:00,1,2026-01-14 19:00:32.776+00,Nicolas Diedrichs,,,2026-01-14 19:00:32.776+00
1304,1,2026-01-15,11:00:00,David Nataniel Caceres,1166866100,true,19000,11:30:00,1,2026-01-14 19:08:33.676+00,David Nataniel Caceres,,,2026-01-14 19:08:33.676+00
1308,1,2026-01-15,18:00:00,Gonzalo Franzoy,1149142537,true,19000,18:30:00,1,2026-01-14 20:49:56.314+00,Gonzalo Franzoy,,,2026-01-14 20:49:56.314+00
1309,2,2026-01-15,12:00:00,Leonel Ghersi,1134925200,true,19000,12:30:00,1,2026-01-14 20:51:29.892+00,Leonel Ghersi,,,2026-01-14 20:51:29.892+00
1310,1,2026-01-16,18:00:00,"Federico De Santis ",1177169019,true,19000,18:30:00,1,2026-01-14 23:44:42.138+00,"Federico De Santis ",,,2026-01-14 23:44:42.138+00
1311,2,2026-01-15,13:00:00,"Rodrigo larre ",1130403257,true,19000,13:30:00,1,2026-01-14 23:57:29.036+00,"Rodrigo larre ",,,2026-01-14 23:57:29.036+00
1319,1,2026-01-20,11:00:00,"Lucas ",1554931688,true,19000,11:30:00,1,2026-01-15 15:13:32.334+00,"Lucas ",,,2026-01-15 15:13:32.334+00
1320,2,2026-01-15,12:30:00,tomas,,true,19000,13:00:00,1,2026-01-15 15:15:34.152+00,Martin,,,2026-01-15 15:15:34.152+00
1321,2,2026-01-16,15:30:00,Juan ledesma,1162720636,true,19000,16:00:00,1,2026-01-15 15:22:49.423+00,Juan ledesma,,,2026-01-15 15:22:49.423+00
1322,2,2026-01-16,17:30:00,Gaston pablo Monasterolo,1132553163,true,19000,18:00:00,1,2026-01-15 17:57:38.266+00,Gaston pablo Monasterolo,,,2026-01-15 17:57:38.266+00
1325,1,2026-01-16,11:30:00,Rama,1176105314,true,19000,12:00:00,1,2026-01-15 18:21:53.485+00,Rama,,,2026-01-15 18:21:53.485+00
1327,2,2026-01-16,18:00:00,Agustin Roisman,1158239712,true,19000,18:30:00,1,2026-01-15 19:29:11.604+00,Agustin Roisman,,,2026-01-15 19:29:11.604+00
1331,1,2026-01-17,18:00:00,Francisco Grippo,1138301019,true,19000,18:30:00,1,2026-01-15 20:02:06.593+00,Francisco Grippo,,,2026-01-15 20:02:06.593+00
1332,1,2026-01-16,18:30:00,leo,,true,19000,19:00:00,1,2026-01-15 21:08:44.634+00,Martin,,,2026-01-15 21:08:44.634+00
1333,2,2026-01-17,17:30:00,Gianluca Vernazza,1165861050,true,19000,18:00:00,1,2026-01-16 10:40:31.906+00,Gianluca Vernazza,,,2026-01-16 10:40:31.906+00
1334,2,2026-01-16,17:00:00,Jonathan zagni,1558893746,true,19000,17:30:00,1,2026-01-16 10:57:40.98+00,Jonathan zagni,,,2026-01-16 10:57:40.98+00
1335,1,2026-01-16,10:30:00,"Pablo ",1159764194,true,19000,11:00:00,1,2026-01-16 11:55:22.835+00,"Pablo ",,,2026-01-16 11:55:22.835+00
1336,2,2026-01-16,16:00:00,Juan Carlos Chá Torea,1159497109,true,23000,17:00:00,3,2026-01-16 12:29:35.133+00,Juan Carlos Chá Torea,,,2026-01-16 12:29:35.133+00
1337,2,2026-01-16,10:30:00,señor,,true,19000,11:00:00,1,2026-01-16 13:33:38.293+00,Martin,,,2026-01-16 13:33:38.293+00
1338,2,2026-01-16,19:00:00,German scherma,1169711380,true,19000,19:30:00,1,2026-01-16 13:47:31.16+00,German scherma,,,2026-01-16 13:47:31.16+00
1339,2,2026-01-16,12:00:00,Leon,,true,19000,12:30:00,1,2026-01-16 14:38:37.669+00,Martin,,,2026-01-16 14:38:37.669+00
1340,2,2026-01-17,11:00:00,osvi,,true,19000,11:30:00,1,2026-01-16 14:50:07.632+00,Martin,,,2026-01-16 14:50:07.632+00
1341,1,2026-01-17,11:30:00,Camilo,1165581998,true,19000,12:00:00,1,2026-01-16 15:39:25.788+00,Camilo,,,2026-01-16 15:39:25.788+00
1342,1,2026-01-17,12:00:00,Franco,1165581998,true,19000,12:30:00,1,2026-01-16 15:39:44.886+00,Franco,,,2026-01-16 15:39:44.886+00
1344,2,2026-01-23,15:00:00,Sebastian Molinari,1167973180,true,23000,16:00:00,3,2026-01-16 19:19:35.024+00,Sebastian Molinari,,,2026-01-16 19:19:35.024+00
1347,2,2026-01-17,15:00:00,Mark,1158954348,true,19000,15:30:00,1,2026-01-16 20:08:18.1+00,Mark,,,2026-01-16 20:08:18.1+00
1348,2,2026-01-17,12:30:00,Martin,1130424419,true,19000,13:00:00,1,2026-01-16 20:16:40.995+00,Martin,,,2026-01-16 20:16:40.995+00
1349,1,2026-01-17,10:30:00,jorge,,true,19000,11:00:00,1,2026-01-16 21:32:06.576+00,Facundo (Yayu),,,2026-01-16 21:32:06.576+00
1351,2,2026-01-17,17:00:00,Sebas,,true,23000,17:30:00,1,2026-01-16 23:25:50.683+00,Martin,,,2026-01-16 23:25:50.683+00
1352,1,2026-01-17,16:30:00,Toto,1122454712,true,23000,17:30:00,3,2026-01-17 02:24:31.043+00,Toto,,,2026-01-17 02:24:31.043+00
1353,2,2026-01-17,16:00:00,"Felipe Beliera Torres ",1128820008,true,19000,16:30:00,1,2026-01-17 03:02:31.79+00,"Felipe Beliera Torres ",,,2026-01-17 03:02:31.79+00
1355,2,2026-01-17,13:00:00,Felipe Blanco,1137973201,true,19000,13:30:00,1,2026-01-17 10:26:59.163+00,Felipe Blanco,,,2026-01-17 10:26:59.163+00
1356,1,2026-01-17,11:00:00,"Tomas D’Aversa ",1169608371,true,19000,11:30:00,1,2026-01-17 13:35:01.384+00,"Tomas D’Aversa ",,,2026-01-17 13:35:01.384+00
1357,2,2026-01-17,18:30:00,dante,,true,19000,19:00:00,1,2026-01-17 13:59:13.553+00,Martin,,,2026-01-17 13:59:13.553+00
1358,1,2026-01-17,18:30:00,"Nicolás Grasso ",1122996333,true,23000,19:30:00,3,2026-01-17 15:35:37.006+00,"Nicolás Grasso ",,,2026-01-17 15:35:37.006+00
1359,2,2026-01-17,18:00:00,"santino dandrea ",1140800976,true,19000,18:30:00,1,2026-01-17 16:32:04.841+00,"santino dandrea ",,,2026-01-17 16:32:04.841+00
1362,1,2026-01-20,15:00:00,Federico Falotico,1158678400,true,19000,16:00:00,3,2026-01-18 02:00:41.575+00,Federico Falotico,,,2026-01-18 02:00:41.575+00
1363,2,2026-01-20,18:30:00,Nicolas Ojeda,1164849781,true,19000,19:00:00,1,2026-01-19 15:23:16.909+00,Nicolas Ojeda,,,2026-01-19 15:23:16.909+00
1365,2,2026-01-20,16:30:00,Coco,1133020000,true,23000,17:30:00,3,2026-01-19 16:51:44.285+00,Coco,,,2026-01-19 16:51:44.285+00
1366,2,2026-01-22,15:00:00,Jose maria schweizer,1160257332,true,19000,15:30:00,1,2026-01-19 19:01:46.084+00,Jose maria schweizer,,,2026-01-19 19:01:46.084+00
1367,2,2026-01-22,10:30:00,Alejandro Poluyan,1167935666,true,19000,11:00:00,1,2026-01-19 19:10:10.915+00,Alejandro Poluyan,,,2026-01-19 19:10:10.915+00
1368,1,2026-01-22,17:30:00,Cristian Anzaldo,1168272839,true,19000,18:00:00,1,2026-01-20 02:33:08.43+00,Cristian Anzaldo,,,2026-01-20 02:33:08.43+00
1373,1,2026-01-23,19:00:00,"Martín Díaz Villodas ",1157802589,true,19000,19:30:00,1,2026-01-20 12:02:36.157+00,"Martín Díaz Villodas ",,,2026-01-20 12:02:36.157+00
1374,2,2026-01-21,15:00:00,Guido Provinzano,1156450321,true,19000,15:30:00,1,2026-01-20 12:09:40.965+00,Guido Provinzano,,,2026-01-20 12:09:40.965+00
1375,2,2026-01-20,18:00:00,"Fermin Jolis ",1162674302,true,19000,18:30:00,1,2026-01-20 13:02:36.359+00,"Fermin Jolis ",,,2026-01-20 13:02:36.359+00
1376,1,2026-01-21,16:00:00,"Marcelo ",1159498018,true,23000,17:00:00,3,2026-01-20 13:24:47.122+00,"Marcelo ",,,2026-01-20 13:24:47.122+00
1378,1,2026-01-22,17:00:00,Federico Olivera,1158890445,true,19000,17:30:00,1,2026-01-20 14:32:49.566+00,Federico Olivera,,,2026-01-20 14:32:49.566+00
1380,1,2026-01-20,11:30:00,señor,,true,19000,12:00:00,1,2026-01-20 16:19:57.452+00,Facundo (Yayu),,,2026-01-20 16:19:57.452+00
1381,2,2026-01-27,17:00:00,"Faryd ",1166299238,true,19000,17:30:00,1,2026-01-20 16:41:25.039+00,"Faryd ",,,2026-01-20 16:41:25.039+00
1382,2,2026-01-20,15:30:00,marcos,,true,19000,16:00:00,1,2026-01-20 17:03:31.508+00,Martin,,,2026-01-20 17:03:31.508+00
1383,1,2026-01-22,10:30:00,Federico Rusconi,1128074474,true,21000,11:30:00,3,2026-01-20 19:10:36.898+00,Federico Rusconi,,,2026-01-20 19:10:36.898+00
1384,2,2026-01-20,17:30:00,agus,,true,19000,18:00:00,1,2026-01-20 19:12:19.177+00,Martin,,,2026-01-20 19:12:19.177+00
1385,1,2026-01-20,16:30:00,"Jorge Jaunarena ",1134379508,true,19000,17:00:00,1,2026-01-20 19:13:54.677+00,"Jorge Jaunarena ",,,2026-01-20 19:13:54.677+00
1386,2,2026-01-22,12:00:00,Federico Conde,1158039075,true,23000,13:00:00,3,2026-01-20 19:57:22.116+00,Federico Conde,,,2026-01-20 19:57:22.116+00
1387,1,2026-02-05,11:30:00,Gianluca Labarile,1125732523,true,23000,12:30:00,3,2026-01-20 20:31:10.446+00,Gianluca Labarile,,,2026-01-20 20:31:10.446+00
1388,2,2026-01-23,10:30:00,Fausto Antonelli,1155656106,true,19000,11:00:00,1,2026-01-20 20:31:51.739+00,Fausto Antonelli,,,2026-01-20 20:31:51.739+00
1389,1,2026-01-20,18:30:00,lean,,true,19000,19:00:00,1,2026-01-20 21:14:08.518+00,Facundo (Yayu),,,2026-01-20 21:14:08.518+00
1391,2,2026-01-21,18:00:00,Lucke garcia,1135731438,true,19000,18:30:00,1,2026-01-20 21:22:57.45+00,Lucke garcia,,,2026-01-20 21:22:57.45+00
1394,2,2026-01-21,17:30:00,Julian Z,1137922002,true,19000,18:00:00,1,2026-01-20 22:36:53.57+00,Julian Z,,,2026-01-20 22:36:53.57+00
1395,2,2026-01-21,18:30:00,Fede arrigoy,1138936539,true,19000,19:00:00,1,2026-01-21 00:39:22.16+00,Fede arrigoy,,,2026-01-21 00:39:22.16+00
1396,2,2026-01-23,11:00:00,Gonzalo Fragala,1161831634,true,19000,11:30:00,1,2026-01-21 03:18:59.526+00,Gonzalo Fragala,,,2026-01-21 03:18:59.526+00
1397,2,2026-01-22,13:00:00,Ezequiel Daneri,1161637405,true,19000,13:30:00,1,2026-01-21 03:45:37.658+00,Ezequiel Daneri,,,2026-01-21 03:45:37.658+00
1398,1,2026-01-23,15:30:00,"Axel González ",1164104106,true,19000,16:00:00,1,2026-01-21 10:49:32.991+00,"Axel González ",,,2026-01-21 10:49:32.991+00
1400,2,2026-01-22,18:30:00,"Bautista Flaquer ",1155791471,true,19000,19:00:00,1,2026-01-21 12:04:47.141+00,"Bautista Flaquer ",,,2026-01-21 12:04:47.141+00
1401,2,2026-01-21,16:30:00,Tomas Sanin,1161416865,true,19000,17:00:00,1,2026-01-21 12:57:46.315+00,Tomas Sanin,,,2026-01-21 12:57:46.315+00
1404,2,2026-01-21,17:00:00,Juani ignacio,1130679277,true,19000,17:30:00,1,2026-01-21 13:39:57.275+00,Juani ignacio,,,2026-01-21 13:39:57.275+00
1405,1,2026-01-24,17:00:00,Martino Gurny,1155242703,true,19000,17:30:00,1,2026-01-21 14:17:41.003+00,Martino Gurny,,,2026-01-21 14:17:41.003+00
1407,2,2026-01-22,15:30:00,Joantan,1138210686,true,19000,16:00:00,1,2026-01-21 15:11:57.858+00,Joantan,,,2026-01-21 15:11:57.858+00
1408,2,2026-01-22,17:00:00,Luciano Sentinelli,2995238635,true,19000,17:30:00,1,2026-01-21 15:40:50.366+00,Luciano Sentinelli,,,2026-01-21 15:40:50.366+00
1410,2,2026-01-27,18:00:00,Sebastián Millet,,true,19000,18:30:00,1,2026-01-21 22:56:13.909+00,Martin,,,2026-01-21 22:56:13.909+00
1411,2,2026-01-22,17:30:00,Juan Martin Gomez Delgado,1128842557,true,23000,18:30:00,3,2026-01-22 00:43:43.295+00,Juan Martin Gomez Delgado,,,2026-01-22 00:43:43.295+00
1413,1,2026-01-22,12:00:00,"Jorge candia ",1159304532,true,19000,12:30:00,1,2026-01-22 13:19:03.905+00,"Jorge candia ",,,2026-01-22 13:19:03.905+00
1416,2,2026-01-23,18:00:00,Alejandro Fragala,1133960717,true,23000,19:00:00,3,2026-01-22 14:09:12.748+00,Alejandro Fragala,,,2026-01-22 14:09:12.748+00
1418,1,2026-01-23,18:30:00,German Vita,1151169882,true,19000,19:00:00,1,2026-01-22 14:38:33.381+00,German Vita,,,2026-01-22 14:38:33.381+00
1421,1,2026-01-23,12:30:00,Nicolas Cejas,1138431853,true,23000,13:30:00,3,2026-01-22 15:04:17.953+00,Nicolas Cejas,,,2026-01-22 15:04:17.953+00
1422,2,2026-01-23,16:00:00,"Máximo Millet ",1164635167,true,19000,16:30:00,1,2026-01-22 16:07:43.772+00,"Máximo Millet ",,,2026-01-22 16:07:43.772+00
1423,1,2026-01-22,18:30:00,Matias carrete,1162312699,true,19000,19:00:00,1,2026-01-22 16:28:13.85+00,Matias carrete,,,2026-01-22 16:28:13.85+00
1424,1,2026-01-24,10:30:00,"Teo Quattrocchi ",1156691735,true,19000,11:30:00,3,2026-01-22 16:34:22.617+00,"Teo Quattrocchi ",,,2026-01-22 16:34:22.617+00
1425,1,2026-01-22,15:00:00,"Julian Santalla ",1153299875,true,23000,16:00:00,3,2026-01-22 17:18:58.812+00,"Julian Santalla ",,,2026-01-22 17:18:58.812+00
1426,1,2026-01-23,15:00:00,"Maxi de la Fuente ",1153272654,true,19000,15:30:00,1,2026-01-22 17:58:49.764+00,"Maxi de la Fuente ",,,2026-01-22 17:58:49.764+00
1428,1,2026-01-24,12:30:00,Flavio Matias de Benedetti,1134755495,true,19000,13:00:00,1,2026-01-22 19:56:25.341+00,Flavio Matias de Benedetti,,,2026-01-22 19:56:25.341+00
1430,1,2026-01-24,18:00:00,Matias Myma,1121687855,true,23000,19:00:00,3,2026-01-22 21:29:02.492+00,Matias Myma,,,2026-01-22 21:29:02.492+00
1431,2,2026-01-23,13:00:00,Simon,1161397943,true,19000,13:30:00,5,2026-01-23 00:58:12.151+00,Simon,,,2026-01-23 00:58:12.151+00
1432,2,2026-01-23,16:30:00,Vincenzo Parmigiani,1162565550,true,19000,17:00:00,1,2026-01-23 04:09:37.158+00,Vincenzo Parmigiani,,,2026-01-23 04:09:37.158+00
1434,2,2026-01-24,13:00:00,Rodrigo Salgado,1153323810,true,19000,13:30:00,1,2026-01-23 14:20:47.945+00,Rodrigo Salgado,,,2026-01-23 14:20:47.945+00
1435,2,2026-01-23,17:00:00,Luca Gasparini,1134944526,true,19000,17:30:00,1,2026-01-23 15:04:34.897+00,Luca Gasparini,,,2026-01-23 15:04:34.897+00
1437,1,2026-01-23,18:00:00,Benjamin levy,1167697336,true,19000,18:30:00,1,2026-01-23 16:57:13.361+00,Benjamin levy,,,2026-01-23 16:57:13.361+00
1438,1,2026-01-27,15:00:00,Santiago Natale,1151753906,true,19000,15:30:00,1,2026-01-23 18:02:16.034+00,Santiago Natale,,,2026-01-23 18:02:16.034+00
1439,2,2026-01-27,15:00:00,Francisco Pascuzzi serra,1158562504,true,19000,15:30:00,1,2026-01-23 18:42:35.742+00,Francisco Pascuzzi serra,,,2026-01-23 18:42:35.742+00
1440,2,2026-01-24,10:30:00,"nathan gurny ",,true,19000,11:00:00,1,2026-01-23 19:30:13.641+00,Martin,,,2026-01-23 19:30:13.641+00
1442,2,2026-01-23,19:00:00,Fran diedrichs,1140860207,true,19000,19:30:00,1,2026-01-23 19:51:29.306+00,Fran diedrichs,,,2026-01-23 19:51:29.306+00
1444,1,2026-01-24,11:30:00,"Franco ",,true,12000,12:30:00,3,2026-01-23 22:02:35.429+00,Facundo (Yayu),,,2026-01-23 22:02:35.429+00
1445,2,2026-01-24,11:00:00,Lucas,166751794,true,23000,12:00:00,3,2026-01-24 00:09:10.116+00,Lucas,,,2026-01-24 00:09:10.116+00
1448,2,2026-01-24,12:00:00,Mark,1158954348,true,19000,12:30:00,1,2026-01-24 11:51:47.588+00,Mark,,,2026-01-24 11:51:47.588+00
1451,2,2026-01-24,16:00:00,santiago,1138808933,true,19000,16:30:00,1,2026-01-24 13:40:36.329+00,Martin,,,2026-01-24 13:40:36.329+00
1453,1,2026-01-24,15:30:00,Martin Aguilar,1163001406,true,19000,16:00:00,1,2026-01-24 14:49:45.684+00,Martin Aguilar,,,2026-01-24 14:49:45.684+00
1460,2,2026-01-24,15:30:00,rama,,true,19000,16:00:00,1,2026-01-24 17:28:41.495+00,Martin,,,2026-01-24 17:28:41.495+00
1463,2,2026-02-06,10:30:00,reservado,0000000000,false,,19:00:00,1,2026-01-24 19:33:39.199+00,Martin,,,2026-01-24 19:33:39.199+00
1464,2,2026-02-07,10:30:00,reservado,0000000000,false,,19:00:00,1,2026-01-24 19:33:57.959+00,Martin,,,2026-01-24 19:33:57.959+00
1466,2,2026-02-06,19:00:00,reservado,,false,,19:30:00,1,2026-01-24 22:02:13.482+00,Martin,,,2026-01-24 22:02:13.482+00
1467,2,2026-02-07,19:00:00,reservado,,false,,19:30:00,1,2026-01-24 22:02:24.021+00,Martin,,,2026-01-24 22:02:24.021+00
1468,2,2026-01-27,15:30:00,"Bautista cortigiani ",1127873050,true,23000,16:30:00,3,2026-01-25 14:53:02.047+00,"Bautista cortigiani ",,,2026-01-25 14:53:02.047+00
1471,1,2026-01-27,18:00:00,Ramiro Spinelli,1137259564,true,23000,19:00:00,3,2026-01-26 01:18:18.596+00,Ramiro Spinelli,,,2026-01-26 01:18:18.596+00
1472,1,2026-01-27,12:00:00,Benicio Gasparini,1167916728,true,19000,12:30:00,1,2026-01-26 03:01:32.102+00,Benicio Gasparini,,,2026-01-26 03:01:32.102+00
1474,1,2026-01-31,17:00:00,Martin,1131897109,true,21000,18:00:00,3,2026-01-26 13:38:01.603+00,Martin,,,2026-01-26 13:38:01.603+00
1475,2,2026-01-27,18:30:00,Bautista Furnari,1166510886,true,19000,19:00:00,1,2026-01-26 14:30:34.313+00,Bautista Furnari,,,2026-01-26 14:30:34.313+00
1477,2,2026-01-27,17:30:00,Marcos Monasterolo,1125683860,true,19000,18:00:00,1,2026-01-26 15:25:38.453+00,Marcos Monasterolo,,,2026-01-26 15:25:38.453+00
1478,2,2026-01-27,16:30:00,dante garay,1151525750,true,19000,17:00:00,1,2026-01-26 17:19:07.434+00,dante garay,,,2026-01-26 17:19:07.434+00
1479,1,2026-01-29,15:00:00,Daniel Natale,1136927011,true,19000,15:30:00,1,2026-01-26 20:29:25.585+00,Daniel Natale,,,2026-01-26 20:29:25.585+00
1480,1,2026-01-28,15:00:00,federico frutos,1126146441,true,19000,15:30:00,1,2026-01-26 21:18:15.419+00,federico frutos,,,2026-01-26 21:18:15.419+00
1481,1,2026-01-27,12:30:00,"Ignacio Moirano ",1133446031,true,23000,13:30:00,3,2026-01-26 23:24:21.149+00,"Ignacio Moirano ",,,2026-01-26 23:24:21.149+00
1483,2,2026-01-28,17:00:00,Luca,,true,19000,17:30:00,1,2026-01-27 09:30:26.11+00,Martin,,,2026-01-27 09:30:26.11+00
1484,2,2026-01-28,17:30:00,Ivo,,true,19000,18:00:00,1,2026-01-27 09:30:35.327+00,Martin,,,2026-01-27 09:30:35.327+00
1488,1,2026-01-27,19:00:00,"YAMIL DIB ",1135896290,true,23000,19:30:00,1,2026-01-27 11:39:17.846+00,"YAMIL DIB ",,,2026-01-27 11:39:17.846+00
1489,1,2026-01-29,19:00:00,"Luca uriarte ",1162833127,true,19000,19:30:00,1,2026-01-27 11:58:19.552+00,"Luca uriarte ",,,2026-01-27 11:58:19.552+00
1493,2,2026-01-27,10:30:00,r,0000000000,false,,15:00:00,1,2026-01-27 12:24:42.873+00,Martin,,,2026-01-27 12:24:42.873+00
1495,2,2026-01-28,16:00:00,manuel,,true,19000,16:30:00,1,2026-01-27 14:28:24.665+00,Martin,,,2026-01-27 14:28:24.665+00
1496,1,2026-01-28,10:30:00,jose,,true,19000,11:00:00,1,2026-01-27 14:53:34.523+00,Facundo (Yayu),,,2026-01-27 14:53:34.523+00
1498,2,2026-01-28,10:30:00,Nico b,,true,23000,11:30:00,3,2026-01-27 17:22:23.237+00,Martin,,,2026-01-27 17:22:23.237+00
1499,1,2026-01-27,15:30:00,Manuel,155037166,true,19000,16:00:00,1,2026-01-27 17:41:06.639+00,Manuel,,,2026-01-27 17:41:06.639+00
1500,1,2026-01-27,16:00:00,Pedro,155037166,true,19000,16:30:00,1,2026-01-27 17:41:23.347+00,Pedro,,,2026-01-27 17:41:23.347+00
1504,1,2026-01-28,16:00:00,"Germán ",1140901990,true,19000,16:30:00,1,2026-01-27 20:25:35.946+00,"Germán ",,,2026-01-27 20:25:35.946+00
1506,1,2026-01-28,12:30:00,Tomas guibaud,1155230055,true,19000,13:00:00,1,2026-01-27 23:21:23.692+00,Tomas guibaud,,,2026-01-27 23:21:23.692+00
1509,2,2026-01-30,18:00:00,Diego,1169733928,true,19000,18:30:00,1,2026-01-28 12:33:33.133+00,Diego,,,2026-01-28 12:33:33.133+00
1510,2,2026-01-28,11:30:00,Lucas Garcia Ballarati,1155699999,true,23000,12:00:00,1,2026-01-28 12:54:25.033+00,Lucas Garcia Ballarati,,,2026-01-28 12:54:25.033+00
1512,1,2026-01-29,15:30:00,Luciano Lopez,1140990375,true,19000,16:00:00,1,2026-01-28 13:53:55.453+00,Luciano Lopez,,,2026-01-28 13:53:55.453+00
1514,2,2026-01-29,16:00:00,Gianluca Sibione,1158043916,true,19000,16:30:00,1,2026-01-28 15:10:49.715+00,Gianluca Sibione,,,2026-01-28 15:10:49.715+00
1515,2,2026-01-28,18:00:00,Francisco Ferrari,1156940082,true,19000,18:30:00,1,2026-01-28 15:29:51.824+00,Francisco Ferrari,,,2026-01-28 15:29:51.824+00
1516,1,2026-01-29,11:30:00,JAVI,,true,19000,12:00:00,1,2026-01-28 15:36:31.839+00,Facundo (Yayu),,,2026-01-28 15:36:31.839+00
1517,1,2026-01-29,12:00:00,"Agus Dodera ",1150398159,true,19000,12:30:00,1,2026-01-28 15:59:41.681+00,"Agus Dodera ",,,2026-01-28 15:59:41.681+00
1518,2,2026-01-28,18:30:00,Tomás Smeriglio,1133241173,true,19000,19:00:00,1,2026-01-28 16:01:53.611+00,Tomás Smeriglio,,,2026-01-28 16:01:53.611+00
1520,2,2026-01-28,16:30:00,"Tomás Ceballos ",1166097916,true,19000,17:00:00,1,2026-01-28 16:28:08.27+00,"Tomás Ceballos ",,,2026-01-28 16:28:08.27+00
1521,2,2026-01-29,18:00:00,Guillermo Ceballos,1137558111,true,23000,19:00:00,3,2026-01-28 16:37:08.272+00,Guillermo Ceballos,,,2026-01-28 16:37:08.272+00
1522,2,2026-01-29,16:30:00,"Ciminieri bautista ",1167472367,true,23000,17:30:00,3,2026-01-28 17:06:36.103+00,"Ciminieri bautista ",,,2026-01-28 17:06:36.103+00
1523,2,2026-01-28,15:00:00,lautaro,1164701106,true,19000,15:30:00,1,2026-01-28 17:47:43.003+00,lautaro,,,2026-01-28 17:47:43.003+00
1524,1,2026-01-29,12:30:00,Juanchi parrado,1167426777,true,19000,13:00:00,1,2026-01-28 17:55:44.524+00,Juanchi parrado,,,2026-01-28 17:55:44.524+00
1525,1,2026-01-28,15:30:00,"Manuel ",1166097916,true,19000,16:00:00,1,2026-01-28 18:12:01.407+00,"Manuel ",,,2026-01-28 18:12:01.407+00
1526,2,2026-02-05,10:30:00,reservado,0000000000,false,,19:00:00,1,2026-01-28 18:39:19.787+00,Martin,,,2026-01-28 18:39:19.787+00
1527,2,2026-02-05,19:00:00,reservado,,false,,19:30:00,1,2026-01-28 18:40:00.28+00,Martin,,,2026-01-28 18:40:00.28+00
1531,2,2026-01-29,17:30:00,Leonel Ghersi,1134925200,true,19000,18:00:00,1,2026-01-29 00:47:25.202+00,Leonel Ghersi,,,2026-01-29 00:47:25.202+00
1532,1,2026-01-29,16:00:00,Tomas di chiara,1139027851,true,19000,16:30:00,1,2026-01-29 02:37:20.67+00,Tomas di chiara,,,2026-01-29 02:37:20.67+00
1533,2,2026-02-03,19:00:00,"Federico Vicente Rua ",1168698762,true,19000,19:30:00,1,2026-01-29 12:59:11.33+00,"Federico Vicente Rua ",,,2026-01-29 12:59:11.33+00
1535,1,2026-01-30,18:00:00,Tomas Mendonca,1159135961,true,23000,19:00:00,3,2026-01-29 13:35:22.249+00,Tomas Mendonca,,,2026-01-29 13:35:22.249+00
1536,2,2026-01-31,17:00:00,Gianluca Vernazza,1165861050,true,23000,17:30:00,1,2026-01-29 13:46:08.502+00,Gianluca Vernazza,,,2026-01-29 13:46:08.502+00
1537,1,2026-01-30,12:00:00,Mateo Dodera,1167272468,true,23000,13:00:00,3,2026-01-29 13:47:58.155+00,Mateo Dodera,,,2026-01-29 13:47:58.155+00
1538,2,2026-01-29,12:00:00,"Theo Pejacsevich ",1160201053,true,19000,12:30:00,1,2026-01-29 14:18:29.819+00,"Theo Pejacsevich ",,,2026-01-29 14:18:29.819+00
1539,2,2026-01-29,15:00:00,"Lucas ",1140816886,true,19000,15:30:00,5,2026-01-29 14:19:35.148+00,"Lucas ",,,2026-01-29 14:19:35.148+00
1540,1,2026-01-29,16:30:00,"Axel gonzalez ",1164104106,true,19000,17:00:00,1,2026-01-29 14:34:28.274+00,"Axel gonzalez ",,,2026-01-29 14:34:28.274+00
1541,1,2026-01-30,10:30:00,Hincha de boca,,true,23000,11:30:00,3,2026-01-29 14:42:16.471+00,Facundo (Yayu),,,2026-01-29 14:42:16.471+00
1542,2,2026-02-03,18:00:00,agustín grosso,1159241533,true,19000,18:30:00,1,2026-01-29 15:18:40.612+00,agustín grosso,,,2026-01-29 15:18:40.612+00
1544,1,2026-01-30,13:00:00,Pupi Sala,1136274242,true,23000,13:30:00,1,2026-01-29 16:51:01.901+00,Pupi Sala,,,2026-01-29 16:51:01.901+00
1545,1,2026-01-30,11:30:00,"Tomás D’Aversa ",1169608371,true,23000,12:00:00,1,2026-01-29 16:58:07.285+00,"Tomás D’Aversa ",,,2026-01-29 16:58:07.285+00
1546,1,2026-01-30,19:00:00,Cai,1122955113,true,19000,19:30:00,1,2026-01-29 17:54:18.742+00,Cai,,,2026-01-29 17:54:18.742+00
1549,2,2026-01-29,15:30:00,Hilario VIENE EL MARTES,,true,19000,16:00:00,1,2026-01-29 18:27:37.72+00,Martin,,,2026-01-29 18:27:37.72+00
1550,2,2026-01-31,10:30:00,Agustin roisman,1158239712,true,19000,11:00:00,1,2026-01-29 19:20:07.996+00,Agustin roisman,,,2026-01-29 19:20:07.996+00
1551,1,2026-01-30,17:30:00,Felipe Walsh,1158103386,true,19000,18:00:00,1,2026-01-29 19:35:39.565+00,Felipe Walsh,,,2026-01-29 19:35:39.565+00
1552,2,2026-01-29,19:00:00,"Sebastian ",1144781070,true,19000,19:30:00,1,2026-01-29 19:39:17.532+00,"Sebastian ",,,2026-01-29 19:39:17.532+00
1553,2,2026-01-30,11:00:00,Martin,1164070411,true,19000,11:30:00,1,2026-01-29 20:37:16.138+00,Martin,,,2026-01-29 20:37:16.138+00
1554,2,2026-01-30,11:30:00,Nano Cianni,1164070414,true,19000,12:00:00,1,2026-01-29 20:37:41.257+00,Nano Cianni,,,2026-01-29 20:37:41.257+00
1555,1,2026-01-30,17:00:00,Martin Bergara,1166178760,true,19000,17:30:00,1,2026-01-29 20:42:53.776+00,Martin Bergara,,,2026-01-29 20:42:53.776+00
1556,1,2026-01-31,11:30:00,"Tomas ",1111111117,true,23000,12:30:00,3,2026-01-29 20:49:09.189+00,"Tomas ",,,2026-01-29 20:49:09.189+00
1557,2,2026-01-31,11:30:00,"Sebastián ",1111111111,true,23000,12:30:00,3,2026-01-29 20:49:52.404+00,"Sebastián ",,,2026-01-29 20:49:52.404+00
1558,1,2026-01-29,17:30:00,luciano,,true,19000,18:00:00,1,2026-01-29 21:06:15.608+00,Facundo (Yayu),,,2026-01-29 21:06:15.608+00
1559,2,2026-01-30,19:00:00,Joaco,1160272330,true,19000,19:30:00,1,2026-01-29 21:48:19.393+00,Martin,,,2026-01-29 21:48:19.393+00
1560,1,2026-01-30,16:00:00,Julian Huber,1156690721,true,23000,17:00:00,3,2026-01-29 22:24:44.981+00,Julian Huber,,,2026-01-29 22:24:44.981+00
1561,1,2026-01-29,17:00:00,Sr Uriarte,,true,19000,17:30:00,1,2026-01-29 23:12:01.978+00,Facundo (Yayu),,,2026-01-29 23:12:01.978+00
1562,2,2026-01-30,10:30:00,Cesar Delgado,1161033268,true,19000,11:00:00,1,2026-01-30 00:48:36.012+00,Cesar Delgado,,,2026-01-30 00:48:36.012+00
1563,1,2026-01-31,18:00:00,"Francisco andino ",1167261446,true,23000,18:30:00,1,2026-01-30 00:53:33.207+00,"Francisco andino ",,,2026-01-30 00:53:33.207+00
1564,2,2026-01-30,12:00:00,Pedro Salerno,1165838107,true,19000,12:30:00,5,2026-01-30 01:05:38.774+00,Pedro Salerno,,,2026-01-30 01:05:38.774+00
1565,2,2026-01-30,17:00:00,"Jonathan ",1158893746,true,19000,17:30:00,1,2026-01-30 12:22:09.574+00,"Jonathan ",,,2026-01-30 12:22:09.574+00
1570,2,2026-01-31,17:30:00,"Leon Matias ",1156305538,true,19000,18:00:00,1,2026-01-30 13:56:22.617+00,"Leon Matias ",,,2026-01-30 13:56:22.617+00
1573,2,2026-01-30,16:30:00,Juan Martín Alvarez,1141888491,true,19000,17:00:00,1,2026-01-30 16:15:58.701+00,Juan Martín Alvarez,,,2026-01-30 16:15:58.701+00
1574,1,2026-01-31,11:00:00,patricio maravert,1134983232,true,19000,11:30:00,1,2026-01-30 16:45:18.257+00,patricio maravert,,,2026-01-30 16:45:18.257+00
1576,2,2026-01-31,16:00:00,lucho,,true,19000,16:30:00,1,2026-01-30 18:55:28.195+00,Martin,,,2026-01-30 18:55:28.195+00
1577,2,2026-01-30,16:00:00,Juani,,true,12000,16:30:00,1,2026-01-30 19:15:47.407+00,Martin,,,2026-01-30 19:15:47.407+00
1579,1,2026-01-31,10:30:00,Ramiro nasif,1122518748,true,23000,11:00:00,1,2026-01-30 21:56:56.815+00,Ramiro nasif,,,2026-01-30 21:56:56.815+00
1580,2,2026-02-03,16:30:00,Lorenzo Rizzo,1178904512,true,19000,17:00:00,1,2026-01-31 01:06:05.585+00,Lorenzo Rizzo,,,2026-01-31 01:06:05.585+00
1581,2,2026-01-31,12:30:00,Lucas,1166751794,true,23000,13:30:00,3,2026-01-31 11:14:32.585+00,Lucas,,,2026-01-31 11:14:32.585+00
1582,2,2026-01-31,11:00:00,"Fermin Lopez ",1130252010,true,19000,11:30:00,1,2026-01-31 12:39:57.461+00,"Fermin Lopez ",,,2026-01-31 12:39:57.461+00
1583,1,2026-01-31,16:30:00,Lautaro Miner,3704244364,true,19000,17:00:00,1,2026-01-31 13:27:43.515+00,Lautaro Miner,,,2026-01-31 13:27:43.515+00
1586,1,2026-01-31,16:00:00,Matteo britez,1144341743,true,19000,16:30:00,1,2026-01-31 16:26:11.415+00,Matteo britez,,,2026-01-31 16:26:11.415+00
1587,2,2026-01-31,15:30:00,valen,,true,19000,16:00:00,1,2026-01-31 18:56:25.215+00,Martin,,,2026-01-31 18:56:25.215+00
1588,1,2026-02-03,13:00:00,Ramiro Lukezic,1163368573,true,19000,13:30:00,1,2026-01-31 19:23:18.209+00,Ramiro Lukezic,,,2026-01-31 19:23:18.209+00
1589,2,2026-02-10,16:00:00,Gustavo Fingeret,1164682144,true,19000,16:30:00,1,2026-01-31 20:25:32.141+00,Gustavo Fingeret,,,2026-01-31 20:25:32.141+00
1590,1,2026-02-11,10:30:00,vac,0000000000,false,,19:00:00,1,2026-01-31 22:47:54.675+00,Facundo (Yayu),,,2026-01-31 22:47:54.675+00
1598,2,2026-02-03,17:00:00,Mateo Perez Salvo,1138601347,true,19000,18:00:00,3,2026-02-01 17:18:40.941+00,Mateo Perez Salvo,,,2026-02-01 17:18:40.941+00
1599,2,2026-02-03,12:30:00,Nikolas Kerz,1523861964,true,19000,13:00:00,1,2026-02-01 19:45:29.527+00,Nikolas Kerz,,,2026-02-01 19:45:29.527+00
1600,2,2026-02-03,13:00:00,Tomás Miranda,1128474900,true,19000,13:30:00,1,2026-02-01 19:46:03.777+00,Tomás Miranda,,,2026-02-01 19:46:03.777+00
1601,1,2026-02-03,15:30:00,Francisco Bras Harriott,1144024818,true,19000,16:00:00,1,2026-02-01 23:42:56.286+00,Francisco Bras Harriott,,,2026-02-01 23:42:56.286+00
1604,1,2026-02-03,19:00:00,"Bruno Lorenzano ",1132012610,true,19000,19:30:00,1,2026-02-02 03:52:35.856+00,"Bruno Lorenzano ",,,2026-02-02 03:52:35.856+00
1608,1,2026-02-05,12:30:00,Cristóbal puccio,1161778100,true,19000,13:00:00,1,2026-02-02 18:32:23.533+00,Cristóbal puccio,,,2026-02-02 18:32:23.533+00
1609,1,2026-02-05,13:00:00,Hilario puccio,1161778100,true,19000,13:30:00,5,2026-02-02 18:33:15.805+00,Hilario puccio,,,2026-02-02 18:33:15.805+00
1610,2,2026-02-04,19:00:00,Nicolas ojeda,1164849781,true,19000,19:30:00,1,2026-02-02 19:40:19.76+00,Nicolas ojeda,,,2026-02-02 19:40:19.76+00
1611,1,2026-02-07,10:30:00,Matias,1168684723,true,19000,11:00:00,1,2026-02-02 20:33:06.835+00,Matias,,,2026-02-02 20:33:06.835+00
1612,1,2026-02-03,11:30:00,"Gonza ",1132923452,true,19000,12:00:00,1,2026-02-02 21:38:49.669+00,"Gonza ",,,2026-02-02 21:38:49.669+00
1616,1,2026-02-05,18:30:00,Fede Mattei,1133456487,true,23000,19:30:00,3,2026-02-02 22:26:47.046+00,Fede Mattei,,,2026-02-02 22:26:47.046+00
1617,1,2026-02-04,15:00:00,Mudanza,0000000000,false,,19:00:00,1,2026-02-02 23:06:31.267+00,Facundo (Yayu),,,2026-02-02 23:06:31.267+00
1618,2,2026-02-03,15:00:00,Tuti Gelormini,1165016970,true,23000,16:00:00,3,2026-02-03 00:39:59.999+00,Tuti Gelormini,,,2026-02-03 00:39:59.999+00
1621,2,2026-02-11,18:30:00,Guido Marroco,,true,19000,19:00:00,1,2026-02-03 01:09:10.539+00,Martin,,,2026-02-03 01:09:10.539+00
1622,1,2026-02-06,15:00:00,Juan Martin Gugliotta,1165629773,true,19000,15:30:00,1,2026-02-03 01:54:27.147+00,Juan Martin Gugliotta,,,2026-02-03 01:54:27.147+00
1624,1,2026-02-03,17:00:00,pablo sobrero,1131626589,true,19000,17:30:00,1,2026-02-03 03:03:24.307+00,pablo sobrero,,,2026-02-03 03:03:24.307+00
1626,1,2026-02-03,18:00:00,Juan Pablo Masiero,1136372506,true,23000,19:00:00,3,2026-02-03 11:51:03.455+00,Juan Pablo Masiero,,,2026-02-03 11:51:03.455+00
1627,1,2026-02-06,18:30:00,Yayu,,true,23000,19:30:00,3,2026-02-03 12:01:51+00,Facundo (Yayu),,,2026-02-03 12:01:51+00
1633,1,2026-02-06,10:30:00,thian,,true,23000,11:30:00,3,2026-02-03 13:08:40.029+00,Facundo (Yayu),,,2026-02-03 13:08:40.029+00
1634,1,2026-02-03,16:00:00,Juan moirano,1133449265,true,23000,17:00:00,3,2026-02-03 13:34:33.758+00,Juan moirano,,,2026-02-03 13:34:33.758+00
1635,1,2026-02-03,10:30:00,bytu,,true,23000,11:30:00,3,2026-02-03 13:56:05.885+00,Facundo (Yayu),,,2026-02-03 13:56:05.885+00
1636,1,2026-02-07,11:00:00,Matias Myma,1121687855,true,23000,12:00:00,3,2026-02-03 13:58:06.369+00,Matias Myma,,,2026-02-03 13:58:06.369+00
1637,2,2026-02-03,18:30:00,Ignacio Sentinelli,2995868229,true,19000,19:00:00,1,2026-02-03 14:33:48.275+00,Ignacio Sentinelli,,,2026-02-03 14:33:48.275+00
1638,1,2026-02-07,12:00:00,Santiago Zanier,1133300413,true,19000,12:30:00,1,2026-02-03 15:08:25.823+00,Santiago Zanier,,,2026-02-03 15:08:25.823+00
1642,2,2026-02-04,12:30:00,Nicolas Alejandro Grasso,1122996333,true,23000,13:30:00,3,2026-02-03 15:41:59.175+00,Nicolas Alejandro Grasso,,,2026-02-03 15:41:59.175+00
1643,1,2026-02-05,15:00:00,Maximo,1141696393,true,19000,15:30:00,1,2026-02-03 16:56:32.655+00,Maximo,,,2026-02-03 16:56:32.655+00
1645,2,2026-02-04,18:30:00,Manuel Torrente,1159460263,true,19000,19:00:00,1,2026-02-03 17:49:18.029+00,Manuel Torrente,,,2026-02-03 17:49:18.029+00
1646,1,2026-02-05,17:00:00,Juan Martín,1163529290,true,19000,17:30:00,1,2026-02-03 18:30:49.854+00,Juan Martín,,,2026-02-03 18:30:49.854+00
1647,1,2026-02-06,11:30:00,"David Nataniel Caceres ",1166866100,true,19000,12:00:00,1,2026-02-03 19:47:29.258+00,"David Nataniel Caceres ",,,2026-02-03 19:47:29.258+00
1648,1,2026-02-05,17:30:00,Juani,1169700431,true,19000,18:00:00,1,2026-02-03 19:54:30.69+00,Juani,,,2026-02-03 19:54:30.69+00
1649,2,2026-02-04,16:00:00,Federico Conde,1158039075,true,23000,17:00:00,3,2026-02-03 21:14:14.717+00,Federico Conde,,,2026-02-03 21:14:14.717+00
1650,1,2026-02-06,18:00:00,Jorge Catena,1130777337,true,19000,18:30:00,1,2026-02-03 22:26:49.659+00,Jorge Catena,,,2026-02-03 22:26:49.659+00
1651,2,2026-02-04,15:00:00,Mark,1158954348,true,19000,15:30:00,1,2026-02-03 22:40:20.473+00,Mark,,,2026-02-03 22:40:20.473+00
1652,1,2026-02-07,12:30:00,Pedro Izuel,1157231859,true,19000,13:00:00,1,2026-02-04 03:04:57.348+00,Pedro Izuel,,,2026-02-04 03:04:57.348+00
1654,1,2026-02-06,12:30:00,"Laucha ",2235444775,true,23000,13:30:00,3,2026-02-04 04:13:02.056+00,"Laucha ",,,2026-02-04 04:13:02.056+00
1655,2,2026-02-04,10:30:00,jamilton,,true,23000,11:30:00,3,2026-02-04 05:23:20.968+00,Martin,,,2026-02-04 05:23:20.968+00
1656,1,2026-02-07,13:00:00,nicolas de santis,1137802778,true,19000,13:30:00,1,2026-02-04 10:18:49.417+00,nicolas de santis,,,2026-02-04 10:18:49.417+00
1657,1,2026-02-06,17:00:00,"Nahuel noguera ",1132136910,true,19000,18:00:00,3,2026-02-04 11:13:41.082+00,"Nahuel noguera ",,,2026-02-04 11:13:41.082+00
1658,1,2026-02-06,15:30:00,"Axel ",1164104106,true,19000,16:00:00,1,2026-02-04 11:16:51.02+00,"Axel ",,,2026-02-04 11:16:51.02+00
1659,2,2026-02-04,17:00:00,"Cristian ",1558969613,true,19000,17:30:00,1,2026-02-04 14:06:52.457+00,"Cristian ",,,2026-02-04 14:06:52.457+00
1660,2,2026-02-04,17:30:00,"Dante ",1558969613,true,19000,18:00:00,1,2026-02-04 14:07:15.46+00,"Dante ",,,2026-02-04 14:07:15.46+00
1661,1,2026-02-05,10:30:00,Franco Moiana,1150954648,true,19000,11:00:00,1,2026-02-04 15:58:56.174+00,Franco Moiana,,,2026-02-04 15:58:56.174+00
1662,1,2026-02-05,11:00:00,"Camilo Walker ",1150954648,true,19000,11:30:00,1,2026-02-04 15:59:22.991+00,"Camilo Walker ",,,2026-02-04 15:59:22.991+00
1664,1,2026-02-05,18:00:00,Juan Manuel Ottaviano,1127195413,true,19000,18:30:00,1,2026-02-04 16:51:39.109+00,Juan Manuel Ottaviano,,,2026-02-04 16:51:39.109+00
1665,1,2026-02-05,15:30:00,LuZ VECINA,,true,19000,16:00:00,1,2026-02-04 20:39:02.381+00,Facundo (Yayu),,,2026-02-04 20:39:02.381+00
1666,2,2026-02-04,18:00:00,Diego,,true,19000,18:30:00,1,2026-02-04 21:03:44.9+00,Martin,,,2026-02-04 21:03:44.9+00
1669,1,2026-02-06,12:00:00,"Tomás D’Aversa ",1169608371,true,23000,12:30:00,1,2026-02-05 11:20:11.143+00,"Tomás D’Aversa ",,,2026-02-05 11:20:11.143+00
1670,2,2026-02-10,18:30:00,Tadeo Breuning,1123125926,true,19000,19:00:00,1,2026-02-05 12:14:56.068+00,Tadeo Breuning,,,2026-02-05 12:14:56.068+00
1674,2,2026-02-18,16:00:00,Benjamin Castro,1160106907,true,19000,16:30:00,1,2026-02-05 17:49:12.907+00,Benjamin Castro,,,2026-02-05 17:49:12.907+00
1676,2,2026-02-12,19:00:00,Lucas,1162672505,true,19000,19:30:00,1,2026-02-05 19:41:23.526+00,Lucas,,,2026-02-05 19:41:23.526+00
1677,2,2026-02-10,12:00:00,Rodri larre,1130403257,true,19000,12:30:00,1,2026-02-05 19:58:11.164+00,Rodri larre,,,2026-02-05 19:58:11.164+00
1678,1,2026-02-07,15:00:00,gaston,,true,19000,16:00:00,3,2026-02-05 23:13:09.157+00,Facundo (Yayu),,,2026-02-05 23:13:09.157+00
1679,1,2026-02-07,18:30:00,señor,,true,19000,19:00:00,1,2026-02-05 23:35:38.669+00,Facundo (Yayu),,,2026-02-05 23:35:38.669+00
1680,1,2026-02-07,16:00:00,Nacho,1111111111,true,19000,17:00:00,3,2026-02-06 00:56:38.981+00,Nacho,,,2026-02-06 00:56:38.981+00
1681,2,2026-02-10,17:00:00,"Hernan ",1167060890,true,19000,17:30:00,1,2026-02-06 11:14:02.703+00,"Hernan ",,,2026-02-06 11:14:02.703+00
1682,1,2026-02-07,18:00:00,"Nicolas Paz ",1130082473,true,19000,18:30:00,1,2026-02-06 13:17:03.27+00,"Nicolas Paz ",,,2026-02-06 13:17:03.27+00
1684,2,2026-02-10,19:00:00,Pablo Cariglino,1133216714,true,19000,19:30:00,1,2026-02-06 15:33:57.407+00,Pablo Cariglino,,,2026-02-06 15:33:57.407+00
1685,2,2026-02-10,17:30:00,Nicolás Cacetta,1136547777,true,19000,18:00:00,1,2026-02-06 15:42:04.907+00,Nicolás Cacetta,,,2026-02-06 15:42:04.907+00
1686,2,2026-02-10,18:00:00,titi batistella,1132024257,true,19000,18:30:00,1,2026-02-06 19:08:50.511+00,titi batistella,,,2026-02-06 19:08:50.511+00
1688,2,2026-02-10,10:30:00,maxi,,true,23000,11:30:00,3,2026-02-07 16:21:33.034+00,Martin,,,2026-02-07 16:21:33.034+00
1691,2,2026-02-11,15:30:00,santino vernazza,1180591127,true,19000,16:00:00,1,2026-02-09 00:43:59.774+00,santino vernazza,,,2026-02-09 00:43:59.774+00
1692,2,2026-02-12,16:30:00,"Bautista ciminieri ",1167472367,true,23000,17:30:00,3,2026-02-09 12:35:47.214+00,"Bautista ciminieri ",,,2026-02-09 12:35:47.214+00
1694,2,2026-02-14,11:00:00,Tomas Dallasta,1144094999,true,19000,11:30:00,1,2026-02-09 16:01:10.22+00,Tomas Dallasta,,,2026-02-09 16:01:10.22+00
1695,2,2026-02-10,11:30:00,Gianluca Sibione,1558043916,true,19000,12:00:00,1,2026-02-09 16:54:17.04+00,Gianluca Sibione,,,2026-02-09 16:54:17.04+00
1696,1,2026-02-19,18:30:00,Juan Cruz Cristófalo,1162733394,true,23000,19:30:00,3,2026-02-09 17:22:08.893+00,Juan Cruz Cristófalo,,,2026-02-09 17:22:08.893+00
1697,2,2026-02-11,12:30:00,Marco,1152291146,true,19000,13:00:00,1,2026-02-09 18:34:13.495+00,Marco,,,2026-02-09 18:34:13.495+00
1698,2,2026-02-11,18:00:00,Ulises San Pedro,1126778489,true,19000,18:30:00,5,2026-02-09 19:47:57.118+00,Ulises San Pedro,,,2026-02-09 19:47:57.118+00
1699,2,2026-02-12,18:30:00,Nicolás Lommo,2215939071,true,19000,19:00:00,1,2026-02-09 20:50:14.445+00,Nicolás Lommo,,,2026-02-09 20:50:14.445+00
1702,2,2026-02-10,12:30:00,juan manuel novo,1154145310,true,19000,13:00:00,1,2026-02-10 02:27:54.316+00,juan manuel novo,,,2026-02-10 02:27:54.316+00
1703,1,2026-02-12,10:30:00,Plomero,0000000000,false,,15:00:00,1,2026-02-10 14:09:39.433+00,Facundo (Yayu),,,2026-02-10 14:09:39.433+00
1705,1,2026-02-12,15:30:00,Julian Huber,1156690721,true,23000,16:30:00,3,2026-02-10 14:18:03.896+00,Julian Huber,,,2026-02-10 14:18:03.896+00
1706,1,2026-02-12,18:30:00,Federico Rusconi,1128074474,true,23000,19:30:00,3,2026-02-10 14:19:28.211+00,Federico Rusconi,,,2026-02-10 14:19:28.211+00
1707,1,2026-02-12,15:00:00,"Tomás D’Aversa ",1169608371,true,19000,15:30:00,5,2026-02-10 14:20:37.388+00,"Tomás D’Aversa ",,,2026-02-10 14:20:37.388+00
1708,1,2026-02-13,11:00:00,"Santiago ",1126430079,true,19000,11:30:00,1,2026-02-10 14:23:03.225+00,"Santiago ",,,2026-02-10 14:23:03.225+00
1709,1,2026-02-13,11:30:00,"Francisco ",1126430079,true,19000,12:00:00,1,2026-02-10 14:23:48.757+00,"Francisco ",,,2026-02-10 14:23:48.757+00
1711,2,2026-02-10,13:00:00,Javier Fondevila,1131557207,true,19000,13:30:00,1,2026-02-10 15:10:52.75+00,Javier Fondevila,,,2026-02-10 15:10:52.75+00
1715,2,2026-02-11,11:30:00,Jony,1138210686,true,19000,12:00:00,1,2026-02-10 17:32:22.811+00,Jony,,,2026-02-10 17:32:22.811+00
1716,2,2026-02-11,13:00:00,Lucke,1128842557,true,19000,13:30:00,1,2026-02-10 17:43:35.121+00,Juan Martin Gomez Delgado,,,2026-02-10 17:43:35.121+00
1717,2,2026-02-12,16:00:00,"Axel González ",1164104106,true,19000,16:30:00,1,2026-02-10 17:54:41.299+00,"Axel González ",,,2026-02-10 17:54:41.299+00
1719,2,2026-02-11,17:30:00,"tomas batistella ",1160003483,true,19000,18:00:00,1,2026-02-10 18:04:30.824+00,"tomas batistella ",,,2026-02-10 18:04:30.824+00
1720,1,2026-02-12,18:00:00,Nicolas Ferrai,1138450000,true,19000,18:30:00,1,2026-02-10 18:21:14.842+00,Nicolas Ferrai,,,2026-02-10 18:21:14.842+00
1721,1,2026-02-10,10:30:00,Vac,0000000000,false,,19:00:00,1,2026-02-10 18:24:57.896+00,Facundo (Yayu),,,2026-02-10 18:24:57.896+00
1722,2,2026-02-11,15:00:00,"Andrés ",1567935333,true,19000,15:30:00,1,2026-02-10 19:23:11.029+00,"Andrés ",,,2026-02-10 19:23:11.029+00
1726,2,2026-02-14,17:00:00,"Manuel Mel ",1161433680,true,23000,18:00:00,3,2026-02-10 21:35:41.38+00,"Manuel Mel ",,,2026-02-10 21:35:41.38+00
1728,2,2026-02-14,18:00:00,Martino garcia,1153873466,true,19000,18:30:00,1,2026-02-10 23:54:44.901+00,Martino garcia,,,2026-02-10 23:54:44.901+00
1730,2,2026-02-12,15:30:00,Tomas Sanin,1161416865,true,19000,16:00:00,5,2026-02-11 01:18:14.077+00,Tomas Sanin,,,2026-02-11 01:18:14.077+00
1734,2,2026-02-11,11:00:00,Gonza,,true,19000,11:30:00,1,2026-02-11 12:54:09.032+00,Martin,,,2026-02-11 12:54:09.032+00
1735,1,2026-02-12,17:30:00,federico frutos,1126146441,true,19000,18:00:00,1,2026-02-11 14:08:32.075+00,federico frutos,,,2026-02-11 14:08:32.075+00
1736,1,2026-02-13,12:00:00,Cai,1122955113,true,19000,12:30:00,1,2026-02-11 15:10:07.54+00,Cai,,,2026-02-11 15:10:07.54+00
1737,2,2026-02-12,17:30:00,jose,,true,19000,18:00:00,1,2026-02-11 15:31:53.443+00,Martin,,,2026-02-11 15:31:53.443+00
1738,2,2026-02-14,11:30:00,Facundo,1164210981,true,19000,12:00:00,1,2026-02-11 15:48:37.71+00,Facundo,,,2026-02-11 15:48:37.71+00
1739,2,2026-02-14,12:00:00,Benja donegna,1136683561,true,19000,12:30:00,1,2026-02-11 15:52:14.655+00,Benja dpnegna,,,2026-02-11 15:52:14.655+00
1740,1,2026-02-12,17:00:00,Gonzalo Cambero,1171606070,true,19000,17:30:00,1,2026-02-11 17:23:18.65+00,Gonzalo Cambero,,,2026-02-11 17:23:18.65+00
1741,2,2026-02-13,15:00:00,Juan ledesma,1162720636,true,19000,15:30:00,1,2026-02-11 18:14:40.303+00,Juan ledesma,,,2026-02-11 18:14:40.303+00
1742,2,2026-02-14,12:30:00,FER ROLLA,1151656447,true,19000,13:00:00,1,2026-02-11 18:28:32.081+00,FER ROLLA,,,2026-02-11 18:28:32.081+00
1743,2,2026-02-14,13:00:00,SANTI ROLLA,1151656447,true,19000,13:30:00,5,2026-02-11 18:29:17.1+00,SANTI ROLLA,,,2026-02-11 18:29:17.1+00
1744,2,2026-02-11,16:30:00,Tomas Renosto,1167809628,true,19000,17:00:00,1,2026-02-11 18:51:25.269+00,Tomas Renosto,,,2026-02-11 18:51:25.269+00
1745,2,2026-02-11,17:00:00,pablo,,true,19000,17:30:00,1,2026-02-11 19:02:52.473+00,Martin,,,2026-02-11 19:02:52.473+00
1746,2,2026-02-12,18:00:00,Chino,1127291009,true,19000,18:30:00,1,2026-02-11 19:49:00.556+00,Chino,,,2026-02-11 19:49:00.556+00
1747,2,2026-02-13,17:00:00,"Polo ",1131600474,true,19000,17:30:00,5,2026-02-11 20:19:09.114+00,"Polo ",,,2026-02-11 20:19:09.114+00
1749,1,2026-02-14,12:30:00,"Nacho Tuya ",1168796220,true,19000,13:00:00,1,2026-02-11 22:28:14.485+00,"Nacho Tuya ",,,2026-02-11 22:28:14.485+00
1750,2,2026-02-14,16:30:00,Gianluca Vernazza,1165861050,true,23000,17:00:00,1,2026-02-11 22:58:36.648+00,Gianluca Vernazza,,,2026-02-11 22:58:36.648+00
1753,1,2026-02-14,18:30:00,juani munter,,true,19000,19:30:00,3,2026-02-12 12:25:38.718+00,Facundo (Yayu),,,2026-02-12 12:25:38.718+00
1754,2,2026-02-12,12:00:00,Leonel Ghersi,1134925200,true,19000,12:30:00,1,2026-02-12 12:35:49.985+00,Leonel Ghersi,,,2026-02-12 12:35:49.985+00
1755,1,2026-02-13,12:30:00,Ramiro nasif,1122518748,true,23000,13:30:00,3,2026-02-12 14:51:45.604+00,Ramiro nasif,,,2026-02-12 14:51:45.604+00
1756,2,2026-02-12,15:00:00,Bautista Suarez,1136091166,true,19000,15:30:00,1,2026-02-12 15:18:05.381+00,Bautista Suarez,,,2026-02-12 15:18:05.381+00
1757,2,2026-02-13,18:00:00,Miguel,,true,19000,18:30:00,1,2026-02-12 15:50:38.899+00,Martin,,,2026-02-12 15:50:38.899+00
1758,1,2026-02-13,15:00:00,Tomas,1122454712,true,23000,16:00:00,3,2026-02-12 17:26:41.774+00,Tomas,,,2026-02-12 17:26:41.774+00
1759,1,2026-02-13,16:00:00,"Hernán ",1123702390,true,23000,17:00:00,3,2026-02-12 17:37:49.527+00,"Hernán ",,,2026-02-12 17:37:49.527+00
1760,1,2026-02-13,17:00:00,Francisco grippo,1138301019,true,19000,17:30:00,1,2026-02-12 17:58:34.067+00,Francisco grippo,,,2026-02-12 17:58:34.067+00
1761,2,2026-02-13,15:30:00,Pedro Casademunt,1165217552,true,19000,16:00:00,1,2026-02-12 18:37:22.897+00,Pedro Casademunt,,,2026-02-12 18:37:22.897+00
1762,1,2026-02-17,10:30:00,FERIADO,0000000000,false,,19:00:00,1,2026-02-12 20:00:25.223+00,Facundo (Yayu),,,2026-02-12 20:00:25.223+00
1763,2,2026-02-17,10:30:00,FERIADO,0000000000,false,,19:00:00,1,2026-02-12 20:00:43.337+00,Martin,,,2026-02-12 20:00:43.337+00
1764,1,2026-02-14,17:30:00,"juan ",1162755471,true,19000,18:00:00,1,2026-02-12 20:04:08.008+00,"juan ",,,2026-02-12 20:04:08.008+00
1766,2,2026-02-13,12:30:00,Federico Conde,1158039075,true,23000,13:30:00,3,2026-02-12 22:15:53.731+00,Federico Conde,,,2026-02-12 22:15:53.731+00
1767,1,2026-02-13,18:00:00,Luciano dodera,1159649066,true,19000,18:30:00,1,2026-02-12 23:01:58.792+00,Luciano dodera,,,2026-02-12 23:01:58.792+00
1768,2,2026-02-13,16:00:00,Miyer Rivero,1128741039,true,19000,16:30:00,1,2026-02-12 23:40:47.632+00,Miyer Rivero,,,2026-02-12 23:40:47.632+00
1769,1,2026-02-14,16:00:00,Yamil Dib,1135896290,true,23000,17:00:00,3,2026-02-13 03:16:33.799+00,Yamil Dib,,,2026-02-13 03:16:33.799+00
1770,2,2026-02-14,16:00:00,Juan Martin Gomez Delgado,1128842557,true,19000,16:30:00,1,2026-02-13 04:48:00.298+00,Juan Martin Gomez Delgado,,,2026-02-13 04:48:00.298+00
1771,1,2026-02-14,18:00:00,jorge,,true,19000,18:30:00,1,2026-02-13 11:28:52.21+00,"Bruno Cardinali ",,,2026-02-13 11:28:52.21+00
1772,1,2026-02-14,10:30:00,"Bruno ",1158511308,true,19000,11:00:00,1,2026-02-13 11:29:22.338+00,"Bruno ",,,2026-02-13 11:29:22.338+00
1775,2,2026-02-14,18:30:00,Jonathan Zagni,1158893746,true,19000,19:00:00,1,2026-02-13 14:12:06.011+00,Jonathan Zagni,,,2026-02-13 14:12:06.011+00
1778,2,2026-02-14,10:30:00,Nicolás Scaglia,1159584079,true,19000,11:00:00,1,2026-02-13 16:00:07.16+00,Nicolás Scaglia,,,2026-02-13 16:00:07.16+00
1780,2,2026-02-14,15:00:00,Nico B,,true,19000,16:00:00,3,2026-02-13 16:52:39.68+00,Martin,,,2026-02-13 16:52:39.68+00
1785,2,2026-02-13,17:30:00,"Facundo ",1164105626,true,19000,18:00:00,1,2026-02-13 20:02:11.284+00,"Facundo ",,,2026-02-13 20:02:11.284+00
1786,1,2026-02-14,12:00:00,Benja levy,1167697336,true,19000,12:30:00,1,2026-02-13 21:32:40.927+00,Benja levy,,,2026-02-13 21:32:40.927+00
1787,1,2026-02-14,11:30:00,David Levy,1135693197,true,19000,12:00:00,1,2026-02-13 21:34:01.663+00,David Levy,,,2026-02-13 21:34:01.663+00
1788,2,2026-02-21,12:30:00,Guido Provinzano,1156450321,true,19000,13:00:00,1,2026-02-13 22:16:38.296+00,Guido Provinzano,,,2026-02-13 22:16:38.296+00
1789,1,2026-02-14,11:00:00,Pablo,1159764194,true,19000,11:30:00,1,2026-02-14 11:53:27.396+00,Pablo,,,2026-02-14 11:53:27.396+00
1790,1,2026-02-14,17:00:00,marcos,,true,19000,17:30:00,1,2026-02-14 13:22:20.98+00,Facundo (Yayu),,,2026-02-14 13:22:20.98+00
1793,2,2026-02-18,10:30:00,Fernando Maldonado,1169435257,true,19000,11:00:00,1,2026-02-14 16:53:25.81+00,Fernando Maldonado,,,2026-02-14 16:53:25.81+00
1794,2,2026-02-18,11:00:00,"Nahuel Maldonado ",1169435257,true,19000,11:30:00,1,2026-02-14 16:54:04.771+00,"Nahuel Maldonado ",,,2026-02-14 16:54:04.771+00
1796,1,2026-02-18,13:00:00,Santiago Natale,1151753906,true,19000,13:30:00,1,2026-02-14 17:02:03.81+00,Santiago Natale,,,2026-02-14 17:02:03.81+00
1799,2,2026-02-21,19:00:00,seba,,true,23000,20:00:00,3,2026-02-14 22:40:38.343+00,Martin,,,2026-02-14 22:40:38.343+00
1800,1,2026-02-18,12:00:00,"Jorge candia ",1159304532,true,19000,12:30:00,1,2026-02-15 14:17:15.735+00,"Jorge candia ",,,2026-02-15 14:17:15.735+00
1801,1,2026-02-18,18:00:00,Leandro Sosa,1167036563,true,19000,18:30:00,1,2026-02-15 17:04:10.446+00,Leandro Sosa,,,2026-02-15 17:04:10.446+00
1802,1,2026-02-20,17:30:00,Pedro Mario Bogado Benítez,1162086046,true,19000,18:00:00,1,2026-02-15 18:39:19.111+00,Pedro Mario Bogado Benítez,,,2026-02-15 18:39:19.111+00
1804,2,2026-02-19,15:00:00,Jose maria schweizer,1160257332,true,19000,15:30:00,1,2026-02-16 12:34:55.05+00,Jose maria schweizer,,,2026-02-16 12:34:55.05+00
1805,2,2026-02-18,19:00:00,Nicolas Ojeda,1164849781,true,19000,19:30:00,1,2026-02-16 13:36:41.512+00,Nicolas Ojeda,,,2026-02-16 13:36:41.512+00
1806,1,2026-02-18,18:30:00,Agustín Otero,1133894736,true,19000,19:00:00,1,2026-02-17 00:16:11.776+00,Agustín Otero,,,2026-02-17 00:16:11.776+00
1809,2,2026-02-18,13:00:00,"Juan Iskandarani ",1133491708,true,19000,13:30:00,1,2026-02-17 19:47:56.833+00,"Juan Iskandarani ",,,2026-02-17 19:47:56.833+00
1810,2,2026-02-27,12:00:00,Leonel Ghersi,1134925200,true,19000,12:30:00,1,2026-02-17 20:14:23.049+00,Leonel Ghersi,,,2026-02-17 20:14:23.049+00
1811,2,2026-02-18,11:30:00,Santino,1154145310,true,19000,12:00:00,1,2026-02-17 21:21:50.102+00,Santino,,,2026-02-17 21:21:50.102+00
1812,2,2026-02-18,16:30:00,Felipe Mauric,1138321255,true,19000,17:00:00,1,2026-02-17 22:30:57.336+00,Felipe Mauric,,,2026-02-17 22:30:57.336+00
1813,2,2026-02-18,17:00:00,Benito Mauric,1138321255,true,19000,17:30:00,1,2026-02-17 22:32:08.054+00,Benito Mauric,,,2026-02-17 22:32:08.054+00
1814,2,2026-02-19,17:30:00,Coco,1133020000,true,23000,18:30:00,3,2026-02-18 12:53:40.62+00,Coco,,,2026-02-18 12:53:40.62+00
1815,2,2026-02-21,18:30:00,Theo MAC,,true,19000,19:00:00,1,2026-02-18 13:10:29.891+00,Martin,,,2026-02-18 13:10:29.891+00
1817,2,2026-02-18,12:30:00,Massimo Rizzo,1156416270,true,19000,13:00:00,1,2026-02-18 13:17:37.339+00,Massimo Rizzo,,,2026-02-18 13:17:37.339+00
1818,2,2026-02-19,18:30:00,Victor Martini,1159963020,true,19000,19:00:00,1,2026-02-18 13:33:36.049+00,Victor Martini,,,2026-02-18 13:33:36.049+00
1819,1,2026-02-20,16:00:00,Lucas Rodríguez Peluso,1554931688,true,19000,16:30:00,1,2026-02-18 14:23:28.987+00,Lucas Rodríguez Peluso,,,2026-02-18 14:23:28.987+00
1821,2,2026-02-25,19:00:00,"Federico Vicente Rua ",1168698762,true,19000,19:30:00,1,2026-02-18 14:50:41.561+00,"Federico Vicente Rua ",,,2026-02-18 14:50:41.561+00
1822,2,2026-02-20,15:00:00,"Theo Pejacsevich ",1160201053,true,19000,15:30:00,1,2026-02-18 14:54:53.66+00,"Theo Pejacsevich ",,,2026-02-18 14:54:53.66+00
1823,1,2026-02-19,12:30:00,Agustín longobuco,1136878708,true,19000,13:00:00,1,2026-02-18 15:12:39.445+00,Agustín longobuco,,,2026-02-18 15:12:39.445+00
1825,1,2026-02-18,15:30:00,Lucas de la vega,1141670334,true,19000,16:00:00,1,2026-02-18 15:20:14.764+00,Lucas de la vega,,,2026-02-18 15:20:14.764+00
1827,1,2026-02-18,16:30:00,Federico Olivera,1158890445,true,23000,17:30:00,3,2026-02-18 15:49:57.367+00,Federico Olivera,,,2026-02-18 15:49:57.367+00
1829,2,2026-02-19,17:00:00,Fermin jolis,1162674302,true,19000,17:30:00,1,2026-02-18 16:00:01.355+00,Fermin jolis,,,2026-02-18 16:00:01.355+00
1830,2,2026-02-19,15:30:00,Ezequiel Daneri,1147995746,true,19000,16:00:00,1,2026-02-18 16:03:12.951+00,Ezequiel Daneri,,,2026-02-18 16:03:12.951+00
1831,1,2026-02-19,17:00:00,Gianluca Labarile,1125732523,true,23000,18:00:00,3,2026-02-18 16:08:11.286+00,Gianluca Labarile,,,2026-02-18 16:08:11.286+00
1832,2,2026-02-19,11:30:00,Nahuel Perez,1123763791,true,19000,12:00:00,1,2026-02-18 16:35:34.561+00,Nahuel Perez,,,2026-02-18 16:35:34.561+00
1833,2,2026-02-18,12:00:00,Benja,,true,19000,12:30:00,1,2026-02-18 16:44:13.051+00,Martin,,,2026-02-18 16:44:13.051+00
1835,1,2026-02-18,17:30:00,Martin Bergara,1166178760,true,19000,18:00:00,1,2026-02-18 17:13:11.369+00,Martin Bergara,,,2026-02-18 17:13:11.369+00
1836,2,2026-02-18,18:00:00,Martin Bergara,1166178760,true,19000,18:30:00,1,2026-02-18 17:13:57.615+00,Martin Bergara,,,2026-02-18 17:13:57.615+00
1838,2,2026-02-20,17:30:00,Fermín,1157997986,true,19000,18:00:00,1,2026-02-18 17:46:05.962+00,Fermín,,,2026-02-18 17:46:05.962+00
1839,1,2026-02-20,18:00:00,Mateo Dodera,1167272468,true,23000,19:00:00,3,2026-02-18 18:26:45.358+00,Mateo Dodera,,,2026-02-18 18:26:45.358+00
1840,2,2026-02-20,16:30:00,Franco Siciliano,1136303335,true,19000,17:00:00,1,2026-02-18 18:52:15.93+00,Franco Siciliano,,,2026-02-18 18:52:15.93+00
1841,2,2026-02-19,16:00:00,Mark,1150954348,true,19000,16:30:00,1,2026-02-18 19:33:30.235+00,Mark,,,2026-02-18 19:33:30.235+00
1842,1,2026-02-21,12:00:00,Ivan,1165280396,true,23000,13:00:00,3,2026-02-18 19:51:14.857+00,Ivan,,,2026-02-18 19:51:14.857+00
1843,1,2026-02-21,11:00:00,Camilo,1165581998,true,19000,11:30:00,1,2026-02-18 20:12:26.484+00,Camilo,,,2026-02-18 20:12:26.484+00
1844,1,2026-02-21,11:30:00,Franco,1165581998,true,19000,12:00:00,1,2026-02-18 20:12:56.696+00,Franco,,,2026-02-18 20:12:56.696+00
1845,1,2026-02-20,12:30:00,Nicolás Cejas,1538431853,true,19000,13:00:00,1,2026-02-18 21:04:36.612+00,Nicolás Cejas,,,2026-02-18 21:04:36.612+00
1846,2,2026-02-20,18:00:00,Alejandro fragala,1133960717,true,23000,19:00:00,3,2026-02-18 23:23:52.49+00,Alejandro fragala,,,2026-02-18 23:23:52.49+00
1847,1,2026-02-21,15:00:00,"Axel González ",1164104106,true,23000,15:30:00,1,2026-02-19 10:35:29.161+00,"Axel González ",,,2026-02-19 10:35:29.161+00
1848,1,2026-02-19,10:30:00,Wilson,,true,19000,11:00:00,1,2026-02-19 12:44:45.497+00,Facundo (Yayu),,,2026-02-19 12:44:45.497+00
1849,2,2026-02-20,10:30:00,Facundo Barra,1170207673,true,19000,11:00:00,1,2026-02-19 13:12:34.094+00,Facundo Barra,,,2026-02-19 13:12:34.094+00
1851,2,2026-02-21,10:30:00,Lucas,1166751794,true,23000,11:30:00,3,2026-02-19 13:26:29.793+00,Lucas,,,2026-02-19 13:26:29.793+00
1852,1,2026-02-20,13:00:00,"Fer Gilbert ",1136061616,true,19000,13:30:00,1,2026-02-19 13:52:57.178+00,"Fer Gilbert ",,,2026-02-19 13:52:57.178+00
1853,2,2026-02-19,19:00:00,Mateo,1157567561,true,19000,19:30:00,5,2026-02-19 14:20:44.526+00,Mateo,,,2026-02-19 14:20:44.526+00
1855,1,2026-02-24,12:00:00,Agus dodera,1150398159,true,19000,12:30:00,1,2026-02-19 17:50:38.34+00,Agus dodera,,,2026-02-19 17:50:38.34+00
1856,1,2026-02-21,13:00:00,Martin Sobrero,1163978559,true,19000,13:30:00,1,2026-02-19 18:36:52.745+00,Martin Sobrero,,,2026-02-19 18:36:52.745+00
1857,1,2026-03-03,15:30:00,Francisco Bras Harriott,1144024818,true,20000,16:00:00,1,2026-02-19 18:39:44.318+00,Francisco Bras Harriott,,,2026-02-19 18:39:44.318+00
1858,1,2026-02-19,16:30:00,"Tadeo suarez ",1131665317,true,19000,17:00:00,1,2026-02-19 18:50:04.396+00,"Tadeo suarez ",,,2026-02-19 18:50:04.396+00
1859,1,2026-02-19,18:00:00,Rama,1176105314,true,19000,18:30:00,1,2026-02-19 19:07:16.412+00,Rama,,,2026-02-19 19:07:16.412+00
1860,2,2026-02-21,17:30:00,Felix Pota,1161587851,true,19000,18:00:00,1,2026-02-19 19:12:47.172+00,Felix Pota,,,2026-02-19 19:12:47.172+00
1861,1,2026-02-20,12:00:00,fran,,true,23000,12:30:00,1,2026-02-19 19:42:52.745+00,Facundo (Yayu),,,2026-02-19 19:42:52.745+00
1862,2,2026-02-20,19:00:00,Diego,1169733928,true,19000,19:30:00,1,2026-02-19 20:00:24.688+00,Diego,,,2026-02-19 20:00:24.688+00
1863,2,2026-02-21,15:00:00,Nicolas Werteño,1137991385,true,19000,15:30:00,5,2026-02-19 20:09:57.688+00,Nicolas Werteño,,,2026-02-19 20:09:57.688+00
1865,1,2026-02-21,16:30:00,ignacio moirano,1133446031,true,23000,17:30:00,3,2026-02-19 21:20:24.167+00,ignacio moirano,,,2026-02-19 21:20:24.167+00
1867,2,2026-02-21,12:00:00,Alejandro Poluyan,1167935666,true,19000,12:30:00,1,2026-02-19 22:27:46.004+00,Alejandro Poluyan,,,2026-02-19 22:27:46.004+00
1871,2,2026-02-20,11:00:00,Rodrigo Salgado,1153323810,true,19000,11:30:00,1,2026-02-20 11:30:01.095+00,Rodrigo Salgado,,,2026-02-20 11:30:01.095+00
1874,2,2026-02-21,16:00:00,Fausto,1169639997,true,19000,16:30:00,5,2026-02-20 12:59:33.192+00,Fausto,,,2026-02-20 12:59:33.192+00
1875,2,2026-02-21,16:30:00,"Beltrán ",1169639997,true,19000,17:00:00,5,2026-02-20 13:00:12.964+00,"Beltrán ",,,2026-02-20 13:00:12.964+00
1876,1,2026-02-21,10:30:00,"Agustin albin Cacetta ",1139323676,true,23000,11:00:00,1,2026-02-20 13:34:18.147+00,"Agustin albin Cacetta ",,,2026-02-20 13:34:18.147+00
1877,2,2026-02-20,17:00:00,"Santino Guibaud ",1155230055,true,19000,17:30:00,1,2026-02-20 13:34:27.161+00,"Santino Guibaud ",,,2026-02-20 13:34:27.161+00
1878,1,2026-02-20,16:30:00,"Tomas Guibaud ",1155230055,true,19000,17:00:00,1,2026-02-20 13:34:59.762+00,"Tomas Guibaud ",,,2026-02-20 13:34:59.762+00
1879,1,2026-02-21,17:30:00,Teo Quattrocchi,1156691735,true,23000,18:30:00,3,2026-02-20 16:15:03.118+00,Teo Quattrocchi,,,2026-02-20 16:15:03.118+00
1880,2,2026-02-20,15:30:00,Gaspar,1136602591,true,19000,16:00:00,1,2026-02-20 16:22:05.326+00,Gaspar,,,2026-02-20 16:22:05.326+00
1881,2,2026-02-21,18:00:00,"Guillermo Ceballos ",9113755811,true,19000,18:30:00,1,2026-02-20 16:40:12.797+00,"Guillermo Ceballos ",,,2026-02-20 16:40:12.797+00
1883,2,2026-02-21,13:00:00,Bauti Flaquer,1155791471,true,19000,13:30:00,1,2026-02-20 18:48:54.728+00,Bauti Flaquer,,,2026-02-20 18:48:54.728+00
1884,2,2026-02-21,17:00:00,bladimir,,true,19000,17:30:00,1,2026-02-20 19:13:44.015+00,Martin,,,2026-02-20 19:13:44.015+00
1885,2,2026-02-21,15:30:00,Felipe,1128820008,true,19000,16:00:00,1,2026-02-20 19:33:38.908+00,Felipe,,,2026-02-20 19:33:38.908+00
1889,2,2026-02-21,11:30:00,puerta,,true,12000,12:00:00,1,2026-02-21 14:42:14.134+00,Martin,,,2026-02-21 14:42:14.134+00
1892,2,2026-03-12,10:30:00,nico b,,true,20000,11:30:00,3,2026-02-21 17:36:48.582+00,Martin,,,2026-02-21 17:36:48.582+00
1895,2,2026-02-24,18:00:00,Francisco Ferrari,1156940082,true,19000,18:30:00,1,2026-02-21 20:51:25.967+00,Francisco Ferrari,,,2026-02-21 20:51:25.967+00
1896,2,2026-02-24,11:00:00,Marcos biagini,1126280420,true,19000,11:30:00,1,2026-02-22 14:00:56.409+00,Marcos biagini,,,2026-02-22 14:00:56.409+00
1897,2,2026-02-24,16:00:00,Nicolás Fingeret,1176137593,true,19000,16:30:00,1,2026-02-22 15:29:00.586+00,Nicolás Fingeret,,,2026-02-22 15:29:00.586+00
1898,2,2026-02-24,16:30:00,Francisco Maronna,1140487300,true,19000,17:00:00,1,2026-02-22 18:33:10.761+00,Francisco Maronna,,,2026-02-22 18:33:10.761+00
1900,2,2026-02-24,11:30:00,luca garbarini,1153855011,true,19000,12:00:00,1,2026-02-22 21:18:05.035+00,luca garbarini,,,2026-02-22 21:18:05.035+00
1902,1,2026-02-25,11:00:00,"Cáceres David Nataniel ",1166866100,true,19000,11:30:00,5,2026-02-23 14:03:59.235+00,"Cáceres David Nataniel ",,,2026-02-23 14:03:59.235+00
1903,1,2026-02-25,11:30:00,"Caceres David Nataniel ",1166866100,true,19000,12:00:00,1,2026-02-23 14:04:45.428+00,"Caceres David Nataniel ",,,2026-02-23 14:04:45.428+00
1904,2,2026-02-28,15:30:00,Francisco Poluyan,2494001261,true,19000,16:00:00,1,2026-02-23 18:29:09.109+00,Francisco Poluyan,,,2026-02-23 18:29:09.109+00
1905,2,2026-02-24,17:30:00,Francisco Benvenuto,1167538038,true,19000,18:00:00,1,2026-02-23 18:34:58.535+00,Francisco Benvenuto,,,2026-02-23 18:34:58.535+00
1906,1,2026-02-24,18:00:00,Matías Bras Harriott,1158101100,true,19000,18:30:00,1,2026-02-23 19:27:01.978+00,Matías Bras Harriott,,,2026-02-23 19:27:01.978+00
1907,2,2026-02-25,12:30:00,Federico Conde,1158039075,true,23000,13:30:00,3,2026-02-23 19:53:31.205+00,Federico Conde,,,2026-02-23 19:53:31.205+00
1909,1,2026-02-24,15:00:00,Santiago Nadin,1155634941,true,19000,15:30:00,1,2026-02-23 20:47:27.798+00,Santiago Nadin,,,2026-02-23 20:47:27.798+00
1913,1,2026-02-24,11:30:00,Fede Bonilla,1167468929,true,19000,12:00:00,1,2026-02-24 00:29:44.383+00,Fede Bonilla,,,2026-02-24 00:29:44.383+00
1915,1,2026-02-25,12:30:00,Juan Martin Gugliotta,1165629773,true,19000,13:00:00,1,2026-02-24 01:50:24.172+00,Juan Martin Gugliotta,,,2026-02-24 01:50:24.172+00
1916,1,2026-02-24,18:30:00,Ramiro Spinelli Riso,1137259564,true,23000,19:30:00,3,2026-02-24 03:09:41.726+00,Ramiro Spinelli Riso,,,2026-02-24 03:09:41.726+00
1921,2,2026-02-24,12:30:00,bautista cortigiani,1127873050,true,23000,13:30:00,3,2026-02-24 12:17:45.929+00,bautista cortigiani,,,2026-02-24 12:17:45.929+00
1922,1,2026-02-24,13:00:00,Andres,1111111164,true,23000,13:30:00,1,2026-02-24 12:51:04.216+00,Andres,,,2026-02-24 12:51:04.216+00
1925,2,2026-02-28,12:00:00,Juan Martin Gómez Delgado,1128842557,true,23000,13:00:00,3,2026-02-24 13:52:22.161+00,Juan Martin Gómez Delgado,,,2026-02-24 13:52:22.161+00
1926,2,2026-02-24,12:00:00,santino damico,1121672247,true,19000,12:30:00,1,2026-02-24 13:53:44.325+00,santino damico,,,2026-02-24 13:53:44.325+00
1927,2,2026-02-24,18:30:00,"Nicolas Paz ",1130082473,true,19000,19:00:00,1,2026-02-24 15:25:16.723+00,"Nicolas Paz ",,,2026-02-24 15:25:16.723+00
1928,2,2026-02-25,15:00:00,Martin Aguilar,1163001406,true,19000,15:30:00,1,2026-02-24 16:23:19.042+00,Martin Aguilar,,,2026-02-24 16:23:19.042+00
1929,1,2026-02-27,18:00:00,Fran cola,1138661247,true,23000,19:00:00,3,2026-02-24 16:48:41.093+00,Fran cola,,,2026-02-24 16:48:41.093+00
1930,2,2026-02-24,15:30:00,LORENZO,,true,19000,16:00:00,1,2026-02-24 16:51:04.469+00,Martin,,,2026-02-24 16:51:04.469+00
1931,2,2026-02-25,15:30:00,"Maximo ",1164635167,true,19000,16:00:00,1,2026-02-24 17:03:06.589+00,"Maximo ",,,2026-02-24 17:03:06.589+00
1933,1,2026-02-24,16:30:00,"Pedro Álvarez ",1156940857,true,19000,17:00:00,5,2026-02-24 17:31:28.857+00,"Pedro Álvarez ",,,2026-02-24 17:31:28.857+00
1934,1,2026-02-25,15:00:00,Agustin,1153837292,true,19000,15:30:00,1,2026-02-24 17:33:46.42+00,Agustin,,,2026-02-24 17:33:46.42+00
1935,1,2026-02-25,15:30:00,Nicolas,1153837292,true,19000,16:00:00,5,2026-02-24 17:34:20.263+00,Nicolas,,,2026-02-24 17:34:20.263+00
1936,1,2026-02-25,12:00:00,Francisco Sosa,1155835285,true,19000,12:30:00,5,2026-02-24 17:40:40.603+00,Francisco Sosa,,,2026-02-24 17:40:40.603+00
1941,2,2026-02-24,19:00:00,ramiro,,true,19000,19:30:00,1,2026-02-24 18:26:11.463+00,Martin,,,2026-02-24 18:26:11.463+00
1944,1,2026-03-05,12:30:00,Pupi Sala,1136274242,true,25000,13:30:00,3,2026-02-24 22:00:38.576+00,Pupi Sala,,,2026-02-24 22:00:38.576+00
1945,2,2026-02-26,18:30:00,Lucas,1166751794,true,23000,19:30:00,3,2026-02-24 22:16:43.349+00,Lucas,,,2026-02-24 22:16:43.349+00
1946,2,2026-02-27,18:00:00,Sebastian Molinari,1167973180,true,23000,19:00:00,3,2026-02-24 23:31:19.204+00,Sebastian Molinari,,,2026-02-24 23:31:19.204+00
1947,2,2026-02-27,19:00:00,"Nicolás ",1167973180,true,19000,19:30:00,1,2026-02-24 23:32:30.948+00,"Nicolás ",,,2026-02-24 23:32:30.948+00
1948,2,2026-02-25,17:30:00,Marcelo Zincenko,1159498018,true,23000,18:30:00,3,2026-02-25 00:28:57.196+00,Marcelo Zincenko,,,2026-02-25 00:28:57.196+00
1950,1,2026-02-25,18:00:00,German scherma,1169711380,true,19000,18:30:00,1,2026-02-25 11:27:25.145+00,German scherma,,,2026-02-25 11:27:25.145+00
1952,1,2026-02-27,19:00:00,Fran,,true,19000,19:30:00,1,2026-02-25 13:04:13.593+00,Facundo (Yayu),,,2026-02-25 13:04:13.593+00
1953,1,2026-02-28,12:30:00,Matias Myma,1121687855,true,23000,13:30:00,3,2026-02-25 13:12:29.577+00,Matias Myma,,,2026-02-25 13:12:29.577+00
1954,1,2026-02-25,16:30:00,eduardo,,true,19000,17:00:00,1,2026-02-25 13:28:11.303+00,Facundo (Yayu),,,2026-02-25 13:28:11.303+00
1956,1,2026-02-27,13:00:00,"Bruno Cardinali ",1158511308,true,19000,13:30:00,2,2026-02-25 13:51:10.99+00,"Bruno Cardinali ",,,2026-02-25 13:51:10.99+00
1959,1,2026-02-25,17:00:00,Nicolás grasso,1122996333,true,23000,18:00:00,3,2026-02-25 14:55:13.486+00,Nicolás grasso,,,2026-02-25 14:55:13.486+00
1961,1,2026-02-26,13:00:00,"Nahue ",1132563374,true,19000,13:30:00,5,2026-02-25 16:31:26.355+00,"Nahue ",,,2026-02-25 16:31:26.355+00
1962,1,2026-02-27,15:00:00,Julian huber,1156690721,true,23000,16:00:00,3,2026-02-25 17:30:08.221+00,Julian huber,,,2026-02-25 17:30:08.221+00
1963,2,2026-02-26,15:00:00,"Bautista ciminieri ",1167472367,true,23000,16:00:00,3,2026-02-25 17:36:52.492+00,"Bautista ciminieri ",,,2026-02-25 17:36:52.492+00
1965,2,2026-02-25,16:30:00,gonza,,true,19000,17:00:00,1,2026-02-25 17:56:35.965+00,Martin,,,2026-02-25 17:56:35.965+00
1966,2,2026-02-25,17:00:00,felipe,1122341881,true,19000,17:30:00,1,2026-02-25 18:19:24.106+00,felipe,,,2026-02-25 18:19:24.106+00
1967,1,2026-02-26,15:00:00,Dani Natale,1136927011,true,19000,15:30:00,1,2026-02-25 18:30:01.957+00,Dani Natale,,,2026-02-25 18:30:01.957+00
1969,2,2026-02-26,11:30:00,santiago burgos,1130940628,true,19000,12:00:00,1,2026-02-25 21:25:46.676+00,Martin,,,2026-02-25 21:25:46.676+00
1972,1,2026-02-26,12:00:00,Maximo,1141696393,true,19000,12:30:00,1,2026-02-25 22:11:57.523+00,Maximo,,,2026-02-25 22:11:57.523+00
1974,1,2026-02-26,12:30:00,"Martín Díaz Villodas ",1157802589,true,19000,13:00:00,1,2026-02-26 05:32:38.319+00,"Martín Díaz Villodas ",,,2026-02-26 05:32:38.319+00
1975,1,2026-02-28,11:00:00,"Axel González ",1164104106,true,19000,11:30:00,1,2026-02-26 10:12:49.667+00,"Axel González ",,,2026-02-26 10:12:49.667+00
1976,1,2026-02-28,15:30:00,"Patricio Maravert ",1134983232,true,19000,16:00:00,1,2026-02-26 12:00:24.49+00,"Patricio Maravert ",,,2026-02-26 12:00:24.49+00
1980,1,2026-02-26,17:30:00,"Lisandro Nadin ",1126080473,true,19000,18:00:00,1,2026-02-26 12:50:06.699+00,"Lisandro Nadin ",,,2026-02-26 12:50:06.699+00
1981,1,2026-02-27,12:00:00,Luciano Dodera,1159649066,true,19000,12:30:00,1,2026-02-26 13:15:28.618+00,Luciano Dodera,,,2026-02-26 13:15:28.618+00
1982,2,2026-02-28,10:30:00,nico deja tirado,,true,23000,11:30:00,3,2026-02-26 13:38:45.53+00,Martin,,,2026-02-26 13:38:45.53+00
1983,1,2026-02-26,16:00:00,D’Aversa,1169608371,true,23000,17:00:00,3,2026-02-26 13:57:12.996+00,D’Aversa,,,2026-02-26 13:57:12.996+00
1985,2,2026-02-26,12:00:00,Eliseo,,true,19000,12:30:00,1,2026-02-26 14:13:08.223+00,Martin,,,2026-02-26 14:13:08.223+00
1986,2,2026-02-26,12:30:00,arturo,,true,12000,13:00:00,1,2026-02-26 15:17:50.415+00,Martin,,,2026-02-26 15:17:50.415+00
1987,2,2026-02-27,12:30:00,Mateo Perez Salvo,1138601347,true,19000,13:00:00,1,2026-02-26 15:21:43.752+00,Mateo Perez Salvo,,,2026-02-26 15:21:43.752+00
1989,1,2026-03-03,13:00:00,Gregorio Pontiggia,1161839786,true,20000,13:30:00,1,2026-02-26 15:46:49.148+00,Gregorio Pontiggia,,,2026-02-26 15:46:49.148+00
1994,2,2026-02-26,17:00:00,Luciano Sentinelli,2995238635,true,19000,17:30:00,1,2026-02-26 17:42:26.02+00,Luciano Sentinelli,,,2026-02-26 17:42:26.02+00
1995,1,2026-02-26,17:00:00,federico frutos,1126146441,true,19000,17:30:00,1,2026-02-26 18:43:42.858+00,federico frutos,,,2026-02-26 18:43:42.858+00
1996,2,2026-02-26,17:30:00,"Jorge Jaunarena ",1134379508,true,23000,18:30:00,3,2026-02-26 19:00:49.726+00,"Jorge Jaunarena ",,,2026-02-26 19:00:49.726+00
1999,2,2026-02-28,11:30:00,Javi,,true,38000,12:00:00,1,2026-02-26 19:42:20.563+00,Martin,,,2026-02-26 19:42:20.563+00
2000,2,2026-02-28,13:00:00,"Fran Diedrichs ",1140860207,true,19000,13:30:00,1,2026-02-26 21:18:32.554+00,"Fran Diedrichs ",,,2026-02-26 21:18:32.554+00
2001,2,2026-02-28,18:00:00,titi batistella,1132024257,true,19000,18:30:00,1,2026-02-26 21:45:48.942+00,titi batistella,,,2026-02-26 21:45:48.942+00
2002,1,2026-02-27,16:30:00,Federico Falotico,1158678400,true,19000,17:00:00,1,2026-02-26 22:04:24.486+00,Federico Falotico,,,2026-02-26 22:04:24.486+00
2005,1,2026-02-27,17:30:00,"Felipe Walsh ",1158103386,true,19000,18:00:00,1,2026-02-27 03:40:01.528+00,"Felipe Walsh ",,,2026-02-27 03:40:01.528+00
2006,2,2026-02-27,11:30:00,"Juan Martín ",1141888491,true,19000,12:00:00,1,2026-02-27 10:00:09.732+00,"Juan Martín ",,,2026-02-27 10:00:09.732+00
2009,2,2026-02-27,15:00:00,Mark,1158954348,true,19000,15:30:00,1,2026-02-27 15:23:32.795+00,Mark,,,2026-02-27 15:23:32.795+00
2010,1,2026-02-27,17:00:00,pablo Sobrero,1131626589,true,19000,17:30:00,1,2026-02-27 18:03:39.609+00,pablo Sobrero,,,2026-02-27 18:03:39.609+00
2011,1,2026-02-28,16:00:00,Ramiro nasif,1122518718,true,23000,17:00:00,3,2026-02-27 20:49:46.486+00,Ramiro nasif,,,2026-02-27 20:49:46.486+00
2012,2,2026-02-27,17:30:00,Adrian,,true,19000,18:00:00,1,2026-02-27 20:53:08.839+00,Martin,,,2026-02-27 20:53:08.839+00
2013,2,2026-02-28,17:00:00,Gianluca Vernazza,1165861050,true,23000,18:00:00,3,2026-02-27 21:14:10.457+00,Gianluca Vernazza,,,2026-02-27 21:14:10.457+00
2014,2,2026-02-28,15:00:00,Martin Cianni,1164070414,true,19000,15:30:00,1,2026-02-27 21:14:37.017+00,Martin Cianni,,,2026-02-27 21:14:37.017+00
2016,2,2026-02-28,16:00:00,Vincenzo Parmigiani,1162565550,true,19000,16:30:00,1,2026-02-28 00:03:19.414+00,Vincenzo Parmigiani,,,2026-02-28 00:03:19.414+00
2017,1,2026-02-28,19:00:00,Francisco Andino,1167261446,true,23000,19:30:00,1,2026-02-28 04:41:19.381+00,Francisco Andino,,,2026-02-28 04:41:19.381+00
2020,2,2026-02-28,16:30:00,nico diedrichs,1123290680,true,19000,17:00:00,1,2026-02-28 13:33:42.683+00,nico diedrichs,,,2026-02-28 13:33:42.683+00
2021,1,2026-02-28,17:30:00,Maximiliano Lopez,1159759177,true,23000,18:30:00,3,2026-02-28 14:02:40.235+00,Maximiliano Lopez,,,2026-02-28 14:02:40.235+00
2022,2,2026-02-28,18:30:00,Brunito peronista,1138560613,true,19000,19:00:00,1,2026-02-28 15:08:19.549+00,Brunito peronista,,,2026-02-28 15:08:19.549+00
2023,2,2026-02-28,19:00:00,leo,,true,19000,19:30:00,1,2026-02-28 15:49:40.308+00,Martin,,,2026-02-28 15:49:40.308+00
2024,1,2026-03-04,15:00:00,Laucha,2235444775,true,25000,16:00:00,3,2026-02-28 18:56:38.448+00,Laucha,,,2026-02-28 18:56:38.448+00
2027,2,2026-03-04,19:00:00,Lucas redfern,1162672505,true,20000,19:30:00,1,2026-03-01 02:21:13.845+00,Lucas redfern,,,2026-03-01 02:21:13.845+00
2028,2,2026-03-07,18:00:00,Juan Carlos Chá Torea,1159497109,true,20000,19:00:00,3,2026-03-01 14:29:23.933+00,Juan Carlos Chá Torea,,,2026-03-01 14:29:23.933+00
2030,2,2026-03-07,19:00:00,"Seba ",,true,20000,20:00:00,3,2026-03-01 16:17:29.66+00,Martin,,,2026-03-01 16:17:29.66+00
2031,2,2026-03-03,18:30:00,"Martino Garcia ",1153873466,true,20000,19:00:00,1,2026-03-01 16:19:39.232+00,"Martino Garcia ",,,2026-03-01 16:19:39.232+00
2032,1,2026-03-03,11:00:00,"Julian Santalla ",1153299875,true,25000,12:00:00,3,2026-03-01 18:32:55.664+00,"Julian Santalla ",,,2026-03-01 18:32:55.664+00
2033,2,2026-03-03,12:00:00,Rodri larre,1130403257,true,19000,12:30:00,1,2026-03-02 12:57:34.57+00,Rodri larre,,,2026-03-02 12:57:34.57+00
2034,2,2026-03-06,15:00:00,Tomas Sanin,1161416865,true,20000,15:30:00,5,2026-03-02 14:42:43.972+00,Tomas Sanin,,,2026-03-02 14:42:43.972+00
2036,2,2026-03-03,18:00:00,Martin,1130424419,true,20000,18:30:00,1,2026-03-02 16:12:57.979+00,Martin,,,2026-03-02 16:12:57.979+00
2037,1,2026-03-03,15:00:00,"Santi Blas Nuñez ",1170801364,true,20000,15:30:00,1,2026-03-02 17:24:39.464+00,"Santi Blas Nuñez ",,,2026-03-02 17:24:39.464+00
2038,2,2026-03-03,13:00:00,Javier Fondevila,1131557207,true,19000,13:30:00,1,2026-03-02 17:50:04.165+00,Javier Fondevila,,,2026-03-02 17:50:04.165+00
2039,1,2026-03-03,17:00:00,Gianluca Labarile,1125732523,true,25000,18:00:00,3,2026-03-02 18:34:02.007+00,Gianluca Labarile,,,2026-03-02 18:34:02.007+00
2040,1,2026-03-06,15:00:00,Francisco Pascuzzi Serra,1158562504,true,20000,15:30:00,1,2026-03-02 19:20:40.053+00,Francisco Pascuzzi Serra,,,2026-03-02 19:20:40.053+00
2042,1,2026-03-03,18:00:00,Juani,1169700431,true,20000,19:00:00,3,2026-03-02 21:03:53.718+00,Juani,,,2026-03-02 21:03:53.718+00
2043,2,2026-03-06,18:00:00,"Jorge ",1130777337,true,20000,18:30:00,1,2026-03-02 21:15:48.48+00,"Jorge ",,,2026-03-02 21:15:48.48+00
2044,1,2026-03-06,16:30:00,Benja Cavarra,1136607363,true,20000,17:00:00,1,2026-03-02 23:01:18.335+00,Benja Cavarra,,,2026-03-02 23:01:18.335+00
2047,1,2026-03-03,16:30:00,juan tomas,1162755471,true,20000,17:00:00,1,2026-03-03 01:48:07.365+00,juan tomas,,,2026-03-03 01:48:07.365+00
2050,1,2026-03-03,16:00:00,"Maxi de la Fuente ",1153272654,true,20000,16:30:00,1,2026-03-03 10:47:31.495+00,"Maxi de la Fuente ",,,2026-03-03 10:47:31.495+00
2051,1,2026-03-03,12:00:00,"Jorge candia ",1159304532,true,19000,12:30:00,1,2026-03-03 11:33:21.918+00,"Jorge candia ",,,2026-03-03 11:33:21.918+00
2053,1,2026-03-04,18:30:00,nahuel noguera,1132136910,true,20000,19:30:00,3,2026-03-03 13:19:33.014+00,nahuel noguera,,,2026-03-03 13:19:33.014+00
2057,1,2026-03-07,11:30:00,"Felipe Garcia de Leonardo ",1167838146,true,20000,12:00:00,1,2026-03-03 13:25:47.506+00,"Felipe Garcia de Leonardo ",,,2026-03-03 13:25:47.506+00
2058,2,2026-03-18,10:30:00,"Reservado ",0000000000,false,,15:00:00,1,2026-03-03 14:39:46.15+00,Martin,,,2026-03-03 14:39:46.15+00
2060,1,2026-03-04,12:30:00,Matias Wolfram,1128803953,true,25000,13:30:00,3,2026-03-03 15:01:45.513+00,Matias Wolfram,,,2026-03-03 15:01:45.513+00
2061,1,2026-03-05,10:30:00,Alejandro,1158109997,true,20000,11:00:00,1,2026-03-03 18:59:07.751+00,Facundo (Yayu),,,2026-03-03 18:59:07.751+00
2062,2,2026-03-04,15:00:00,Valentino Zingoni,1122903431,true,20000,15:30:00,1,2026-03-03 19:09:17.944+00,Valentino Zingoni,,,2026-03-03 19:09:17.944+00
2064,1,2026-03-06,13:00:00,Ramiro Lukezic,1163368573,true,25000,13:30:00,1,2026-03-03 19:51:39.346+00,Ramiro Lukezic,,,2026-03-03 19:51:39.346+00
2065,1,2026-03-06,17:00:00,Juan Manuel,1127195413,true,20000,17:30:00,1,2026-03-03 21:28:20.189+00,Juan Manuel,,,2026-03-03 21:28:20.189+00
2066,1,2026-03-04,18:00:00,Yamil dib,1135896290,true,20000,18:30:00,1,2026-03-03 22:18:38.419+00,Yamil dib,,,2026-03-03 22:18:38.419+00
2068,2,2026-03-07,10:30:00,Ivan Mercado,1134251311,true,20000,11:00:00,1,2026-03-03 22:27:09.74+00,Ivan Mercado,,,2026-03-03 22:27:09.74+00
2071,1,2026-03-05,15:30:00,fran grippo,1138301019,true,20000,16:00:00,1,2026-03-04 00:29:38.363+00,fran grippo,,,2026-03-04 00:29:38.363+00
2072,2,2026-03-04,17:30:00,"Marco Caceres ",1152291146,true,20000,18:00:00,1,2026-03-04 01:09:44.969+00,"Marco Caceres ",,,2026-03-04 01:09:44.969+00
2073,2,2026-03-04,18:00:00,leon matias,1156305538,true,20000,18:30:00,1,2026-03-04 01:54:31.608+00,leon matias,,,2026-03-04 01:54:31.608+00
2074,2,2026-03-05,19:00:00,Nicolas Ojeda,1164849781,true,20000,19:30:00,1,2026-03-04 03:19:28.194+00,Nicolas Ojeda,,,2026-03-04 03:19:28.194+00
2075,2,2026-03-04,15:30:00,Juan M,1154145310,true,20000,16:00:00,1,2026-03-04 03:28:02.584+00,Juan M,,,2026-03-04 03:28:02.584+00
2076,2,2026-03-04,17:00:00,Simon Conde,1161397943,true,20000,17:30:00,1,2026-03-04 11:10:59.25+00,Simon Conde,,,2026-03-04 11:10:59.25+00
2077,1,2026-03-05,11:00:00,Leandro calvo,1136867855,true,20000,11:30:00,1,2026-03-04 11:47:36.543+00,Leandro calvo,,,2026-03-04 11:47:36.543+00
2078,1,2026-03-06,12:30:00,Nicolás Cejas,1138431853,true,20000,13:00:00,1,2026-03-04 11:48:51.394+00,Nicolás Cejas,,,2026-03-04 11:48:51.394+00
2079,2,2026-03-05,12:00:00,Juan Moirano,1133449265,true,20000,12:30:00,1,2026-03-04 11:50:15.561+00,Juan Moirano,,,2026-03-04 11:50:15.561+00
2080,1,2026-03-10,18:30:00,Juan Pablo Bruno,1168711031,true,25000,19:30:00,3,2026-03-04 12:06:51.856+00,Juan Pablo Bruno,,,2026-03-04 12:06:51.856+00
2081,2,2026-03-04,18:30:00,Chino,1127291009,true,20000,19:00:00,1,2026-03-04 12:21:12.077+00,Chino,,,2026-03-04 12:21:12.077+00
2082,1,2026-03-04,11:30:00,benicio,,true,20000,12:00:00,1,2026-03-04 13:42:17.355+00,Facundo (Yayu),,,2026-03-04 13:42:17.355+00
2083,2,2026-03-06,15:30:00,Fausto Antonelli,1155656106,true,20000,16:00:00,1,2026-03-04 14:36:17.755+00,Fausto Antonelli,,,2026-03-04 14:36:17.755+00
2084,2,2026-03-04,16:00:00,Juan Pablo Rizzo,1157649922,true,20000,16:30:00,1,2026-03-04 14:39:58.115+00,Juan Pablo Rizzo,,,2026-03-04 14:39:58.115+00
2086,1,2026-03-04,17:30:00,Flavio Matias de Benedetti,1134755495,true,20000,18:00:00,1,2026-03-04 15:37:41.625+00,Flavio Matias de Benedetti,,,2026-03-04 15:37:41.625+00
2087,1,2026-03-07,10:30:00,Mateo Dodera,1167272468,true,25000,11:30:00,3,2026-03-04 17:24:10.065+00,Mateo Dodera,,,2026-03-04 17:24:10.065+00
2088,1,2026-03-06,15:30:00,Gonzalo Cacetta,1138992748,true,20000,16:00:00,1,2026-03-04 18:51:51.565+00,Gonzalo Cacetta,,,2026-03-04 18:51:51.565+00
2089,2,2026-03-05,15:00:00,Juan ledesma,1162720636,true,20000,15:30:00,1,2026-03-04 19:13:51.374+00,Juan ledesma,,,2026-03-04 19:13:51.374+00
2090,1,2026-03-04,17:00:00,Yayu,,true,10000,17:30:00,1,2026-03-04 19:39:28.243+00,Facundo (Yayu),,,2026-03-04 19:39:28.243+00
2091,1,2026-03-11,16:00:00,David levy,1135693197,true,20000,16:30:00,1,2026-03-04 19:51:03.005+00,David levy,,,2026-03-04 19:51:03.005+00
2092,2,2026-03-06,16:30:00,Tuti Gelormini,1165016970,true,25000,17:30:00,3,2026-03-04 19:54:47.02+00,Tuti Gelormini,,,2026-03-04 19:54:47.02+00
2093,1,2026-03-05,11:30:00,Tomas mendonca,1159135961,true,25000,12:30:00,3,2026-03-04 21:15:58.427+00,Tomas mendonca,,,2026-03-04 21:15:58.427+00
2094,2,2026-03-05,18:30:00,"dante ",1151525750,true,20000,19:00:00,1,2026-03-04 21:34:05.732+00,"dante ",,,2026-03-04 21:34:05.732+00
2095,1,2026-03-06,12:00:00,Santiago Natale,1151753906,true,20000,12:30:00,1,2026-03-04 22:57:18.099+00,Santiago Natale,,,2026-03-04 22:57:18.099+00
2096,2,2026-03-06,19:00:00,Jorge Renosto,1167809628,true,20000,19:30:00,1,2026-03-04 23:56:35.547+00,Jorge Renosto,,,2026-03-04 23:56:35.547+00
2097,1,2026-03-11,18:30:00,Fede mattei,1133456487,true,25000,19:30:00,3,2026-03-05 01:45:02.834+00,Fede mattei,,,2026-03-05 01:45:02.834+00
2098,2,2026-03-05,10:30:00,Gianluca Sibione,1158043916,true,20000,11:00:00,1,2026-03-05 02:12:04.933+00,Gianluca Sibione,,,2026-03-05 02:12:04.933+00
2099,2,2026-03-07,11:00:00,"Emanuel ",1155835285,true,20000,11:30:00,1,2026-03-05 10:05:33.649+00,"Emanuel ",,,2026-03-05 10:05:33.649+00
2100,2,2026-03-05,17:00:00,Hilario Puccio,1161778100,true,20000,17:30:00,1,2026-03-05 10:49:22.966+00,Hilario Puccio,,,2026-03-05 10:49:22.966+00
2102,2,2026-03-05,18:00:00,jose maria,,true,20000,18:30:00,1,2026-03-05 13:25:34.461+00,Martin,,,2026-03-05 13:25:34.461+00
2103,2,2026-03-05,11:30:00,PUERTA,,true,20000,12:00:00,1,2026-03-05 14:26:02.284+00,Martin,,,2026-03-05 14:26:02.284+00
2104,2,2026-03-10,16:30:00,Ignacio,1162583926,true,20000,17:00:00,1,2026-03-05 15:52:11.776+00,Martin,,,2026-03-05 15:52:11.776+00
2105,2,2026-03-05,16:00:00,santi,,true,20000,16:30:00,1,2026-03-05 15:53:47.406+00,Martin,,,2026-03-05 15:53:47.406+00
2106,2,2026-03-05,16:30:00,joaquin,,true,20000,17:00:00,1,2026-03-05 16:05:49.584+00,Martin,,,2026-03-05 16:05:49.584+00
2107,1,2026-03-05,15:00:00,Tomas di chiara,1139027851,true,20000,15:30:00,1,2026-03-05 16:20:22.143+00,Tomas di chiara,,,2026-03-05 16:20:22.143+00
2108,2,2026-03-06,12:30:00,Lucas Garcia Ballarati,1155699999,true,20000,13:00:00,1,2026-03-05 17:20:39.228+00,Lucas Garcia Ballarati,,,2026-03-05 17:20:39.228+00
2110,1,2026-03-07,12:30:00,"Matias  Melnik ",1173670297,true,20000,13:00:00,1,2026-03-05 19:02:34.401+00,Facundo (Yayu),,,2026-03-05 19:02:34.401+00
2112,1,2026-03-06,16:00:00,Lautaro Alberti,1162326531,true,20000,16:30:00,1,2026-03-05 19:23:43.682+00,Lautaro Alberti,,,2026-03-05 19:23:43.682+00
2113,1,2026-03-07,12:00:00,Martino Gurny,1155242703,true,20000,12:30:00,1,2026-03-05 20:55:16.32+00,Martino Gurny,,,2026-03-05 20:55:16.32+00
2116,2,2026-03-07,12:00:00,Pablo Furnari,1144013385,true,20000,12:30:00,1,2026-03-06 01:55:26.847+00,Pablo Furnari,,,2026-03-06 01:55:26.847+00
2117,2,2026-03-07,16:00:00,"agustín grosso ",1159241533,true,20000,16:30:00,1,2026-03-06 11:39:41.543+00,"agustín grosso ",,,2026-03-06 11:39:41.543+00
2120,2,2026-03-06,16:00:00,Mark,1158954348,true,20000,16:30:00,1,2026-03-06 13:29:27.96+00,Mark,,,2026-03-06 13:29:27.96+00
2121,2,2026-03-06,11:00:00,Alejandro,,true,20000,11:30:00,1,2026-03-06 13:59:21.551+00,Martin,,,2026-03-06 13:59:21.551+00
2122,1,2026-03-07,15:00:00,Pablo,1159764194,true,20000,15:30:00,1,2026-03-06 14:13:09.75+00,Pablo,,,2026-03-06 14:13:09.75+00
2123,1,2026-03-07,15:30:00,Julian huber,1156690721,true,20000,16:30:00,3,2026-03-06 14:36:06.881+00,Julian huber,,,2026-03-06 14:36:06.881+00
2125,2,2026-03-06,17:30:00,Nico Guerrero,1167085332,true,20000,18:00:00,1,2026-03-06 17:57:08.759+00,Nico Guerrero,,,2026-03-06 17:57:08.759+00
2126,2,2026-03-06,18:30:00,tomas,1162562144,true,20000,19:00:00,1,2026-03-06 18:42:06.059+00,Martin,,,2026-03-06 18:42:06.059+00
2128,2,2026-03-07,17:00:00,Lucho,1166178760,true,20000,17:30:00,1,2026-03-07 00:01:35.078+00,Lucho,,,2026-03-07 00:01:35.078+00
2129,1,2026-03-07,17:00:00,Tincho,1166178760,true,20000,17:30:00,1,2026-03-07 00:02:11.015+00,Tincho,,,2026-03-07 00:02:11.015+00
2130,2,2026-03-07,17:30:00,Tomas Dallasta,1144094999,true,20000,18:00:00,1,2026-03-07 00:34:22.857+00,Tomas Dallasta,,,2026-03-07 00:34:22.857+00
2131,1,2026-03-07,19:00:00,tomi,,true,25000,19:30:00,1,2026-03-07 13:04:08.566+00,Facundo (Yayu),,,2026-03-07 13:04:08.566+00
2133,2,2026-03-07,11:30:00,el bicho,,true,20000,12:00:00,1,2026-03-07 13:06:19.739+00,Martin,,,2026-03-07 13:06:19.739+00
2134,2,2026-03-07,15:30:00,gerardo,,true,20000,16:00:00,1,2026-03-07 13:28:06.347+00,Martin,,,2026-03-07 13:28:06.347+00
2135,1,2026-03-07,18:00:00,pablo,,true,25000,19:00:00,3,2026-03-07 13:43:08.837+00,Facundo (Yayu),,,2026-03-07 13:43:08.837+00
2136,2,2026-03-07,16:30:00,"Tomás ",1166097916,true,20000,17:00:00,1,2026-03-07 14:44:46.322+00,"Tomás ",,,2026-03-07 14:44:46.322+00
2140,1,2026-03-10,16:00:00,Nathan Gurny,1161102702,true,20000,16:30:00,1,2026-03-07 18:02:38.659+00,Nathan Gurny,,,2026-03-07 18:02:38.659+00
2142,1,2026-03-07,17:30:00,"Francisco ",1167261446,true,12000,18:00:00,2,2026-03-07 19:25:58.202+00,"Francisco ",,,2026-03-07 19:25:58.202+00
2143,1,2026-03-10,17:30:00,"Martín ",1162714575,true,20000,18:00:00,1,2026-03-08 16:10:51.097+00,"Martín ",,,2026-03-08 16:10:51.097+00
2144,2,2026-03-10,18:00:00,"bautista cortigiani ",1127873050,true,20000,18:30:00,1,2026-03-08 23:38:29.512+00,"bautista cortigiani ",,,2026-03-08 23:38:29.512+00
2146,1,2026-03-12,18:30:00,German Vitassovich,1151169882,true,20000,19:30:00,3,2026-03-09 02:07:04.417+00,German Vitassovich,,,2026-03-09 02:07:04.417+00
2147,2,2026-03-10,17:00:00,"Hernan ",1167060890,true,20000,17:30:00,1,2026-03-09 11:33:20.363+00,"Hernan ",,,2026-03-09 11:33:20.363+00
2148,2,2026-03-10,15:00:00,Andres poluyan,1567935333,true,20000,15:30:00,1,2026-03-09 11:41:09.728+00,Andres poluyan,,,2026-03-09 11:41:09.728+00
2149,2,2026-03-20,12:30:00,Guido Provinzano,1156450321,true,20000,13:00:00,1,2026-03-09 12:53:17.982+00,Guido Provinzano,,,2026-03-09 12:53:17.982+00
2150,2,2026-03-10,11:00:00,Lucke garcia dias,1135731438,true,20000,11:30:00,1,2026-03-09 14:23:39.98+00,Lucke garcia dias,,,2026-03-09 14:23:39.98+00
2151,2,2026-03-10,10:30:00,Juan ignacio nicolas quiroga,1135731438,true,20000,11:00:00,1,2026-03-09 14:44:45.341+00,Juan ignacio nicolas quiroga,,,2026-03-09 14:44:45.341+00
2152,2,2026-03-14,12:30:00,Thadeo Gargano,1161844614,true,40000,13:00:00,1,2026-03-09 15:34:35.368+00,Thadeo Gargano,,,2026-03-09 15:34:35.368+00
2153,1,2026-03-11,10:30:00,"David Nataniel Caceres ",1166866100,true,20000,11:00:00,1,2026-03-09 17:27:52.207+00,"David Nataniel Caceres ",,,2026-03-09 17:27:52.207+00
2154,2,2026-03-10,17:30:00,matias klein,1159648482,true,20000,18:00:00,1,2026-03-09 18:23:15.401+00,matias klein,,,2026-03-09 18:23:15.401+00
2155,2,2026-03-12,15:00:00,Facundo Donegana,1164210981,true,20000,15:30:00,1,2026-03-09 18:29:57.966+00,Facundo Donegana,,,2026-03-09 18:29:57.966+00
2156,2,2026-03-12,15:30:00,"Benjamin donegana ",1164210981,true,20000,16:00:00,1,2026-03-09 18:30:47.618+00,"Benjamin donegana ",,,2026-03-09 18:30:47.618+00
2158,2,2026-03-12,12:30:00,Federico Conde,1158039075,true,25000,13:30:00,3,2026-03-09 19:40:47.476+00,Federico Conde,,,2026-03-09 19:40:47.476+00
2159,1,2026-03-10,12:30:00,Salva DB,1134264208,true,20000,13:00:00,1,2026-03-09 19:56:18.005+00,Salva DB,,,2026-03-09 19:56:18.005+00
2161,1,2026-03-10,16:30:00,Bautista,1123232662,true,20000,17:00:00,1,2026-03-10 00:50:04.608+00,Bautista,,,2026-03-10 00:50:04.608+00
2163,1,2026-03-11,18:00:00,Pedro Izuel,1157231859,true,20000,18:30:00,1,2026-03-10 02:34:42.585+00,Pedro Izuel,,,2026-03-10 02:34:42.585+00
2164,2,2026-03-11,16:00:00,Valentino Milman,1168039713,true,20000,16:30:00,1,2026-03-10 09:48:02.849+00,Valentino Milman,,,2026-03-10 09:48:02.849+00
2165,2,2026-03-10,11:30:00,Facundo Iskandarani,1164105626,true,20000,12:00:00,1,2026-03-10 10:50:35.026+00,Facundo Iskandarani,,,2026-03-10 10:50:35.026+00
2166,2,2026-03-12,17:30:00,Alejandro Fragala,1133960717,true,25000,18:30:00,3,2026-03-10 11:02:32.87+00,Alejandro Fragala,,,2026-03-10 11:02:32.87+00
2167,1,2026-03-12,17:30:00,Luciano Dodera,1159649066,true,20000,18:00:00,1,2026-03-10 11:48:28.04+00,Luciano Dodera,,,2026-03-10 11:48:28.04+00
2171,2,2026-03-10,12:00:00,Tomas Baranda,1151507348,true,20000,12:30:00,1,2026-03-10 13:30:52.553+00,Tomas Baranda,,,2026-03-10 13:30:52.553+00
2172,2,2026-03-10,12:30:00,"Gonzalo ",1127719328,true,20000,13:00:00,1,2026-03-10 14:55:51.769+00,"Gonzalo ",,,2026-03-10 14:55:51.769+00
2173,1,2026-03-11,11:00:00,"Santiago ",1126430079,true,20000,11:30:00,1,2026-03-10 15:05:01.426+00,"Santiago ",,,2026-03-10 15:05:01.426+00
2174,1,2026-03-10,13:00:00,Cifu,6191020202,true,20000,13:30:00,1,2026-03-10 15:05:45.91+00,Cifu,,,2026-03-10 15:05:45.91+00
2175,1,2026-03-11,11:30:00,"Franciheskoli ",1126430079,true,20000,12:00:00,1,2026-03-10 15:05:45.955+00,"Franciheskoli ",,,2026-03-10 15:05:45.955+00
2177,1,2026-03-10,18:00:00,"Nicolas Ferrari ",1138450000,true,20000,18:30:00,1,2026-03-10 16:40:22.736+00,"Nicolas Ferrari ",,,2026-03-10 16:40:22.736+00
2180,1,2026-03-12,18:00:00,Cristian Anzaldo,1168272839,true,20000,18:30:00,1,2026-03-10 17:59:53.321+00,Cristian Anzaldo,,,2026-03-10 17:59:53.321+00
2181,2,2026-03-13,19:00:00,Marcos Monasterolo,1125683860,false,,19:30:00,1,2026-03-10 19:58:04.039+00,Marcos Monasterolo,,,2026-03-10 19:58:04.039+00
2182,1,2026-03-11,17:00:00,Juan Pablo Masiero,1136372506,true,25000,18:00:00,3,2026-03-10 20:00:28.193+00,Juan Pablo Masiero,,,2026-03-10 20:00:28.193+00
2183,2,2026-03-11,12:30:00,santino vernazza,1180591127,true,20000,13:00:00,1,2026-03-10 20:19:04.907+00,santino vernazza,,,2026-03-10 20:19:04.907+00
2185,1,2026-03-14,12:00:00,javi,,true,20000,12:30:00,1,2026-03-10 22:00:59.727+00,Facundo (Yayu),,,2026-03-10 22:00:59.727+00
2186,2,2026-03-11,17:00:00,"Nicolás Niro ",1139422067,true,20000,17:30:00,1,2026-03-10 22:05:46.521+00,"Nicolás Niro ",,,2026-03-10 22:05:46.521+00
2188,2,2026-03-19,12:30:00,Gustavo Fingeret,1164658214,true,20000,13:00:00,1,2026-03-11 00:09:38.334+00,Gustavo Fingeret,,,2026-03-11 00:09:38.334+00
2189,1,2026-03-14,15:00:00,"Martin ",1131897109,true,25000,16:00:00,3,2026-03-11 02:37:04.924+00,"Martin ",,,2026-03-11 02:37:04.924+00
2190,1,2026-03-14,16:00:00,Matteo,1131897109,true,20000,16:30:00,1,2026-03-11 02:37:40.437+00,Matteo,,,2026-03-11 02:37:40.437+00
2191,1,2026-03-12,11:30:00,Agustín Dodera,1150398159,true,20000,12:00:00,1,2026-03-11 11:41:13.172+00,Agustín Dodera,,,2026-03-11 11:41:13.172+00
2194,2,2026-03-13,16:00:00,"Bautista Suárez ",1136091166,true,20000,16:30:00,1,2026-03-11 12:06:39.142+00,"Bautista Suárez ",,,2026-03-11 12:06:39.142+00
2196,2,2026-03-11,13:00:00,"Cesar ",,true,20000,13:30:00,1,2026-03-11 13:09:43.925+00,Martin,,,2026-03-11 13:09:43.925+00
2199,2,2026-03-11,15:30:00,Mariano Cianni,1164071911,true,20000,16:00:00,1,2026-03-11 14:52:20.535+00,Mariano Cianni,,,2026-03-11 14:52:20.535+00
2204,2,2026-03-12,18:30:00,"Diego ",1169733928,true,20000,19:00:00,1,2026-03-11 16:53:47.822+00,"Diego ",,,2026-03-11 16:53:47.822+00
2205,2,2026-03-11,18:00:00,Julian,1137922002,true,20000,18:30:00,1,2026-03-11 16:53:58.304+00,Julian,,,2026-03-11 16:53:58.304+00
2206,1,2026-03-11,16:30:00,Tomas,1169608371,true,20000,17:00:00,1,2026-03-11 17:59:52.387+00,Tomas,,,2026-03-11 17:59:52.387+00
2207,1,2026-03-12,10:30:00,Mariano Pose,1162582057,true,20000,11:00:00,1,2026-03-11 18:28:55.429+00,Mariano Pose,,,2026-03-11 18:28:55.429+00
2209,2,2026-03-13,16:30:00,Tadeo Breuning,1123125926,true,20000,17:00:00,1,2026-03-11 19:27:25.201+00,Tadeo Breuning,,,2026-03-11 19:27:25.201+00
2214,2,2026-03-12,19:00:00,Theo Mac Allister,1125293903,true,20000,19:30:00,1,2026-03-12 10:25:33.725+00,Theo Mac Allister,,,2026-03-12 10:25:33.725+00
2218,1,2026-03-12,16:00:00,Luciano lopez,,true,20000,16:30:00,1,2026-03-12 12:37:54.402+00,Facundo (Yayu),,,2026-03-12 12:37:54.402+00
2220,1,2026-03-12,16:30:00,Federico Olivera,1158890445,true,20000,17:30:00,3,2026-03-12 12:54:39.867+00,Federico Olivera,,,2026-03-12 12:54:39.867+00
2221,1,2026-03-12,12:00:00,"Hernán ",1123702390,true,25000,13:00:00,3,2026-03-12 13:06:35.854+00,"Hernán ",,,2026-03-12 13:06:35.854+00
2222,1,2026-03-13,16:00:00,Mateo Estol,1167156100,true,20000,16:30:00,1,2026-03-12 13:10:16.049+00,Mateo Estol,,,2026-03-12 13:10:16.049+00
2223,1,2026-03-14,17:30:00,Matias Myma,1121687855,true,25000,18:30:00,3,2026-03-12 13:25:44.957+00,Matias Myma,,,2026-03-12 13:25:44.957+00
2225,1,2026-03-13,18:30:00,fer uriarte,1128074474,true,20000,19:30:00,3,2026-03-12 13:53:52.27+00,Federico Rusconi,,,2026-03-12 13:53:52.27+00
2227,2,2026-03-17,18:30:00,"Nicolás Paz ",1130082473,true,20000,19:00:00,1,2026-03-12 16:14:55.851+00,"Nicolás Paz ",,,2026-03-12 16:14:55.851+00
2229,2,2026-03-12,16:00:00,"Bautista ciminieri ",1167472367,true,25000,17:00:00,3,2026-03-12 17:39:16.976+00,"Bautista ciminieri ",,,2026-03-12 17:39:16.976+00
2230,2,2026-03-13,17:00:00,Fermín Bray,1157997986,true,20000,17:30:00,1,2026-03-12 19:09:43.691+00,Fermín Bray,,,2026-03-12 19:09:43.691+00
2233,1,2026-03-14,11:30:00,Franco Moiana,1150954648,true,20000,12:00:00,1,2026-03-12 21:19:32.369+00,Franco Moiana,,,2026-03-12 21:19:32.369+00
2234,1,2026-03-14,12:30:00,Camilo Walker,1150954648,true,20000,13:00:00,1,2026-03-12 21:19:53.715+00,Camilo Walker,,,2026-03-12 21:19:53.715+00
2235,2,2026-03-19,17:00:00,Hilario,1140976100,true,20000,17:30:00,1,2026-03-12 21:24:20.365+00,Hilario,,,2026-03-12 21:24:20.365+00
2237,1,2026-03-14,18:30:00,"Tomas Guibaud Monzani ",1155230055,true,20000,19:00:00,1,2026-03-12 21:54:17.56+00,"Tomas Guibaud Monzani ",,,2026-03-12 21:54:17.56+00
2238,1,2026-03-14,19:00:00,Bautista Estivill,1121645289,true,20000,19:30:00,1,2026-03-12 21:56:27.841+00,Bautista Estivill,,,2026-03-12 21:56:27.841+00
2239,2,2026-03-14,13:00:00,Seba,1144781070,true,20000,13:30:00,1,2026-03-12 21:58:05.809+00,Seba,,,2026-03-12 21:58:05.809+00
2240,1,2026-03-13,15:00:00,Matias carrete,1162312699,true,20000,15:30:00,1,2026-03-12 23:07:29.812+00,Matias carrete,,,2026-03-12 23:07:29.812+00
2241,1,2026-03-13,18:00:00,"Luca Uriarte ",1162833127,true,20000,18:30:00,1,2026-03-12 23:57:13.823+00,"Luca Uriarte ",,,2026-03-12 23:57:13.823+00
2242,1,2026-03-13,17:00:00,santiago perez marin,1125608874,true,20000,17:30:00,1,2026-03-13 01:59:48.695+00,santiago perez marin,,,2026-03-13 01:59:48.695+00
2244,2,2026-03-13,11:30:00,Leonel Ghersi,1134925200,true,20000,12:00:00,1,2026-03-13 02:48:01.098+00,Leonel Ghersi,,,2026-03-13 02:48:01.098+00
2245,2,2026-03-13,18:30:00,Nicolás Fingeret Rodríguez,1176137593,true,20000,19:00:00,1,2026-03-13 10:54:02.554+00,Nicolás Fingeret Rodríguez,,,2026-03-13 10:54:02.554+00
2247,1,2026-03-13,12:00:00,Thomy lucente,,true,25000,13:00:00,3,2026-03-13 11:21:56.445+00,Facundo (Yayu),,,2026-03-13 11:21:56.445+00
2248,2,2026-03-14,19:00:00,"Axel González ",1164104106,true,20000,19:30:00,1,2026-03-13 12:08:09.078+00,"Axel González ",,,2026-03-13 12:08:09.078+00
2250,1,2026-03-13,16:30:00,Santiago Lacuara,1133261738,true,20000,17:00:00,1,2026-03-13 13:47:36.59+00,Santiago Lacuara,,,2026-03-13 13:47:36.59+00
2251,1,2026-03-13,15:30:00,Lucas Rodríguez Peluso,1554931688,true,20000,16:00:00,1,2026-03-13 14:09:43.875+00,Lucas Rodríguez Peluso,,,2026-03-13 14:09:43.875+00
2252,2,2026-03-13,12:30:00,Juan Martin Gomez Delgado,1128842557,true,25000,13:30:00,3,2026-03-13 14:38:25.929+00,Juan Martin Gomez Delgado,,,2026-03-13 14:38:25.929+00
2253,2,2026-03-13,17:30:00,tomi,,true,20000,18:00:00,1,2026-03-13 15:13:39.741+00,Martin,,,2026-03-13 15:13:39.741+00
2254,2,2026-03-13,18:00:00,Agustin Damico,1122579911,true,20000,18:30:00,1,2026-03-13 16:23:33.42+00,Agustin Damico,,,2026-03-13 16:23:33.42+00
2255,2,2026-03-14,11:30:00,Cristian,1558969613,true,20000,12:00:00,1,2026-03-13 16:32:00.614+00,Cristian,,,2026-03-13 16:32:00.614+00
2256,2,2026-03-14,12:00:00,Dante,1558969613,true,20000,12:30:00,5,2026-03-13 16:32:31.525+00,Dante,,,2026-03-13 16:32:31.525+00
2257,2,2026-03-14,11:00:00,Octavio,1150422330,true,20000,11:30:00,1,2026-03-13 16:40:30.712+00,Octavio,,,2026-03-13 16:40:30.712+00
2258,2,2026-03-18,18:30:00,Nico Matellini,1140422565,true,25000,19:30:00,3,2026-03-13 18:08:07.927+00,Nico Matellini,,,2026-03-13 18:08:07.927+00
2260,1,2026-03-17,18:00:00,Benjain levy,1167697336,true,20000,18:30:00,1,2026-03-13 21:03:28.363+00,Benjain levy,,,2026-03-13 21:03:28.363+00
2261,2,2026-03-14,15:30:00,Sebastian Molinari,1167973180,true,12000,16:00:00,2,2026-03-14 03:59:46.797+00,Sebastian Molinari,,,2026-03-14 03:59:46.797+00
2262,2,2026-03-21,12:30:00,RAMIRO GOMEZ DELGADO,1128842356,true,25000,13:30:00,3,2026-03-14 04:43:00.352+00,RAMIRO GOMEZ DELGADO,,,2026-03-14 04:43:00.352+00
2265,2,2026-03-14,16:00:00,Lucas,1166751794,true,25000,17:00:00,3,2026-03-14 13:06:22.169+00,Lucas,,,2026-03-14 13:06:22.169+00
2266,2,2026-03-14,18:00:00,Marcos,,true,20000,18:30:00,1,2026-03-14 14:05:47.622+00,Martin,,,2026-03-14 14:05:47.622+00
2267,2,2026-03-14,18:30:00,Uli,,true,20000,19:00:00,1,2026-03-14 14:05:54.649+00,Martin,,,2026-03-14 14:05:54.649+00
2269,2,2026-03-14,17:00:00,Rodrigo Salgado,1153323810,true,20000,17:30:00,1,2026-03-14 16:53:39.329+00,Martin,,,2026-03-14 16:53:39.329+00
2271,1,2026-03-17,17:00:00,"Gabi Basano ",1131061952,true,20000,17:30:00,1,2026-03-14 17:19:49.762+00,"Gabi Basano ",,,2026-03-14 17:19:49.762+00
2274,2,2026-03-17,19:00:00,Manuel Carmona,1139553393,true,20000,19:30:00,1,2026-03-14 18:02:33.689+00,Manuel Carmona,,,2026-03-14 18:02:33.689+00
2276,1,2026-03-18,18:30:00,Federico Rusconi,1128074474,true,23000,19:30:00,3,2026-03-15 15:34:46.903+00,Federico Rusconi,,,2026-03-15 15:34:46.903+00
2277,1,2026-03-18,17:00:00,Gianluca Labarile,1125732523,true,25000,18:00:00,3,2026-03-16 09:34:18.738+00,Gianluca Labarile,,,2026-03-16 09:34:18.738+00
2278,1,2026-03-17,11:00:00,FRANCISCO BLANCO,1168212362,true,20000,11:30:00,1,2026-03-16 13:36:29.17+00,FRANCISCO BLANCO,,,2026-03-16 13:36:29.17+00
2279,1,2026-03-17,10:30:00,"Federico De Santis ",1177169019,true,20000,11:00:00,1,2026-03-16 14:40:38.664+00,"Federico De Santis ",,,2026-03-16 14:40:38.664+00
2280,2,2026-03-17,16:30:00,Coco,1133020000,true,25000,17:30:00,3,2026-03-16 14:58:37.943+00,Cocc,,,2026-03-16 14:58:37.943+00
2281,1,2026-03-19,18:30:00,Juan Cruz Cristófalo,1162733394,true,25000,19:30:00,3,2026-03-16 15:30:45.558+00,Juan Cruz Cristófalo,,,2026-03-16 15:30:45.558+00
2283,1,2026-03-17,15:00:00,Tomas wolfram,1136632852,true,25000,16:00:00,3,2026-03-16 19:06:57.931+00,Tomas wolfram,,,2026-03-16 19:06:57.931+00
2284,1,2026-03-19,16:30:00,Federico Falotico,1158678400,true,20000,17:00:00,1,2026-03-16 19:13:08.572+00,Federico Falotico,,,2026-03-16 19:13:08.572+00
2286,2,2026-03-17,17:30:00,Sebastián Millet,,true,20000,18:00:00,1,2026-03-16 21:19:51.998+00,Martin,,,2026-03-16 21:19:51.998+00
2287,2,2026-03-17,16:00:00,Pipe,1131342275,true,20000,16:30:00,1,2026-03-16 23:30:47.62+00,Pipe,,,2026-03-16 23:30:47.62+00
2288,2,2026-03-18,17:00:00,lorenzo rizzo,1145127890,true,20000,17:30:00,1,2026-03-17 00:16:42.047+00,lorenzo rizzo,,,2026-03-17 00:16:42.047+00
2289,1,2026-03-17,17:30:00,Ignacio Estivill,1121652618,true,20000,18:00:00,1,2026-03-17 00:43:38.86+00,Ignacio Estivill,,,2026-03-17 00:43:38.86+00
2292,1,2026-03-17,12:00:00,Alejandro Cacetta,1151322629,true,20000,12:30:00,1,2026-03-17 12:00:43.787+00,Alejandro Cacetta,,,2026-03-17 12:00:43.787+00
2293,2,2026-03-17,18:00:00,Pablo Palacio,1130002469,true,20000,18:30:00,1,2026-03-17 14:07:17.918+00,Pablo Palacio,,,2026-03-17 14:07:17.918+00
2294,2,2026-03-18,16:00:00,Ezequiel Daneri,1147995746,true,20000,16:30:00,1,2026-03-17 14:09:57.727+00,Ezequiel Daneri,,,2026-03-17 14:09:57.727+00
2295,2,2026-03-17,15:30:00,Mark,1158954348,true,20000,16:00:00,1,2026-03-17 15:31:39.898+00,Mark,,,2026-03-17 15:31:39.898+00
2296,1,2026-03-17,16:30:00,"Roberto Parrado ",1149984753,true,20000,17:00:00,1,2026-03-17 16:22:34.835+00,"Roberto Parrado ",,,2026-03-17 16:22:34.835+00
2298,1,2026-03-17,16:00:00,pablo Sobrero,1131626589,true,20000,16:30:00,1,2026-03-17 17:01:06.01+00,pablo Sobrero,,,2026-03-17 17:01:06.01+00
2299,2,2026-03-18,16:30:00,Felipe,1137973201,true,20000,17:00:00,1,2026-03-17 20:42:40.792+00,Felipe,,,2026-03-17 20:42:40.792+00
2300,1,2026-03-18,10:30:00,med,0000000000,false,,13:00:00,1,2026-03-17 22:26:40.202+00,Facundo (Yayu),,,2026-03-17 22:26:40.202+00
2302,1,2026-03-18,16:00:00,"Tomás D’Aversa ",1169608371,true,25000,17:00:00,3,2026-03-18 10:36:01.182+00,"Tomás D’Aversa ",,,2026-03-18 10:36:01.182+00
2303,1,2026-03-20,15:00:00,Ramiro nasif,1122518748,true,25000,16:00:00,3,2026-03-18 12:34:31.626+00,Ramiro nasif,,,2026-03-18 12:34:31.626+00
2304,1,2026-03-20,17:30:00,"Teo Quattrocchi ",1156691735,true,25000,18:30:00,3,2026-03-18 14:09:44.973+00,"Teo Quattrocchi ",,,2026-03-18 14:09:44.973+00
2305,2,2026-03-18,17:30:00,Juan Pablo,1157649922,true,20000,18:00:00,1,2026-03-18 14:19:59.797+00,Juan Pablo,,,2026-03-18 14:19:59.797+00
2309,2,2026-03-20,18:30:00,Guido marroco,1131600474,true,20000,19:00:00,1,2026-03-18 16:10:40.421+00,Guido marroco,,,2026-03-18 16:10:40.421+00
2312,1,2026-03-18,15:30:00,Manu,1566097916,true,20000,16:00:00,1,2026-03-18 16:54:48.467+00,Manu,,,2026-03-18 16:54:48.467+00
2315,1,2026-03-19,13:00:00,Ignacio moirano,1133446031,true,20000,13:30:00,1,2026-03-18 22:11:17.464+00,Ignacio moirano,,,2026-03-18 22:11:17.464+00
2318,2,2026-03-20,19:00:00,Gaston pablo Monasterolo,1132553153,true,20000,19:30:00,1,2026-03-19 03:06:26.429+00,Gaston pablo Monasterolo,,,2026-03-19 03:06:26.429+00
2319,2,2026-03-19,15:30:00,tomás miranda,1128474900,true,20000,16:00:00,1,2026-03-19 03:54:34.728+00,tomás miranda,,,2026-03-19 03:54:34.728+00
2320,2,2026-03-19,15:00:00,nikolas kerz,1123861964,true,20000,15:30:00,1,2026-03-19 03:56:01.145+00,nikolas kerz,,,2026-03-19 03:56:01.145+00
2321,1,2026-03-20,18:30:00,Francisco Andino,1167261446,true,25000,19:30:00,3,2026-03-19 11:21:55.431+00,Francisco Andino,,,2026-03-19 11:21:55.431+00
2326,2,2026-03-19,19:00:00,"Federico Vicente Rua ",1168698762,true,12000,19:30:00,1,2026-03-19 16:23:46.273+00,"Federico Vicente Rua ",,,2026-03-19 16:23:46.273+00
2327,2,2026-03-21,10:30:00,Manuel Mel,1161433680,true,20000,11:00:00,1,2026-03-19 16:28:39.599+00,Manuel Mel,,,2026-03-19 16:28:39.599+00
2328,1,2026-03-19,18:00:00,rama,,true,20000,18:30:00,1,2026-03-19 17:47:36.8+00,Facundo (Yayu),,,2026-03-19 17:47:36.8+00
2331,1,2026-03-19,17:30:00,fede,1126146441,true,20000,18:00:00,1,2026-03-19 19:30:48.648+00,fede,,,2026-03-19 19:30:48.648+00
2334,1,2026-03-20,13:00:00,juani,,true,20000,13:30:00,1,2026-03-19 23:00:33.517+00,Facundo (Yayu),,,2026-03-19 23:00:33.517+00
2336,2,2026-03-20,11:00:00,"Gaspar Cherniavsky ",1136902591,true,20000,11:30:00,1,2026-03-20 00:08:31.04+00,"Gaspar Cherniavsky ",,,2026-03-20 00:08:31.04+00
2337,2,2026-03-20,18:00:00,"Tomas Dall’asta ",1144094999,true,20000,18:30:00,1,2026-03-20 01:06:30.965+00,"Tomas Dall’asta ",,,2026-03-20 01:06:30.965+00
2339,1,2026-03-21,12:00:00,"Axel González ",1164104106,true,20000,12:30:00,1,2026-03-20 09:41:10.292+00,"Axel González ",,,2026-03-20 09:41:10.292+00
2340,1,2026-03-21,12:30:00,Mateo Dodera,1167272468,true,20000,13:30:00,3,2026-03-20 10:26:02.108+00,Mateo Dodera,,,2026-03-20 10:26:02.108+00
2341,2,2026-03-20,10:30:00,Nicolas pricolo,1122857867,true,20000,11:00:00,1,2026-03-20 11:12:10.245+00,Nicolas pricolo,,,2026-03-20 11:12:10.245+00
2342,2,2026-03-21,15:00:00,Marcos biagini,1126280420,true,20000,15:30:00,1,2026-03-20 11:33:42.32+00,Marcos biagini,,,2026-03-20 11:33:42.32+00
2344,2,2026-03-21,11:00:00,Seba,1125242628,true,25000,12:00:00,3,2026-03-20 12:15:06.784+00,Seba,,,2026-03-20 12:15:06.784+00
2345,2,2026-03-20,13:00:00,Fermin jolis,1162674302,true,20000,13:30:00,1,2026-03-20 13:07:38.348+00,Fermin jolis,,,2026-03-20 13:07:38.348+00
2346,1,2026-03-21,15:00:00,Andrés el más lindo,1132918233,true,25000,16:00:00,3,2026-03-20 14:39:19.63+00,Andrés el más lindo,,,2026-03-20 14:39:19.63+00
2347,2,2026-03-21,12:00:00,Vecino,,true,12000,12:30:00,1,2026-03-20 14:47:46.475+00,Martin,,,2026-03-20 14:47:46.475+00
2349,1,2026-03-20,17:00:00,Nicolás Cacetta,1136547777,true,20000,17:30:00,1,2026-03-20 15:28:06.055+00,Nicolás Cacetta,,,2026-03-20 15:28:06.055+00
2350,2,2026-03-20,15:30:00,GABRIEL,1140950777,true,20000,16:00:00,1,2026-03-20 15:43:51.337+00,Martin,,,2026-03-20 15:43:51.337+00
2351,2,2026-03-20,16:00:00,Gianluca Vernazza,1165861050,true,20000,16:30:00,1,2026-03-20 16:28:52.509+00,Gianluca Vernazza,,,2026-03-20 16:28:52.509+00
2353,2,2026-03-20,16:30:00,Manu,1169425755,true,20000,17:00:00,1,2026-03-20 17:06:19.059+00,Manu,,,2026-03-20 17:06:19.059+00
2354,2,2026-03-21,15:30:00,Francisco Benvenuto,1167538038,true,20000,16:00:00,1,2026-03-20 17:10:08.154+00,Francisco Benvenuto,,,2026-03-20 17:10:08.154+00
2355,1,2026-03-21,16:30:00,francisco grippo,1138301019,true,20000,17:00:00,1,2026-03-20 17:40:00.021+00,francisco grippo,,,2026-03-20 17:40:00.021+00
2356,1,2026-03-21,16:00:00,Pedro Mario Bogado Benítez,1162086046,true,20000,16:30:00,1,2026-03-20 18:15:28.948+00,Pedro Mario Bogado Benítez,,,2026-03-20 18:15:28.948+00
2357,2,2026-03-20,17:30:00,Matias,1168684723,true,20000,18:00:00,1,2026-03-20 18:39:33.614+00,Matias,,,2026-03-20 18:39:33.614+00
2358,2,2026-03-21,17:00:00,Ramiro,1176524447,true,20000,17:30:00,1,2026-03-20 20:48:13.749+00,Ramiro,,,2026-03-20 20:48:13.749+00
2360,2,2026-03-21,16:30:00,Juan Martín Alvarez,1141888491,true,20000,17:00:00,1,2026-03-20 21:36:30.348+00,Juan Martín Alvarez,,,2026-03-20 21:36:30.348+00
2361,1,2026-03-21,11:30:00,"Jorge candia ",1159304532,true,20000,12:00:00,1,2026-03-20 22:47:45.379+00,"Jorge candia ",,,2026-03-20 22:47:45.379+00
2362,2,2026-03-21,18:00:00,Jonathan Zagni,1558893746,true,20000,18:30:00,1,2026-03-21 00:06:31.206+00,Jonathan Zagni,,,2026-03-21 00:06:31.206+00
2363,1,2026-03-21,17:00:00,Ernesto Abeijon,1160411983,true,20000,17:30:00,1,2026-03-21 14:04:54.566+00,Ernesto Abeijon,,,2026-03-21 14:04:54.566+00
2366,1,2026-03-21,18:30:00,Manuel Niño,,true,20000,19:00:00,1,2026-03-21 15:31:21.91+00,Facundo (Yayu),,,2026-03-21 15:31:21.91+00
2367,2,2026-03-17,10:30:00,reserv,0000000000,false,,15:00:00,1,2026-03-21 15:33:07.969+00,Martin,,,2026-03-21 15:33:07.969+00
2370,2,2026-03-21,18:30:00,Nico Ojeda,,true,20000,19:00:00,1,2026-03-21 19:24:57.354+00,Martin,,,2026-03-21 19:24:57.354+00
2372,1,2026-03-26,13:00:00,Felipe Walsh,1158103386,true,20000,13:30:00,1,2026-03-21 21:07:50.886+00,Felipe Walsh,,,2026-03-21 21:07:50.886+00
2373,1,2026-03-25,15:30:00,nicolas de santis,1137802778,true,20000,16:00:00,1,2026-03-23 17:29:28.775+00,nicolas de santis,,,2026-03-23 17:29:28.775+00
2375,2,2026-03-25,12:30:00,Marco,1152291146,true,20000,13:00:00,1,2026-03-23 18:27:38.52+00,Marco,,,2026-03-23 18:27:38.52+00
2376,2,2026-03-26,17:00:00,"Bautista ciminieri ",1167472367,true,20000,17:30:00,1,2026-03-23 20:17:25.54+00,"Bautista ciminieri ",,,2026-03-23 20:17:25.54+00
2377,2,2026-03-25,13:00:00,Javier Fondevila,1131557207,true,20000,13:30:00,1,2026-03-24 01:02:11.5+00,Javier Fondevila,,,2026-03-24 01:02:11.5+00
2378,2,2026-03-26,18:30:00,luca,1153855011,true,20000,19:00:00,1,2026-03-24 01:36:28.951+00,luca,,,2026-03-24 01:36:28.951+00
2379,2,2026-03-26,16:00:00,Benjamin Castro,1160106907,true,20000,16:30:00,1,2026-03-24 01:43:39.538+00,Benjamin Castro,,,2026-03-24 01:43:39.538+00
2381,1,2026-03-24,10:30:00,Feriado,0000000000,false,,19:30:00,1,2026-03-24 13:21:49.341+00,Facundo (Yayu),,,2026-03-24 13:21:49.341+00
2383,1,2026-03-26,17:30:00,Francisco Ferrari,1156940082,true,25000,18:30:00,3,2026-03-24 13:29:20.511+00,Francisco Ferrari,,,2026-03-24 13:29:20.511+00
2384,1,2026-03-27,12:30:00,Juan Martin Gugliotta,1165629773,true,20000,13:00:00,1,2026-03-24 13:44:51.516+00,Juan Martin Gugliotta,,,2026-03-24 13:44:51.516+00
2388,1,2026-03-25,18:30:00,"Yamil ",1135896290,true,25000,19:30:00,3,2026-03-24 18:00:22.988+00,"Yamil ",,,2026-03-24 18:00:22.988+00
2389,2,2026-03-25,18:30:00,Nicolás Lommo,2215939071,true,20000,19:00:00,1,2026-03-24 18:02:24.396+00,Nicolás Lommo,,,2026-03-24 18:02:24.396+00
2390,2,2026-03-25,11:00:00,Rodri larre,1130403257,true,20000,11:30:00,1,2026-03-24 20:38:55.557+00,Rodri larre,,,2026-03-24 20:38:55.557+00
2391,1,2026-03-26,18:30:00,Joaquin Romero,1157589495,true,25000,19:30:00,3,2026-03-24 22:23:56.095+00,Joaquin Romero,,,2026-03-24 22:23:56.095+00
2392,1,2026-03-26,12:00:00,Luciano Dodera,1159649066,true,20000,12:30:00,1,2026-03-24 23:09:48.412+00,Luciano Dodera,,,2026-03-24 23:09:48.412+00
2395,2,2026-03-27,18:30:00,"titi batistella ",1132024257,true,20000,19:00:00,1,2026-03-25 10:42:53.08+00,"titi batistella ",,,2026-03-25 10:42:53.08+00
2397,1,2026-03-27,18:30:00,Nicolas Gaido,1167226336,true,20000,19:00:00,1,2026-03-25 12:47:35.386+00,Nicolas Gaido,,,2026-03-25 12:47:35.386+00
2399,1,2026-03-27,18:00:00,Cai Perazzone,1122955113,true,20000,18:30:00,1,2026-03-25 14:16:45.889+00,Cai Perazzone,,,2026-03-25 14:16:45.889+00
2400,1,2026-03-26,10:30:00,Mateo Cristofalo,1138154401,true,25000,11:30:00,3,2026-03-25 14:52:31.515+00,Mateo Cristofalo,,,2026-03-25 14:52:31.515+00
2401,2,2026-03-25,15:00:00,Horacio,,true,20000,15:30:00,1,2026-03-25 15:09:17.577+00,Martin,,,2026-03-25 15:09:17.577+00
2402,1,2026-03-27,12:00:00,Agus dodera,1150398159,true,20000,12:30:00,1,2026-03-25 15:35:21.806+00,Agus dodera,,,2026-03-25 15:35:21.806+00
2404,2,2026-03-25,16:30:00,Massimo Rizzo,1156416270,true,20000,17:00:00,1,2026-03-25 16:58:27.237+00,Massimo Rizzo,,,2026-03-25 16:58:27.237+00
2405,2,2026-03-25,12:00:00,sr,,true,21000,12:30:00,1,2026-03-25 16:59:32.678+00,Martin,,,2026-03-25 16:59:32.678+00
2406,2,2026-03-27,10:30:00,Fede,1158039075,true,25000,11:30:00,3,2026-03-25 17:00:22.821+00,Martin,,,2026-03-25 17:00:22.821+00
2407,2,2026-03-25,19:00:00,Lucas Garcia Ballarati,1155699999,true,20000,19:30:00,1,2026-03-25 18:10:51.928+00,Lucas Garcia Ballarati,,,2026-03-25 18:10:51.928+00
2408,2,2026-03-25,16:00:00,Mark,1158954348,true,20000,16:30:00,1,2026-03-25 18:37:49.094+00,Mark,,,2026-03-25 18:37:49.094+00
2409,2,2026-03-26,19:00:00,Bautista Flaquer,1155791471,true,20000,19:30:00,1,2026-03-25 19:48:14.973+00,Bautista Flaquer,,,2026-03-25 19:48:14.973+00
2410,1,2026-03-26,15:00:00,Santiago Natale,1151753906,true,20000,15:30:00,1,2026-03-25 20:33:42.206+00,Santiago Natale,,,2026-03-25 20:33:42.206+00
2411,2,2026-03-28,11:30:00,Alejandro Poluyan,1167935666,true,20000,12:00:00,1,2026-03-25 20:41:58.145+00,Alejandro Poluyan,,,2026-03-25 20:41:58.145+00
2413,2,2026-03-26,15:00:00,"Francisco Pascuzzi Serra ",1158562504,true,20000,15:30:00,1,2026-03-25 21:54:45.255+00,"Francisco Pascuzzi Serra ",,,2026-03-25 21:54:45.255+00
2414,2,2026-03-26,16:30:00,Mateo Perez Salvo,1138601347,true,20000,17:00:00,1,2026-03-25 23:01:11.865+00,Mateo Perez Salvo,,,2026-03-25 23:01:11.865+00
2417,2,2026-03-26,12:00:00,"Felipe Beliera ",1128820008,true,20000,12:30:00,1,2026-03-26 03:09:36.39+00,"Felipe Beliera ",,,2026-03-26 03:09:36.39+00
2418,2,2026-03-26,17:30:00,"Guillermo Ceballos ",9113755811,true,20000,18:30:00,3,2026-03-26 07:23:35.936+00,"Guillermo Ceballos ",,,2026-03-26 07:23:35.936+00
2421,1,2026-03-28,11:00:00,Nicolas Cejas,1138431853,true,20000,11:30:00,1,2026-03-26 13:12:07.814+00,Nicolas Cejas,,,2026-03-26 13:12:07.814+00
2422,1,2026-03-28,15:00:00,Matias Myma,1121687855,true,25000,16:00:00,3,2026-03-26 13:47:53.802+00,Matias Myma,,,2026-03-26 13:47:53.802+00
2423,2,2026-03-27,19:00:00,Lucho,1166178760,true,20000,19:30:00,1,2026-03-26 13:53:16.965+00,Lucho,,,2026-03-26 13:53:16.965+00
2424,1,2026-03-27,19:00:00,Martin Bergara,1166178760,true,20000,19:30:00,1,2026-03-26 13:53:49.024+00,Martin Bergara,,,2026-03-26 13:53:49.024+00
2425,1,2026-03-27,17:30:00,Juli,1165269015,true,20000,18:00:00,5,2026-03-26 13:56:58.093+00,Juli,,,2026-03-26 13:56:58.093+00
2426,2,2026-03-28,10:30:00,Nico B,,true,25000,11:30:00,3,2026-03-26 13:59:20.951+00,Martin,,,2026-03-26 13:59:20.951+00
2427,1,2026-03-28,16:00:00,Patricio maravert,1134983232,true,20000,16:30:00,1,2026-03-26 14:14:22.69+00,Patricio maravert,,,2026-03-26 14:14:22.69+00
2428,2,2026-03-26,15:30:00,"Theo Pejacsevich ",1160201053,true,20000,16:00:00,1,2026-03-26 15:08:14.728+00,"Theo Pejacsevich ",,,2026-03-26 15:08:14.728+00
2429,1,2026-03-26,17:00:00,Chino,1127291009,true,20000,17:30:00,1,2026-03-26 15:41:15.656+00,Chino,,,2026-03-26 15:41:15.656+00
2430,2,2026-03-31,15:30:00,Juan cruz ledesma,1162720636,true,20000,16:30:00,3,2026-03-26 17:16:31.529+00,Juan cruz ledesma,,,2026-03-26 17:16:31.529+00
2432,1,2026-03-26,16:00:00,tomi,,true,25000,16:30:00,1,2026-03-26 18:37:58.495+00,Facundo (Yayu),,,2026-03-26 18:37:58.495+00
2433,1,2026-03-27,11:00:00,Julian Santalla,1153299875,true,20000,12:00:00,3,2026-03-26 21:11:46.435+00,Julian Santalla,,,2026-03-26 21:11:46.435+00
2434,1,2026-03-27,13:00:00,BRUNO CARDINALI,1158511308,true,25000,13:30:00,1,2026-03-26 21:58:01.008+00,BRUNO CARDINALI,,,2026-03-26 21:58:01.008+00
2435,2,2026-03-27,17:00:00,"santino vernazza ",1180591127,true,20000,17:30:00,1,2026-03-27 02:16:19.833+00,"santino vernazza ",,,2026-03-27 02:16:19.833+00
2437,1,2026-03-28,12:00:00,Ivan,1165280396,true,25000,13:00:00,3,2026-03-27 02:34:25.607+00,Ivan,,,2026-03-27 02:34:25.607+00
2440,2,2026-03-27,17:30:00,Tomas Sanin,1161416856,true,20000,18:00:00,5,2026-03-27 10:26:00.459+00,Tomas Sanin,,,2026-03-27 10:26:00.459+00
2441,2,2026-03-28,15:00:00,Novo juan Manuel,1154145310,true,20000,15:30:00,1,2026-03-27 10:54:06.203+00,Novo juan Manuel,,,2026-03-27 10:54:06.203+00
2442,2,2026-03-28,15:30:00,Santino,1154145310,true,15000,16:00:00,5,2026-03-27 10:54:39.01+00,Santino,,,2026-03-27 10:54:39.01+00
2445,1,2026-03-28,10:30:00,Martín Díaz Villodas,1157802589,true,20000,11:00:00,1,2026-03-27 16:51:06.201+00,Martín Díaz Villodas,,,2026-03-27 16:51:06.201+00
2446,1,2026-03-27,15:30:00,Matias Carrete,1162312699,true,20000,16:00:00,1,2026-03-27 17:09:22.083+00,Matias Carrete,,,2026-03-27 17:09:22.083+00
2447,1,2026-03-28,16:30:00,Daniel Natale,1136927011,true,20000,17:00:00,1,2026-03-27 19:03:04.922+00,Daniel Natale,,,2026-03-27 19:03:04.922+00
2448,2,2026-03-31,10:30:00,Facundo Iskandarani,1164105626,true,20000,11:00:00,1,2026-03-27 19:14:33.563+00,Facundo Iskandarani,,,2026-03-27 19:14:33.563+00
2449,2,2026-03-31,11:00:00,Juan,,true,20000,11:30:00,1,2026-03-27 19:44:53.204+00,Martin,,,2026-03-27 19:44:53.204+00
2451,1,2026-03-28,17:00:00,Jorge Estol,1161721976,true,20000,17:30:00,1,2026-03-27 20:27:25.703+00,Jorge Estol,,,2026-03-27 20:27:25.703+00
2452,1,2026-03-28,11:30:00,Sanin matias,1161416865,true,20000,12:00:00,5,2026-03-27 21:21:00.505+00,Sanin matias,,,2026-03-27 21:21:00.505+00
2453,2,2026-03-31,18:30:00,Lucas,1166751794,true,25000,19:30:00,3,2026-03-27 21:35:22.537+00,Lucas,,,2026-03-27 21:35:22.537+00
2454,2,2026-03-31,17:00:00,Fermin Bray,1157997986,true,20000,17:30:00,1,2026-03-27 23:39:36.445+00,Fermin Bray,,,2026-03-27 23:39:36.445+00
2455,2,2026-03-28,16:00:00,Alejandro Fragala,1133960717,true,25000,17:00:00,3,2026-03-27 23:57:10.715+00,Alejandro Fragala,,,2026-03-27 23:57:10.715+00
2456,2,2026-03-28,17:30:00,Diego,1169733928,true,20000,18:00:00,1,2026-03-28 03:19:31.038+00,Diego,,,2026-03-28 03:19:31.038+00
2457,2,2026-03-28,12:30:00,Gianluca Sibione,1158043916,true,20000,13:00:00,1,2026-03-28 13:21:47.472+00,Gianluca Sibione,,,2026-03-28 13:21:47.472+00
2458,1,2026-03-28,19:00:00,ignacio goldmann,1155926103,true,20000,19:30:00,1,2026-03-28 14:52:10.618+00,ignacio goldmann,,,2026-03-28 14:52:10.618+00
2459,2,2026-03-28,18:00:00,santino dandrea,1140800976,true,20000,19:00:00,3,2026-03-28 15:17:58.152+00,santino dandrea,,,2026-03-28 15:17:58.152+00
2460,1,2026-03-28,17:30:00,Nicolás Ferrari,1138450000,true,20000,18:00:00,1,2026-03-28 15:35:49.289+00,Nicolás Ferrari,,,2026-03-28 15:35:49.289+00
2461,1,2026-03-28,18:30:00,Martin Aguilar,1163001406,true,20000,19:00:00,1,2026-03-28 16:00:17.15+00,Martin Aguilar,,,2026-03-28 16:00:17.15+00
2463,2,2026-03-28,17:00:00,"Gustavo ",1160526895,true,20000,17:30:00,1,2026-03-28 17:27:03.284+00,Martin,,,2026-03-28 17:27:03.284+00
2465,1,2026-03-31,15:00:00,Leandro Sosa,1167036563,true,20000,15:30:00,1,2026-03-28 18:27:37.708+00,Leandro Sosa,,,2026-03-28 18:27:37.708+00
2466,2,2026-03-31,11:30:00,"Luca Holzknecht ",1122809544,true,20000,12:00:00,1,2026-03-28 18:36:12.972+00,"Luca Holzknecht ",,,2026-03-28 18:36:12.972+00
2469,2,2026-03-31,18:00:00,Nicolas Diedrichs,1123290680,true,20000,18:30:00,1,2026-03-29 16:31:08.341+00,Nicolas Diedrichs,,,2026-03-29 16:31:08.341+00
2471,1,2026-03-31,17:00:00,Gianluca Labarile,1125732523,true,25000,18:00:00,3,2026-03-30 10:15:17.273+00,Gianluca Labarile,,,2026-03-30 10:15:17.273+00
2472,1,2026-04-02,11:30:00,Tomás Cacetta,1122876902,true,20000,12:00:00,1,2026-03-30 13:02:52.059+00,Tomás Cacetta,,,2026-03-30 13:02:52.059+00
2474,2,2026-04-02,10:30:00,"Seba viva Perón ",1138590613,true,25000,11:30:00,3,2026-03-30 15:15:12.092+00,"Seba viva Perón ",,,2026-03-30 15:15:12.092+00
2475,1,2026-04-02,13:00:00,Flavio Matias de Benedetti,1134755495,true,20000,13:30:00,1,2026-03-30 19:33:15.233+00,Flavio Matias de Benedetti,,,2026-03-30 19:33:15.233+00
2476,1,2026-03-31,11:00:00,Tomas wolfram,1136632852,true,20000,12:00:00,3,2026-03-30 20:22:12.516+00,Tomas wolfram,,,2026-03-30 20:22:12.516+00
2477,1,2026-04-02,12:00:00,Franco Carbone,1140833316,true,25000,13:00:00,3,2026-03-30 22:27:37.449+00,Franco Carbone,,,2026-03-30 22:27:37.449+00
2480,2,2026-03-31,12:00:00,Juan Martin Gomez Delgado,1128842557,true,20000,12:30:00,1,2026-03-31 01:11:25.559+00,Juan Martin Gomez Delgado,,,2026-03-31 01:11:25.559+00
2481,1,2026-03-31,12:00:00,Martin Ribera,2944601775,true,20000,12:30:00,1,2026-03-31 11:04:19.257+00,Martin Ribera,,,2026-03-31 11:04:19.257+00
2482,2,2026-04-02,15:00:00,Jose maria schweizer,1160257332,true,20000,15:30:00,1,2026-03-31 11:06:27.869+00,Jose maria schweizer,,,2026-03-31 11:06:27.869+00
2486,2,2026-03-31,15:00:00,Andres,1567935333,true,20000,15:30:00,1,2026-03-31 13:07:18.864+00,Andres,,,2026-03-31 13:07:18.864+00
2487,2,2026-04-01,16:00:00,Bautista Furnari,1166510886,true,20000,17:00:00,3,2026-03-31 13:09:28.23+00,Bautista Furnari,,,2026-03-31 13:09:28.23+00
2490,2,2026-04-01,17:30:00,"bautista cortigiani ",1127873050,true,25000,18:30:00,3,2026-03-31 14:09:13.104+00,"bautista cortigiani ",,,2026-03-31 14:09:13.104+00
2491,1,2026-03-31,18:00:00,Pedro Izuel,1157231859,true,20000,18:30:00,1,2026-03-31 15:12:47.724+00,Pedro Izuel,,,2026-03-31 15:12:47.724+00
2492,2,2026-04-01,15:30:00,"Leonel Ghersi ",1134925200,true,20000,16:00:00,1,2026-03-31 15:25:35.075+00,"Leonel Ghersi ",,,2026-03-31 15:25:35.075+00
2497,2,2026-03-31,16:30:00,jose,,true,20000,17:00:00,1,2026-03-31 15:45:00.707+00,Martin,,,2026-03-31 15:45:00.707+00
2498,1,2026-04-01,11:00:00,Lucas de la vega,1141670334,true,20000,11:30:00,1,2026-03-31 16:22:38.909+00,Lucas de la vega,,,2026-03-31 16:22:38.909+00
2499,2,2026-03-31,17:30:00,German scherma,1169711380,true,20000,18:00:00,1,2026-03-31 16:43:46.44+00,German scherma,,,2026-03-31 16:43:46.44+00
2500,1,2026-04-03,12:30:00,JOAQUÍN ROMERO,1157589495,true,25000,13:30:00,3,2026-03-31 17:16:29.271+00,JOAQUÍN ROMERO,,,2026-03-31 17:16:29.271+00
2501,2,2026-04-01,15:00:00,Felipe,1137973201,true,20000,15:30:00,1,2026-03-31 17:28:38.306+00,Felipe,,,2026-03-31 17:28:38.306+00
2504,1,2026-04-02,16:00:00,Laucha,2235444775,true,25000,17:00:00,3,2026-03-31 20:31:09.206+00,Laucha,,,2026-03-31 20:31:09.206+00
2505,1,2026-04-02,11:00:00,Pedro Canale,1155037166,true,20000,11:30:00,1,2026-03-31 20:37:09.161+00,Pedro Canale,,,2026-03-31 20:37:09.161+00
2506,1,2026-04-02,17:00:00,Juani Munter,1169700431,true,20000,18:00:00,3,2026-03-31 21:11:05.153+00,Juani Munter,,,2026-03-31 21:11:05.153+00
2507,1,2026-03-31,16:30:00,pablo,,true,20000,17:00:00,1,2026-03-31 21:57:00.737+00,Facundo (Yayu),,,2026-03-31 21:57:00.737+00
2508,1,2026-04-01,11:30:00,"Santiago ",1126430079,true,20000,12:00:00,1,2026-03-31 21:59:52.63+00,"Santiago ",,,2026-03-31 21:59:52.63+00
2509,1,2026-04-01,12:00:00,"Fancheskoli ",1126430079,true,20000,12:30:00,5,2026-03-31 22:00:40.438+00,"Fancheskoli ",,,2026-03-31 22:00:40.438+00
2510,1,2026-04-02,10:30:00,MOZZINO LUCIANO,1166093111,true,20000,11:00:00,1,2026-03-31 23:19:20.45+00,MOZZINO LUCIANO,,,2026-03-31 23:19:20.45+00
2511,1,2026-04-02,18:00:00,German Vita,1151169882,true,20000,18:30:00,1,2026-04-01 00:44:10.346+00,German Vita,,,2026-04-01 00:44:10.346+00
2512,2,2026-04-02,12:30:00,"Sebastian ",1167973180,true,20000,13:00:00,5,2026-04-01 01:00:15.591+00,"Sebastian ",,,2026-04-01 01:00:15.591+00
2513,1,2026-04-01,12:30:00,"Tomás D’Aversa ",1169608371,true,20000,13:30:00,3,2026-04-01 01:12:10.775+00,"Tomás D’Aversa ",,,2026-04-01 01:12:10.775+00
2514,2,2026-04-01,19:00:00,Lucke garcia dias,1135731438,true,20000,19:30:00,1,2026-04-01 02:28:36.686+00,Lucke garcia dias,,,2026-04-01 02:28:36.686+00
2517,2,2026-04-01,18:30:00,Francisco Maronna,1140487300,true,20000,19:00:00,1,2026-04-01 06:37:15.71+00,Francisco Maronna,,,2026-04-01 06:37:15.71+00
2518,1,2026-04-03,17:00:00,"Nahuel noguera ",1132136910,true,25000,18:00:00,3,2026-04-01 10:33:44.732+00,"Nahuel noguera ",,,2026-04-01 10:33:44.732+00
2520,1,2026-04-01,18:00:00,Juanchi parrado,1167426777,true,20000,18:30:00,1,2026-04-01 13:32:40.795+00,Juanchi parrado,,,2026-04-01 13:32:40.795+00
2521,1,2026-04-07,13:00:00,Ramiro Lukezic,1163368573,true,20000,13:30:00,1,2026-04-01 14:43:43.851+00,Ramiro Lukezic,,,2026-04-01 14:43:43.851+00
2523,1,2026-04-02,15:00:00,Martino Gurny,1155242703,true,20000,15:30:00,1,2026-04-01 15:55:40.056+00,Martino Gurny,,,2026-04-01 15:55:40.056+00
2525,1,2026-04-01,16:30:00," roberto",,true,20000,17:30:00,3,2026-04-01 17:02:06.62+00,Facundo (Yayu),,,2026-04-01 17:02:06.62+00
2527,1,2026-04-01,18:30:00,pupi,,true,25000,19:30:00,3,2026-04-01 17:40:32.407+00,Facundo (Yayu),,,2026-04-01 17:40:32.407+00
2528,2,2026-04-01,17:00:00,Martino,1153873466,true,20000,17:30:00,1,2026-04-01 18:14:03.303+00,Martino,,,2026-04-01 18:14:03.303+00
2532,1,2026-04-01,17:30:00,federico ezequiel frutos,1126146441,true,20000,18:00:00,1,2026-04-01 18:51:47.469+00,federico ezequiel frutos,,,2026-04-01 18:51:47.469+00
2533,1,2026-04-09,11:00:00,Luca,1131245506,true,20000,11:30:00,1,2026-04-01 19:20:04.669+00,Luca,,,2026-04-01 19:20:04.669+00
2536,2,2026-04-02,16:30:00,Gianluca Vernazza,1165861050,true,25000,17:30:00,3,2026-04-01 21:38:08.29+00,Gianluca Vernazza,,,2026-04-01 21:38:08.29+00
2538,1,2026-04-03,10:30:00,Pablo,1159764194,true,20000,11:00:00,1,2026-04-02 02:45:36.754+00,Pablo,,,2026-04-02 02:45:36.754+00
2539,1,2026-04-03,15:00:00,Juan manuel ottaviano,1127195413,true,20000,16:00:00,3,2026-04-02 02:52:13.392+00,Juan manuel ottaviano,,,2026-04-02 02:52:13.392+00
2540,1,2026-04-04,11:30:00,Lucas Rodríguez Peluso,1554931688,true,20000,12:30:00,3,2026-04-02 02:58:55.893+00,Lucas Rodríguez Peluso,,,2026-04-02 02:58:55.893+00
2542,2,2026-04-02,15:30:00,Victor Martini,1159963020,true,20000,16:00:00,1,2026-04-02 11:51:49.185+00,Victor Martini,,,2026-04-02 11:51:49.185+00
2544,2,2026-04-02,11:30:00,Pedro,,true,20000,12:00:00,1,2026-04-02 13:17:56.592+00,Martin,,,2026-04-02 13:17:56.592+00
2549,2,2026-04-04,17:30:00,"Reserva ",0000000000,false,,19:00:00,1,2026-04-02 15:12:47.842+00,Martin,,,2026-04-02 15:12:47.842+00
2550,1,2026-04-03,11:00:00,FRANCISCO BLANCO,1168212362,true,20000,11:30:00,1,2026-04-02 15:30:49.463+00,FRANCISCO BLANCO,,,2026-04-02 15:30:49.463+00
2551,1,2026-04-03,16:00:00,Camilo,1165581998,true,20000,16:30:00,1,2026-04-02 15:49:10.915+00,Camilo,,,2026-04-02 15:49:10.915+00
2552,1,2026-04-03,16:30:00,Franco,1165581998,true,20000,17:00:00,1,2026-04-02 15:49:31.15+00,Franco,,,2026-04-02 15:49:31.15+00
2553,2,2026-04-02,16:00:00,Gonzalo cambero,1171606070,true,20000,16:30:00,1,2026-04-02 16:59:50.014+00,Gonzalo cambero,,,2026-04-02 16:59:50.014+00
2554,2,2026-04-07,15:00:00,osbi,,true,20000,15:30:00,1,2026-04-02 17:58:45.34+00,Martin,,,2026-04-02 17:58:45.34+00
2555,2,2026-04-03,12:30:00,"Pedro ",1156940857,true,20000,13:00:00,5,2026-04-02 19:37:07.597+00,"Pedro ",,,2026-04-02 19:37:07.597+00
2556,2,2026-04-02,18:30:00,Seba,,true,25000,19:30:00,3,2026-04-02 21:06:54.731+00,Martin,,,2026-04-02 21:06:54.731+00
2557,2,2026-04-03,15:00:00,Tuti Gelormini,1165016970,true,25000,16:00:00,3,2026-04-02 21:09:28.752+00,Tuti Gelormini,,,2026-04-02 21:09:28.752+00
2558,2,2026-04-04,16:30:00,Nicolas Ojeda,1164849781,true,20000,17:00:00,1,2026-04-02 21:24:39.248+00,Nicolas Ojeda,,,2026-04-02 21:24:39.248+00
2564,1,2026-04-03,12:00:00,Juanfer,1153427944,true,20000,12:30:00,1,2026-04-03 12:43:40.701+00,Juanfer,,,2026-04-03 12:43:40.701+00
2569,2,2026-04-03,16:00:00,"Ricardo Silva ",1134925200,true,20000,16:30:00,1,2026-04-03 17:02:18.082+00,"Ricardo Silva ",,,2026-04-03 17:02:18.082+00
2571,2,2026-04-03,17:00:00,agustin,1158491950,true,20000,17:30:00,1,2026-04-03 17:49:25.883+00,agustin,,,2026-04-03 17:49:25.883+00
2572,2,2026-04-04,15:30:00,Miyer Rivero,1128741039,true,20000,16:00:00,1,2026-04-03 20:29:35.721+00,Miyer Rivero,,,2026-04-03 20:29:35.721+00
2573,2,2026-04-04,15:00:00,FERNANDO,1151656447,true,20000,15:30:00,1,2026-04-03 20:32:35.862+00,FERNANDO,,,2026-04-03 20:32:35.862+00
2574,1,2026-04-04,15:00:00,David Caceres,1166866100,true,20000,15:30:00,5,2026-04-03 20:39:22.552+00,David Caceres,,,2026-04-03 20:39:22.552+00
2575,1,2026-04-04,15:30:00,"David Caceres ",1166866100,true,20000,16:00:00,1,2026-04-03 20:41:03.822+00,"David Caceres ",,,2026-04-03 20:41:03.822+00
2576,2,2026-04-04,16:00:00,Nicolás Niro,1139422067,true,20000,16:30:00,1,2026-04-03 21:50:51.125+00,Nicolás Niro,,,2026-04-03 21:50:51.125+00
2577,1,2026-04-04,12:30:00,Hernan Barra,1131637708,true,20000,13:30:00,3,2026-04-03 23:55:18.14+00,Hernan Barra,,,2026-04-03 23:55:18.14+00
2578,2,2026-04-04,12:30:00,"Javier Camozzi ",3415328035,true,20000,13:00:00,1,2026-04-04 01:26:03.879+00,"Javier Camozzi ",,,2026-04-04 01:26:03.879+00
2580,1,2026-04-04,17:00:00,Facundo de la Fuente,1139521883,true,20000,17:30:00,1,2026-04-04 12:33:42.356+00,Facundo de la Fuente,,,2026-04-04 12:33:42.356+00
2582,2,2026-04-04,19:00:00,"Reservado ",,false,,19:30:00,1,2026-04-04 13:29:29.515+00,Martin,,,2026-04-04 13:29:29.515+00
2583,2,2026-04-04,13:00:00,Ignacio Sentinelli,2995868229,true,20000,13:30:00,1,2026-04-04 15:27:45.965+00,Ignacio Sentinelli,,,2026-04-04 15:27:45.965+00
2585,1,2026-04-11,10:30:00,Federico Rusconi,1128074474,true,25000,11:30:00,3,2026-04-04 17:35:20.575+00,Federico Rusconi,,,2026-04-04 17:35:20.575+00
2586,1,2026-04-04,16:00:00,Bruno,1158511308,true,18000,17:00:00,3,2026-04-04 17:46:23.6+00,Bruno,,,2026-04-04 17:46:23.6+00
2587,2,2026-04-04,17:00:00,"Pedro Salerno ",1165838107,true,20000,17:30:00,5,2026-04-04 18:34:55.221+00,"Pedro Salerno ",,,2026-04-04 18:34:55.221+00
2588,1,2026-04-07,19:00:00,Manuel Torrente,1159460263,true,20000,19:30:00,1,2026-04-04 19:29:34.063+00,Manuel Torrente,,,2026-04-04 19:29:34.063+00
2589,2,2026-04-08,19:00:00,Facundo Barra,1170207673,true,20000,19:30:00,1,2026-04-06 09:46:28.51+00,Facundo Barra,,,2026-04-06 09:46:28.51+00
2591,2,2026-04-07,17:00:00,leon matias,1156305538,true,20000,17:30:00,1,2026-04-06 14:23:38.346+00,leon matias,,,2026-04-06 14:23:38.346+00
2592,1,2026-04-07,18:00:00,Tomas di chiara,1139027851,true,20000,19:00:00,3,2026-04-06 14:35:47.058+00,Tomas di chiara,,,2026-04-06 14:35:47.058+00
2594,1,2026-04-07,17:00:00,Juan Pablo Masiero,1136372506,true,25000,18:00:00,3,2026-04-06 18:29:59.484+00,Juan Pablo Masiero,,,2026-04-06 18:29:59.484+00
2595,2,2026-04-08,12:00:00,Federico Conde,1158039075,true,25000,13:00:00,3,2026-04-06 19:15:23.14+00,Federico Conde,,,2026-04-06 19:15:23.14+00
2596,2,2026-04-07,15:30:00,"Mark ",1158954348,true,20000,16:00:00,1,2026-04-06 19:18:35.394+00,"Mark ",,,2026-04-06 19:18:35.394+00
2598,1,2026-04-08,18:30:00,Fede Mattei,1133456487,true,25000,19:30:00,3,2026-04-06 23:10:40.305+00,Fede Mattei,,,2026-04-06 23:10:40.305+00
2599,1,2026-04-07,16:30:00,Gregorio Pontiggia,1161839786,true,20000,17:00:00,1,2026-04-07 01:11:48.055+00,Gregorio Pontiggia,,,2026-04-07 01:11:48.055+00
2602,2,2026-04-07,17:30:00,maxi munter,,true,20000,18:30:00,3,2026-04-07 16:34:07.862+00,Martin,,,2026-04-07 16:34:07.862+00
2603,2,2026-04-07,18:30:00,miguel,,true,20000,19:00:00,1,2026-04-07 16:34:17.951+00,Martin,,,2026-04-07 16:34:17.951+00
2604,1,2026-04-07,15:30:00,Gabriel Biasin,1140950777,true,25000,16:30:00,3,2026-04-07 16:36:27.426+00,Gabriel Biasin,,,2026-04-07 16:36:27.426+00
2606,2,2026-04-07,16:00:00,eduardo,,true,20000,16:30:00,1,2026-04-07 16:45:32.544+00,Martin,,,2026-04-07 16:45:32.544+00
2607,2,2026-04-07,16:30:00,Nahuel Perez,1123763791,true,20000,17:00:00,1,2026-04-07 17:06:52.067+00,Nahuel Perez,,,2026-04-07 17:06:52.067+00
2608,1,2026-04-09,16:30:00,Agustin Uehara,1159376532,true,20000,17:00:00,1,2026-04-07 18:16:02.424+00,Agustin Uehara,,,2026-04-07 18:16:02.424+00
2609,1,2026-04-08,15:00:00,agustin,,false,,16:00:00,3,2026-04-07 18:29:23.318+00,Facundo (Yayu),,,2026-04-07 18:29:23.318+00
2611,1,2026-04-09,17:30:00,Luciano Dodera,1159649066,true,20000,18:30:00,3,2026-04-07 19:11:10.48+00,Luciano Dodera,,,2026-04-07 19:11:10.48+00
2612,2,2026-04-11,16:30:00,"ignacio li santi ",1132188865,true,20000,17:00:00,1,2026-04-07 19:27:01.659+00,"ignacio li santi ",,,2026-04-07 19:27:01.659+00
2613,2,2026-04-10,15:00:00,Marco,1152291146,true,20000,15:30:00,1,2026-04-07 20:45:07.184+00,Marco,,,2026-04-07 20:45:07.184+00
2614,2,2026-04-08,15:00:00,Rodrigo Salgado,1153323810,true,20000,15:30:00,1,2026-04-07 21:33:36.128+00,Rodrigo Salgado,,,2026-04-07 21:33:36.128+00
2616,2,2026-04-08,13:00:00,Fausto Antonelli,1155656106,true,20000,13:30:00,1,2026-04-07 23:45:09.241+00,Fausto Antonelli,,,2026-04-07 23:45:09.241+00
2617,1,2026-04-08,16:00:00,"Brian Soria ",1168756813,false,,16:30:00,1,2026-04-08 01:23:39.161+00,"Brian Soria ",,,2026-04-08 01:23:39.161+00
2618,2,2026-04-08,17:00:00,máximo millet,1164635167,true,20000,17:30:00,1,2026-04-08 03:06:43.405+00,máximo millet,,,2026-04-08 03:06:43.405+00
2621,2,2026-04-09,15:00:00,Coco,1133020000,true,25000,16:00:00,3,2026-04-08 12:16:12.545+00,Coco,,,2026-04-08 12:16:12.545+00
2622,2,2026-04-11,18:30:00,Juan Carlos Chá Torea,1159497109,true,20000,19:00:00,1,2026-04-08 12:18:33.999+00,Juan Carlos Chá Torea,,,2026-04-08 12:18:33.999+00
2623,2,2026-04-08,11:30:00,Fernando Maldonado,1169435257,true,20000,12:00:00,1,2026-04-08 14:24:39.607+00,Fernando Maldonado,,,2026-04-08 14:24:39.607+00
2624,2,2026-04-08,18:30:00,Tomas Batistella,1160003483,true,20000,19:00:00,1,2026-04-08 14:26:32.143+00,Tomas Batistella,,,2026-04-08 14:26:32.143+00
2625,1,2026-04-09,12:00:00,Mateo Dodera,1167272468,true,25000,13:00:00,3,2026-04-08 15:15:27.843+00,Mateo Dodera,,,2026-04-08 15:15:27.843+00
2626,1,2026-04-08,13:00:00,Jorge,1167261296,true,20000,13:30:00,1,2026-04-08 15:24:48.398+00,Jorge,,,2026-04-08 15:24:48.398+00
2627,2,2026-04-08,16:00:00,"theo mac allister ",1125293903,true,20000,16:30:00,1,2026-04-08 15:29:40.075+00,"theo mac allister ",,,2026-04-08 15:29:40.075+00
2632,1,2026-04-08,18:00:00,Jorge,,true,20000,18:30:00,1,2026-04-08 19:46:57.166+00,Facundo (Yayu),,,2026-04-08 19:46:57.166+00
2633,2,2026-04-08,17:30:00,"tomas renosto ",,true,20000,18:00:00,1,2026-04-08 19:49:05.051+00,Martin,,,2026-04-08 19:49:05.051+00
2634,2,2026-04-10,18:00:00,Jorge,1130777337,true,20000,18:30:00,1,2026-04-08 20:43:51.446+00,Jorge,,,2026-04-08 20:43:51.446+00
2636,1,2026-04-09,15:30:00,francisco grippo,1138301019,true,20000,16:30:00,3,2026-04-09 02:29:52.93+00,francisco grippo,,,2026-04-09 02:29:52.93+00
2639,1,2026-04-10,15:00:00,David Levy,1135693197,true,20000,15:30:00,1,2026-04-09 11:53:31.404+00,David Levy,,,2026-04-09 11:53:31.404+00
2640,2,2026-04-10,10:30:00,Gonzalo Fragalá,1161831634,true,20000,11:00:00,1,2026-04-09 12:07:28.673+00,Gonzalo Fragalá,,,2026-04-09 12:07:28.673+00
2642,1,2026-04-10,15:30:00,"Juan Moirano ",1133449265,true,20000,16:00:00,1,2026-04-09 12:14:19.313+00,"Juan Moirano ",,,2026-04-09 12:14:19.313+00
2643,1,2026-04-09,11:30:00,Leandro Calvo,1136857855,true,20000,12:00:00,1,2026-04-09 13:01:19.557+00,Leandro Calvo,,,2026-04-09 13:01:19.557+00
2644,1,2026-04-10,10:30:00,Benjamin levy,1167697336,true,20000,11:00:00,1,2026-04-09 15:00:27.326+00,Benjamin levy,,,2026-04-09 15:00:27.326+00
2646,2,2026-04-10,11:00:00,antonio,115817389,true,20000,11:30:00,1,2026-04-09 15:39:18.115+00,Martin,,,2026-04-09 15:39:18.115+00
2647,1,2026-04-09,15:00:00,Tomás Smeriglio,1133241173,true,20000,15:30:00,1,2026-04-09 15:58:43.241+00,Tomás Smeriglio,,,2026-04-09 15:58:43.241+00
2649,2,2026-04-09,17:30:00,"Cristóbal ",1161778100,true,20000,18:00:00,5,2026-04-09 18:47:24.4+00,"Cristóbal ",,,2026-04-09 18:47:24.4+00
2650,2,2026-04-09,18:00:00,Hilario puccio,1161778100,true,20000,18:30:00,5,2026-04-09 18:47:55.39+00,Hilario puccio,,,2026-04-09 18:47:55.39+00
2651,2,2026-04-09,16:30:00,Agustin Damico,1122579911,true,20000,17:00:00,1,2026-04-09 19:11:28.357+00,Agustin Damico,,,2026-04-09 19:11:28.357+00
2652,1,2026-04-10,12:30:00,"Nicolás Cejas ",1138431853,true,20000,13:30:00,3,2026-04-09 20:10:11.769+00,"Nicolás Cejas ",,,2026-04-09 20:10:11.769+00
2653,1,2026-04-10,16:00:00,Tomas D’Aversa,1169608371,true,20000,17:00:00,3,2026-04-09 20:20:19.858+00,Tomas D’Aversa,,,2026-04-09 20:20:19.858+00
2654,2,2026-04-10,15:30:00,Donegana Facundo,1164210981,true,20000,16:00:00,1,2026-04-09 22:29:52.005+00,Donegana Facundo,,,2026-04-09 22:29:52.005+00
2655,2,2026-04-11,19:00:00,Donegana Benjamin,1164210981,true,20000,19:30:00,1,2026-04-09 22:31:33.997+00,Donegana Benjamin,,,2026-04-09 22:31:33.997+00
2657,1,2026-04-11,18:00:00,Matias Myma,1121687855,true,25000,19:00:00,3,2026-04-09 23:17:31.216+00,Matias Myma,,,2026-04-09 23:17:31.216+00
2658,2,2026-04-10,16:00:00,Octavio,1150422330,true,20000,16:30:00,1,2026-04-10 06:24:45.895+00,Octavio,,,2026-04-10 06:24:45.895+00
2659,1,2026-04-10,18:00:00,Fede Olivera,1158890445,true,20000,19:00:00,3,2026-04-10 10:41:24.002+00,Fede Olivera,,,2026-04-10 10:41:24.002+00
2660,2,2026-04-10,19:00:00,Jonathan Zagni,1158893746,true,20000,19:30:00,1,2026-04-10 12:11:14.914+00,Jonathan Zagni,,,2026-04-10 12:11:14.914+00
2665,1,2026-04-14,19:00:00,Matias Carrete,1162312699,true,20000,19:30:00,1,2026-04-10 14:56:41.832+00,Matias Carrete,,,2026-04-10 14:56:41.832+00
2666,1,2026-04-10,17:00:00,pablo Sobrero,1131626589,true,20000,17:30:00,1,2026-04-10 15:07:39.412+00,pablo Sobrero,,,2026-04-10 15:07:39.412+00
2667,2,2026-04-10,13:00:00,"Gonza ",1127719328,true,20000,13:30:00,1,2026-04-10 15:39:29.751+00,"Gonza ",,,2026-04-10 15:39:29.751+00
2668,2,2026-04-11,10:30:00,"Vladimir ",1130653432,true,20000,11:00:00,1,2026-04-10 18:03:20.78+00,Martin,,,2026-04-10 18:03:20.78+00
2669,1,2026-04-10,17:30:00,LUCA SMERIGLIO,1131216899,true,20000,18:00:00,1,2026-04-10 18:03:28.065+00,LUCA SMERIGLIO,,,2026-04-10 18:03:28.065+00
2670,2,2026-04-11,11:00:00,Vladimir,,true,20000,11:30:00,5,2026-04-10 18:03:43.439+00,Martin,,,2026-04-10 18:03:43.439+00
2671,2,2026-04-10,17:30:00,fer kiosco,,true,20000,18:00:00,1,2026-04-10 18:05:48.173+00,Martin,,,2026-04-10 18:05:48.173+00
2672,1,2026-04-11,12:30:00,Tomas,1159135961,true,25000,13:30:00,3,2026-04-10 20:00:54.815+00,Tomas,,,2026-04-10 20:00:54.815+00
2673,2,2026-04-11,11:30:00,Facundo Longo,1134795826,true,20000,12:00:00,1,2026-04-10 21:43:11.086+00,Facundo Longo,,,2026-04-10 21:43:11.086+00
2674,2,2026-04-11,17:00:00,"Nahuel ",1169435257,true,20000,17:30:00,1,2026-04-10 23:32:28.904+00,"Nahuel ",,,2026-04-10 23:32:28.904+00
2675,1,2026-04-11,16:30:00,"Jorge ",1159304532,true,20000,17:00:00,1,2026-04-11 00:10:48.607+00,"Jorge ",,,2026-04-11 00:10:48.607+00
2676,1,2026-04-16,16:00:00,Camilo,1155835285,true,20000,16:30:00,5,2026-04-11 13:40:34.144+00,Camilo,,,2026-04-11 13:40:34.144+00
2677,2,2026-04-18,17:00:00,Faryd Jalil,1166299238,true,20000,17:30:00,1,2026-04-11 14:57:27.759+00,Faryd Jalil,,,2026-04-11 14:57:27.759+00
2678,2,2026-04-11,13:00:00,Alejandro T Ariccio,1136973863,true,20000,13:30:00,1,2026-04-11 15:14:53.562+00,Alejandro T Ariccio,,,2026-04-11 15:14:53.562+00
2681,1,2026-04-11,17:00:00,Ramiro nasif,1122518748,true,25000,18:00:00,3,2026-04-11 16:49:36.919+00,Ramiro nasif,,,2026-04-11 16:49:36.919+00
2682,1,2026-04-14,17:00:00,Gian Labarile,1125732523,true,25000,18:00:00,3,2026-04-12 16:09:07.65+00,Gian Labarile,,,2026-04-12 16:09:07.65+00
2683,2,2026-04-17,15:00:00,Federico Vicente Rua,1168698762,true,20000,16:00:00,3,2026-04-12 20:00:33.909+00,Federico Vicente Rua,,,2026-04-12 20:00:33.909+00
2686,1,2026-04-14,11:30:00,Tomas wolfram,1136632852,true,25000,12:30:00,3,2026-04-13 16:44:17.989+00,Tomas wolfram,,,2026-04-13 16:44:17.989+00
2687,1,2026-04-14,18:00:00,Tomas,1122454712,true,25000,19:00:00,3,2026-04-13 17:08:24.977+00,Tomas,,,2026-04-13 17:08:24.977+00
2691,1,2026-04-16,10:30:00,Santiago Nadin,1155634941,true,20000,11:00:00,1,2026-04-13 18:44:12.925+00,Santiago Nadin,,,2026-04-13 18:44:12.925+00
2692,1,2026-04-14,12:30:00,ignacio moirano,1133446031,true,25000,13:30:00,3,2026-04-13 18:48:47.003+00,ignacio moirano,,,2026-04-13 18:48:47.003+00
2693,2,2026-04-25,11:30:00,"Guido Provinzano ",1156450321,false,,12:00:00,1,2026-04-14 01:42:53.632+00,"Guido Provinzano ",2026-04-25 05:24:12.772+00,"Guido Provinzano ",2026-04-14 01:42:53.632+00
2694,2,2026-04-14,18:00:00,Martin,1130424419,true,20000,18:30:00,1,2026-04-14 01:48:29.596+00,Martin,,,2026-04-14 01:48:29.596+00
2698,2,2026-04-18,19:00:00,Seba,,true,25000,20:00:00,3,2026-04-14 12:17:38.85+00,Martin,,,2026-04-14 12:17:38.85+00
2700,1,2026-04-14,16:00:00,Roberto Parrado,1149984753,true,20000,16:30:00,1,2026-04-14 13:02:36.595+00,Roberto Parrado,,,2026-04-14 13:02:36.595+00
2701,2,2026-04-17,10:30:00,Cesar,,true,20000,11:00:00,1,2026-04-14 14:33:56.761+00,Martin,,,2026-04-14 14:33:56.761+00
2702,2,2026-04-14,18:30:00,Valen,1122903431,true,20000,19:00:00,1,2026-04-14 15:11:44.816+00,Valen,,,2026-04-14 15:11:44.816+00
2703,1,2026-04-15,18:00:00,Ramiro Spinelli Riso,1137259564,true,25000,19:00:00,3,2026-04-14 15:39:15.466+00,Ramiro Spinelli Riso,,,2026-04-14 15:39:15.466+00
2705,2,2026-04-14,19:00:00,Matias Vicente Rua,1168684723,true,20000,19:30:00,1,2026-04-14 20:50:06.852+00,Matias Vicente Rua,,,2026-04-14 20:50:06.852+00
2707,2,2026-04-17,17:00:00,Lorenzo Rizzo,1178984512,true,20000,17:30:00,1,2026-04-15 00:08:38.849+00,Lorenzo Rizzo,,,2026-04-15 00:08:38.849+00
2708,2,2026-04-17,18:00:00,Mateo Perez Salvo,1138601347,true,20000,18:30:00,1,2026-04-15 03:10:41.712+00,Mateo Perez Salvo,,,2026-04-15 03:10:41.712+00
2710,2,2026-04-17,18:30:00,titi batistella,1132024257,true,20000,19:00:00,1,2026-04-15 10:40:37.733+00,titi batistella,,,2026-04-15 10:40:37.733+00
2711,1,2026-04-15,15:30:00,"Nacho Tuya ",1168796220,true,25000,16:30:00,3,2026-04-15 13:20:17.54+00,"Nacho Tuya ",,,2026-04-15 13:20:17.54+00
2712,2,2026-04-15,15:00:00,Mark,1158954348,true,20000,16:00:00,3,2026-04-15 14:27:32.695+00,Mark,,,2026-04-15 14:27:32.695+00
2713,1,2026-04-15,16:30:00,"Luca uriarte ",1162833127,true,20000,17:00:00,1,2026-04-15 15:28:41.212+00,"Luca uriarte ",,,2026-04-15 15:28:41.212+00
2714,2,2026-04-15,17:00:00,"Daniel la torre ",1162833127,true,20000,17:30:00,1,2026-04-15 15:30:21.002+00,"Daniel la torre ",,,2026-04-15 15:30:21.002+00
2716,1,2026-04-16,12:00:00,Agus dodera,1150398159,true,20000,12:30:00,1,2026-04-15 17:12:21.264+00,Agus dodera,,,2026-04-15 17:12:21.264+00
2719,2,2026-04-15,16:00:00,Valentino Milman,1168039713,true,20000,16:30:00,1,2026-04-15 17:42:43.419+00,Valentino Milman,,,2026-04-15 17:42:43.419+00
2720,1,2026-04-16,15:00:00,Agustín Longobuco,1136878708,true,20000,15:30:00,1,2026-04-15 18:49:18.862+00,Agustín Longobuco,,,2026-04-15 18:49:18.862+00
2721,2,2026-04-16,18:30:00,Lucas Redfern,1162672505,true,20000,19:00:00,1,2026-04-15 19:02:08.878+00,Lucas Redfern,,,2026-04-15 19:02:08.878+00
2722,1,2026-04-17,18:00:00,"Agustin ",1133894736,true,20000,18:30:00,1,2026-04-15 19:33:12.083+00,"Agustin ",,,2026-04-15 19:33:12.083+00
2723,2,2026-04-17,11:30:00,Leonel Ghersi,1134925200,true,20000,12:00:00,1,2026-04-15 20:17:02.201+00,Leonel Ghersi,,,2026-04-15 20:17:02.201+00
2725,1,2026-04-16,17:00:00,Gonzalo Cacetta,1138992748,true,20000,17:30:00,1,2026-04-15 20:34:54.18+00,Gonzalo Cacetta,,,2026-04-15 20:34:54.18+00
2726,1,2026-04-16,13:00:00,"Gaston Passamani ",1144106647,true,25000,13:30:00,1,2026-04-16 00:28:57.027+00,"Gaston Passamani ",,,2026-04-16 00:28:57.027+00
2727,1,2026-04-23,12:30:00,"Lucas biscione ",1161921144,true,20000,13:30:00,3,2026-04-16 09:40:19.218+00,"Lucas biscione ",,,2026-04-16 09:40:19.218+00
2729,1,2026-04-17,16:30:00,"Manuel Ceballos ",1166097916,true,20000,17:00:00,1,2026-04-16 10:30:16.403+00,"Manuel Ceballos ",,,2026-04-16 10:30:16.403+00
2730,2,2026-04-17,16:30:00,"Tomás Ceballos ",1566097916,true,20000,17:00:00,1,2026-04-16 10:31:20.63+00,"Tomás Ceballos ",,,2026-04-16 10:31:20.63+00
2731,2,2026-04-16,11:30:00,Nico B,,true,25000,12:30:00,3,2026-04-16 11:01:40.006+00,Martin,,,2026-04-16 11:01:40.006+00
2732,2,2026-04-17,13:00:00,Javier fondevila,1131557207,true,20000,13:30:00,1,2026-04-16 11:14:24.567+00,Javier fondevila,,,2026-04-16 11:14:24.567+00
2733,2,2026-04-17,17:30:00,Alejandro Fragala,1133960717,true,20000,18:00:00,1,2026-04-16 12:51:59.076+00,Alejandro Fragala,,,2026-04-16 12:51:59.076+00
2735,2,2026-04-16,11:00:00,puerta,,true,12000,11:30:00,1,2026-04-16 13:52:02.742+00,Martin,,,2026-04-16 13:52:02.742+00
2736,1,2026-04-16,18:30:00,fede frutos,1126146441,true,20000,19:00:00,1,2026-04-16 14:10:29.029+00,fede frutos,,,2026-04-16 14:10:29.029+00
2737,1,2026-04-17,15:00:00,"Maxi de la Fuente ",1153272654,true,20000,15:30:00,1,2026-04-16 14:21:39.134+00,"Maxi de la Fuente ",,,2026-04-16 14:21:39.134+00
2738,1,2026-04-18,13:00:00,Flavio Matias de Benedetti,1134755495,true,20000,13:30:00,1,2026-04-16 14:41:49.108+00,Flavio Matias de Benedetti,,,2026-04-16 14:41:49.108+00
2739,1,2026-04-18,17:30:00,Martin bergara,,true,20000,18:00:00,1,2026-04-16 15:44:50.125+00,Facundo (Yayu),,,2026-04-16 15:44:50.125+00
2740,1,2026-04-17,13:00:00,"Mauro ",1159820607,true,20000,13:30:00,1,2026-04-16 15:57:29.301+00,"Mauro ",,,2026-04-16 15:57:29.301+00
2741,2,2026-04-17,11:00:00,Juan Martin Gomez Delgado,1128842557,true,20000,11:30:00,1,2026-04-16 16:05:17.879+00,Juan Martin Gomez Delgado,,,2026-04-16 16:05:17.879+00
2742,2,2026-04-17,19:00:00,"Guido Marroco ",1131600474,true,20000,19:30:00,1,2026-04-16 16:26:48.812+00,"Guido Marroco ",,,2026-04-16 16:26:48.812+00
2743,2,2026-04-16,17:30:00,"Polo ",1131600474,true,20000,18:00:00,5,2026-04-16 17:18:08.27+00,"Polo ",,,2026-04-16 17:18:08.27+00
2744,1,2026-04-17,11:00:00,Saint gonzalez,1126430079,true,20000,11:30:00,1,2026-04-16 17:23:00.114+00,Saint gonzalez,,,2026-04-16 17:23:00.114+00
2745,1,2026-04-17,11:30:00,"Franchescoli ",1126430079,true,20000,12:30:00,3,2026-04-16 17:24:12.991+00,"Franchescoli ",,,2026-04-16 17:24:12.991+00
2746,2,2026-04-16,16:00:00,santino,1121672247,true,20000,16:30:00,1,2026-04-16 17:37:08.891+00,santino,,,2026-04-16 17:37:08.891+00
2747,2,2026-04-17,12:30:00,Rodri larre,1130403257,true,20000,13:00:00,1,2026-04-16 19:22:43.036+00,Rodri larre,,,2026-04-16 19:22:43.036+00
2748,1,2026-04-18,10:30:00,faccu,,false,,11:30:00,3,2026-04-16 19:58:10.628+00,Facundo (Yayu),,,2026-04-16 19:58:10.628+00
2750,1,2026-04-17,18:30:00,"Juani Münter ",1169700431,true,20000,19:30:00,3,2026-04-16 20:45:56.308+00,"Juani Münter ",,,2026-04-16 20:45:56.308+00
2751,1,2026-04-18,15:00:00,agus,,false,,16:00:00,3,2026-04-16 20:47:06.904+00,Facundo (Yayu),,,2026-04-16 20:47:06.904+00
2752,1,2026-04-17,15:30:00,"Teo Quattrocchi ",1156691735,true,25000,16:30:00,3,2026-04-16 20:59:56.362+00,"Teo Quattrocchi ",,,2026-04-16 20:59:56.362+00
2753,2,2026-04-18,16:30:00,Nicolás Fingeret,1176137593,true,20000,17:00:00,1,2026-04-16 21:36:36.997+00,Nicolás Fingeret,,,2026-04-16 21:36:36.997+00
2754,1,2026-04-18,11:30:00,Matias Wolfram,1128803953,true,20000,12:30:00,3,2026-04-16 21:42:00.006+00,Matias Wolfram,,,2026-04-16 21:42:00.006+00
2755,1,2026-04-21,12:30:00,Mariano Pose,1162582057,true,20000,13:30:00,3,2026-04-17 02:18:23.247+00,Mariano Pose,,,2026-04-17 02:18:23.247+00
2756,1,2026-04-21,15:00:00,Santiago Natale,1151753906,true,20000,15:30:00,1,2026-04-17 10:06:49.133+00,Santiago Natale,,,2026-04-17 10:06:49.133+00
2757,1,2026-04-18,18:00:00,juan tomas,1162755471,true,20000,18:30:00,1,2026-04-17 10:32:12.237+00,juan tomas,,,2026-04-17 10:32:12.237+00
2758,1,2026-04-18,17:00:00,Bruno Lorenzano,1132012610,true,20000,17:30:00,1,2026-04-17 11:03:55.259+00,Bruno Lorenzano,,,2026-04-17 11:03:55.259+00
2760,2,2026-04-17,16:00:00,"Gaspar Cherniavsky ",1136902591,true,20000,16:30:00,1,2026-04-17 12:44:27.972+00,"Gaspar Cherniavsky ",,,2026-04-17 12:44:27.972+00
2761,1,2026-04-17,17:00:00,Thomas Lucente,1169187984,true,25000,18:00:00,3,2026-04-17 13:53:48.156+00,Thomas Lucente,,,2026-04-17 13:53:48.156+00
2762,2,2026-04-18,15:00:00,"Nicolas Paz ",1130082473,true,20000,15:30:00,1,2026-04-17 15:30:14.769+00,"Nicolas Paz ",,,2026-04-17 15:30:14.769+00
2763,1,2026-04-18,16:00:00,Galo Codini,1165840032,true,20000,17:00:00,3,2026-04-17 15:35:32.932+00,Galo Codini,,,2026-04-17 15:35:32.932+00
2764,2,2026-04-18,16:00:00,"TOMAS Vila ",1158779176,true,20000,16:30:00,1,2026-04-17 15:40:08.92+00,"TOMAS Vila ",,,2026-04-17 15:40:08.92+00
2765,1,2026-04-18,12:30:00,Juan Barra,1136956959,true,20000,13:00:00,1,2026-04-17 16:36:53.529+00,Juan Barra,,,2026-04-17 16:36:53.529+00
2766,2,2026-04-22,17:30:00,"Santi Burgos ",1166759086,false,,18:00:00,5,2026-04-17 18:20:11.137+00,"Santi Burgos ",2026-04-22 20:27:44.229+00,Martin,2026-04-17 18:20:11.137+00
2767,2,2026-04-18,11:30:00,Chino,1127291009,true,20000,12:00:00,1,2026-04-17 20:11:04.922+00,Chino,,,2026-04-17 20:11:04.922+00
2768,2,2026-04-18,12:00:00,Nicolas Ojeda,1164849781,true,20000,12:30:00,1,2026-04-17 21:46:10.018+00,Nicolas Ojeda,,,2026-04-17 21:46:10.018+00
2769,1,2026-04-18,18:30:00,JAVI,,true,20000,19:30:00,3,2026-04-17 22:19:54.647+00,Facundo (Yayu),,,2026-04-17 22:19:54.647+00
2771,2,2026-04-18,12:30:00,"Diego Gasparini ",1165850942,true,20000,13:00:00,1,2026-04-18 13:51:50.484+00,"Diego Gasparini ",,,2026-04-18 13:51:50.484+00
2773,2,2026-04-18,18:00:00,marcoo,,true,20000,18:30:00,1,2026-04-18 18:07:19.923+00,Martin,,,2026-04-18 18:07:19.923+00
2774,2,2026-04-18,18:30:00,tiziano,,true,20000,19:00:00,1,2026-04-18 18:43:51.719+00,Martin,,,2026-04-18 18:43:51.719+00
2775,2,2026-04-18,17:30:00,lucho,,true,20000,18:00:00,1,2026-04-18 21:26:04.988+00,Martin,,,2026-04-18 21:26:04.988+00
2776,1,2026-04-25,16:00:00,JuanMa,1130343271,false,,16:30:00,1,2026-04-18 22:55:03.938+00,Facundo (Yayu),2026-04-22 16:49:38.002+00,Facundo (Yayu),2026-04-18 22:55:03.938+00
2777,1,2026-04-21,15:30:00,Joni soria,1135598966,true,25000,16:00:00,1,2026-04-19 19:00:07.259+00,Joni soria,,,2026-04-19 19:00:07.259+00
2778,2,2026-04-22,17:00:00,agustin,1159241533,true,20000,17:30:00,1,2026-04-19 19:18:57.11+00,agustin,,,2026-04-19 19:18:57.11+00
2779,1,2026-04-21,18:30:00,Maximiliano Ezequiel Lopez,1159759177,true,25000,19:30:00,3,2026-04-19 22:20:39.493+00,Maximiliano Ezequiel Lopez,,,2026-04-19 22:20:39.493+00
2780,2,2026-04-21,17:30:00,Tadeo Breuning,1123125926,true,20000,18:00:00,1,2026-04-20 00:08:26.39+00,Tadeo Breuning,,,2026-04-20 00:08:26.39+00
2782,2,2026-04-23,17:30:00,Francisco Maronna,1140487300,true,20000,18:00:00,1,2026-04-20 10:53:50.659+00,Francisco Maronna,,,2026-04-20 10:53:50.659+00
2783,1,2026-04-23,15:00:00,Federico Falotico,1158678400,true,20000,15:30:00,1,2026-04-20 11:18:17.543+00,Federico Falotico,,,2026-04-20 11:18:17.543+00
2785,2,2026-04-21,18:30:00,Lucas,1166751794,true,25000,19:30:00,3,2026-04-20 14:42:39.396+00,Lucas,,,2026-04-20 14:42:39.396+00
2786,2,2026-04-21,18:00:00,Diego,1169733928,true,20000,18:30:00,1,2026-04-20 20:46:15.9+00,Diego,,,2026-04-20 20:46:15.9+00
2788,2,2026-04-21,17:00:00,Hernan,1167060890,true,20000,17:30:00,1,2026-04-21 00:28:02.931+00,Hernan,,,2026-04-21 00:28:02.931+00
2789,2,2026-04-22,16:00:00,ezequiel Daneri,1161637405,true,20000,16:30:00,1,2026-04-21 00:56:57.531+00,ezequiel Daneri,,,2026-04-21 00:56:57.531+00
2791,1,2026-04-22,16:30:00,"Francisco Bras harriott ",1144024818,true,20000,17:00:00,1,2026-04-21 11:02:55.757+00,"Francisco Bras harriott ",,,2026-04-21 11:02:55.757+00
2792,2,2026-04-21,15:00:00,"Juan Iskandarani ",1133491708,true,20000,15:30:00,1,2026-04-21 12:24:58.107+00,"Juan Iskandarani ",,,2026-04-21 12:24:58.107+00
2793,2,2026-04-22,18:00:00,Fermin jolis,1162674302,true,20000,18:30:00,1,2026-04-21 15:32:07.852+00,Fermin jolis,,,2026-04-21 15:32:07.852+00
2794,1,2026-04-24,12:00:00,Nicolas Cejas,1138431853,false,,13:00:00,3,2026-04-21 17:56:46.185+00,Nicolas Cejas,2026-04-24 13:31:18.265+00,Nicolas Cejas,2026-04-21 17:56:46.185+00
2795,2,2026-04-22,18:30:00,Lommo nicolas,2215939071,true,20000,19:00:00,1,2026-04-21 18:06:29.711+00,Lommo nicolas,,,2026-04-21 18:06:29.711+00
2796,2,2026-04-21,15:30:00,Francisco Benvenuto,1167538038,true,20000,16:00:00,1,2026-04-21 18:12:57.267+00,Francisco Benvenuto,,,2026-04-21 18:12:57.267+00
2797,1,2026-04-23,17:30:00,Lusiano,1159649066,true,20000,18:00:00,1,2026-04-21 18:28:29.22+00,Lusiano,,,2026-04-21 18:28:29.22+00
2798,1,2026-04-24,13:00:00,Juan Martin Gugliotta,1165629773,true,20000,13:30:00,1,2026-04-21 18:29:33.543+00,Juan Martin Gugliotta,,,2026-04-21 18:29:33.543+00
2799,1,2026-04-21,18:00:00,Felipe Garcia,1167838146,true,20000,18:30:00,1,2026-04-21 20:28:59.553+00,Felipe Garcia,,,2026-04-21 20:28:59.553+00
2800,2,2026-04-24,11:00:00,Federico Conde,1158039075,true,25000,12:00:00,3,2026-04-21 20:31:19.301+00,Federico Conde,,,2026-04-21 20:31:19.301+00
2801,2,2026-04-23,18:00:00,Fermín Bray,1157997986,true,20000,19:00:00,3,2026-04-21 20:38:12.062+00,Fermín Bray,,,2026-04-21 20:38:12.062+00
2802,1,2026-04-23,19:00:00,Fulbo,1162733394,false,,19:30:00,1,2026-04-21 22:02:50.508+00,Juan Cristofalo,2026-04-23 14:54:14.022+00,Facundo (Yayu),2026-04-21 22:02:50.508+00
2804,2,2026-04-22,10:30:00,"Reservado ",0000000000,false,,15:00:00,1,2026-04-22 01:04:35.089+00,Martin,2026-04-22 15:16:36.058+00,Martin,2026-04-22 01:04:35.089+00
2805,1,2026-04-23,18:30:00,Juan cristofalo,,false,,19:30:00,3,2026-04-22 02:43:54.809+00,Facundo (Yayu),2026-04-25 15:00:16.397+00,Facundo (Yayu),2026-04-22 02:43:54.809+00
2806,2,2026-04-23,19:00:00,Fulbo,,false,,19:30:00,1,2026-04-22 02:44:53.666+00,Martin,,,2026-04-22 02:44:53.666+00
2807,2,2026-04-24,17:30:00,luca garbari,1153855011,true,20000,18:00:00,1,2026-04-22 10:30:26.345+00,luca garbari,,,2026-04-22 10:30:26.345+00
2808,1,2026-04-22,10:30:00,Martin,,false,,11:30:00,3,2026-04-22 11:15:16.018+00,Facundo (Yayu),2026-04-22 22:21:03.677+00,Facundo (Yayu),2026-04-22 11:15:16.018+00
2810,2,2026-04-28,13:00:00,"Gustavo ",1164682144,true,22000,13:30:00,1,2026-04-22 14:37:05.923+00,"Gustavo ",,,2026-04-22 14:37:05.923+00
2811,2,2026-04-23,17:00:00,Beltrán Alcover,1169639997,true,20000,17:30:00,1,2026-04-22 16:13:12.288+00,Beltrán Alcover,,,2026-04-22 16:13:12.288+00
2812,1,2026-04-24,17:30:00,Juan ma,,true,20000,18:30:00,3,2026-04-22 16:49:33.786+00,Facundo (Yayu),,,2026-04-22 16:49:33.786+00
2813,2,2026-04-23,10:30:00,Juan Ignacio Quiroga,1130679277,true,20000,11:00:00,1,2026-04-22 16:51:58.058+00,Juan Ignacio Quiroga,,,2026-04-22 16:51:58.058+00
2814,2,2026-04-23,11:00:00,Lucke,1135731438,true,20000,11:30:00,1,2026-04-22 16:52:33.432+00,Lucke,,,2026-04-22 16:52:33.432+00
2815,1,2026-04-22,18:30:00,juan,,true,20000,19:00:00,1,2026-04-22 17:17:29.555+00,Facundo (Yayu),,,2026-04-22 17:17:29.555+00
2816,1,2026-04-22,17:00:00,"Lisandro-Nadin ",1126080473,true,20000,17:30:00,1,2026-04-22 17:27:34.337+00,"Lisandro-Nadin ",,,2026-04-22 17:27:34.337+00
2817,1,2026-04-22,16:00:00,Pablo,1159764194,true,20000,16:30:00,1,2026-04-22 17:31:47.187+00,Pablo,,,2026-04-22 17:31:47.187+00
2818,2,2026-04-22,15:00:00,"Francisco Pascuzzi Serra ",1158562504,true,20000,15:30:00,1,2026-04-22 17:41:18.15+00,"Francisco Pascuzzi Serra ",,,2026-04-22 17:41:18.15+00
2819,2,2026-04-22,12:30:00,Giani,,true,20000,13:00:00,1,2026-04-22 17:45:49.482+00,Martin,,,2026-04-22 17:45:49.482+00
2820,2,2026-04-22,15:30:00,Massimo Rizzo,1156416270,true,20000,16:00:00,1,2026-04-22 18:20:06.75+00,Massimo Rizzo,,,2026-04-22 18:20:06.75+00
2821,2,2026-04-23,15:30:00,asdasd,,false,,16:00:00,1,2026-04-22 20:24:48.697+00,Martin,2026-04-22 20:26:18.191+00,Martin,2026-04-22 20:24:48.697+00
2822,2,2026-04-24,17:00:00,Santiago,1166759086,false,,17:30:00,5,2026-04-22 21:50:45.756+00,Santiago,2026-04-23 16:39:52.966+00,Santiago,2026-04-22 21:50:45.756+00
2823,2,2026-04-24,12:00:00,Facundo Iskandarani,1164105626,true,20000,12:30:00,1,2026-04-23 00:01:35.073+00,Facundo Iskandarani,,,2026-04-23 00:01:35.073+00
2824,1,2026-04-23,16:30:00,Bautista Solana,1162532404,true,20000,17:00:00,1,2026-04-23 00:27:45.325+00,Bautista Solana,,,2026-04-23 00:27:45.325+00
2825,2,2026-04-25,13:00:00,Agustin Roisman,1158239712,true,25000,13:30:00,1,2026-04-23 00:46:35.084+00,Agustin Roisman,,,2026-04-23 00:46:35.084+00
2826,1,2026-04-25,11:30:00,Matias Myma,1121687855,true,20000,12:30:00,3,2026-04-23 01:54:02.848+00,Matias Myma,,,2026-04-23 01:54:02.848+00
2827,1,2026-04-24,18:30:00,Ivan,1165280396,true,25000,19:30:00,3,2026-04-23 02:27:38.438+00,Ivan,,,2026-04-23 02:27:38.438+00
2828,2,2026-04-24,15:00:00,Fernando Mauric,1138321255,false,,16:00:00,3,2026-04-23 02:28:14.164+00,Fernando Mauric,2026-04-23 10:11:32.952+00,Fernando Mauric,2026-04-23 02:28:14.164+00
2829,2,2026-04-24,12:30:00,Fernando M,1138321255,true,25000,13:30:00,3,2026-04-23 10:13:11.621+00,Fernando M,,,2026-04-23 10:13:11.621+00
2830,1,2026-04-23,12:00:00,"Tomas ",1169608371,true,20000,12:30:00,1,2026-04-23 10:33:02.516+00,"Tomas ",,,2026-04-23 10:33:02.516+00
2831,1,2026-04-25,15:30:00,patricio maravert,1134983232,true,20000,16:00:00,1,2026-04-23 12:35:10.08+00,patricio maravert,,,2026-04-23 12:35:10.08+00
2832,2,2026-04-24,18:00:00,dall’asta tomas,1144094999,true,20000,19:00:00,3,2026-04-23 13:28:31.577+00,dall’asta tomas,,,2026-04-23 13:28:31.577+00
2833,1,2026-04-24,10:30:00,Julian Santalla,1153299875,false,,11:30:00,3,2026-04-23 14:19:17.678+00,Julian Santalla,2026-04-23 14:37:54.374+00,Facundo (Yayu),2026-04-23 14:19:17.678+00
2834,2,2026-04-23,15:00:00,Mark,1158954348,true,20000,15:30:00,1,2026-04-23 14:19:27.686+00,Mark,,,2026-04-23 14:19:27.686+00
2835,1,2026-04-25,16:00:00,espejitos,1157589495,false,,17:00:00,3,2026-04-23 14:29:31.824+00,espejitos,2026-04-25 20:44:51.74+00,Facundo (Yayu),2026-04-23 14:29:31.824+00
2836,1,2026-04-24,15:00:00,brian,,false,,16:00:00,3,2026-04-23 14:35:40.327+00,Facundo (Yayu),,,2026-04-23 14:35:40.327+00
2837,1,2026-04-23,15:30:00,Julian Santalla,1153299875,false,,16:30:00,3,2026-04-23 14:37:22.372+00,Julian Santalla,2026-04-23 14:39:44.681+00,Julian Santalla,2026-04-23 14:37:22.372+00
2838,1,2026-04-24,16:00:00,juli,,true,25000,17:00:00,3,2026-04-23 14:39:55.976+00,Facundo (Yayu),,,2026-04-23 14:39:55.976+00
2839,1,2026-04-23,18:00:00,"Santi ",1166759086,true,20000,18:30:00,5,2026-04-23 16:38:50.856+00,"Santi ",,,2026-04-23 16:38:50.856+00
2840,2,2026-04-24,15:00:00,"Juan Parizzia ",1166594532,false,,15:30:00,1,2026-04-23 17:31:33.789+00,"Juan Parizzia ",2026-04-24 15:21:20.775+00,"Juan Parizzia ",2026-04-23 17:31:33.789+00
2841,1,2026-04-23,15:30:00,Manuel canale,1155037166,true,20000,16:00:00,1,2026-04-23 18:21:27.463+00,Manuel canale,,,2026-04-23 18:21:27.463+00
2842,2,2026-04-24,19:00:00,Francisco Diedrichs,1140860207,true,20000,19:30:00,1,2026-04-23 18:42:46.014+00,Francisco Diedrichs,,,2026-04-23 18:42:46.014+00
2843,2,2026-04-24,17:00:00,Juan Ignacio Burchi,1150095528,true,20000,17:30:00,1,2026-04-23 18:47:24.422+00,Juan Ignacio Burchi,,,2026-04-23 18:47:24.422+00
2844,1,2026-04-23,17:00:00,Sergio,1158932353,true,12000,17:30:00,2,2026-04-23 19:26:30.285+00,Sergio,,,2026-04-23 19:26:30.285+00
2845,1,2026-04-24,11:00:00,"Hernán ",1123702390,true,25000,12:00:00,3,2026-04-23 19:34:35.957+00,"Hernán ",,,2026-04-23 19:34:35.957+00
2846,1,2026-04-24,10:30:00,facu,,false,,11:00:00,1,2026-04-23 20:17:12.805+00,Facundo (Yayu),2026-04-24 14:00:55.846+00,Facundo (Yayu),2026-04-23 20:17:12.805+00
2847,2,2026-04-24,15:30:00,"Nau ",1132563374,true,20000,16:00:00,5,2026-04-23 22:15:37.269+00,"Nau ",,,2026-04-23 22:15:37.269+00
2848,2,2026-04-24,16:00:00,Franco Siciliano,1136303335,true,20000,16:30:00,1,2026-04-23 22:16:03.333+00,Franco Siciliano,,,2026-04-23 22:16:03.333+00
2849,1,2026-04-24,17:00:00,Guillermo,1134755495,true,20000,17:30:00,1,2026-04-23 22:20:14.365+00,Guillermo,,,2026-04-23 22:20:14.365+00
2850,2,2026-04-30,16:00:00,Benjamin Castro,1160106907,true,22000,16:30:00,1,2026-04-23 23:33:49.083+00,Benjamin Castro,,,2026-04-23 23:33:49.083+00
2851,1,2026-04-28,13:00:00,"Ramiro Lukezic ",1163368573,true,22000,13:30:00,1,2026-04-24 02:27:51.798+00,"Ramiro Lukezic ",,,2026-04-24 02:27:51.798+00
2852,2,2026-04-24,10:30:00,"Martín ",,false,,11:00:00,1,2026-04-24 05:09:21.148+00,Martin,2026-04-24 13:46:02.48+00,Martin,2026-04-24 05:09:21.148+00
2853,2,2026-04-25,12:00:00,"Andrés ",1567935333,true,20000,12:30:00,1,2026-04-24 10:13:45.384+00,"Andrés ",,,2026-04-24 10:13:45.384+00
2854,2,2026-04-24,16:30:00,"Mariano Salerno ",1165838101,true,20000,17:00:00,1,2026-04-24 12:21:40.482+00,"Mariano Salerno ",,,2026-04-24 12:21:40.482+00
2855,1,2026-04-25,12:30:00,Camilo,1165581998,true,20000,13:30:00,3,2026-04-24 12:48:29.149+00,Camilo,,,2026-04-24 12:48:29.149+00
2856,2,2026-04-25,11:00:00,"Horacio ",,true,20000,11:30:00,1,2026-04-24 13:04:10.045+00,Martin,,,2026-04-24 13:04:10.045+00
2857,1,2026-04-25,10:30:00,Nicolas Cejas,1138431853,true,25000,11:30:00,3,2026-04-24 13:29:34.697+00,Nicolas Cejas,,,2026-04-24 13:29:34.697+00
2858,2,2026-04-25,12:30:00,Juan Manuel Novo,1554145310,true,20000,13:00:00,1,2026-04-24 14:39:22.062+00,Juan Manuel Novo,,,2026-04-24 14:39:22.062+00
2859,1,2026-04-28,15:30:00,Facundo Leonardo,1122557731,true,22000,16:30:00,3,2026-04-24 14:57:31.53+00,Facundo Leonardo,,,2026-04-24 14:57:31.53+00
2860,1,2026-04-24,12:00:00,xde,,false,,13:00:00,3,2026-04-24 14:59:41.593+00,Facundo (Yayu),2026-04-24 20:06:53.574+00,Facundo (Yayu),2026-04-24 14:59:41.593+00
2861,2,2026-04-24,15:00:00,yayu,,false,,15:30:00,1,2026-04-24 15:33:39.063+00,Martin,2026-04-24 20:10:54.247+00,Martin,2026-04-24 15:33:39.063+00
2862,2,2026-04-25,15:00:00,Luca Gasparini,1134944526,true,20000,15:30:00,1,2026-04-24 16:05:18.529+00,Luca Gasparini,,,2026-04-24 16:05:18.529+00
2863,1,2026-04-25,15:00:00,LUCAS,1140816886,true,20000,15:30:00,5,2026-04-24 16:51:21.325+00,LUCAS,,,2026-04-24 16:51:21.325+00
2864,2,2026-04-25,19:00:00,Martin cianni,1164070414,true,20000,19:30:00,1,2026-04-24 17:53:59.848+00,Martin cianni,,,2026-04-24 17:53:59.848+00
2865,2,2026-04-25,15:30:00,Marcos Silva Mc Donald,1150294092,true,20000,16:00:00,1,2026-04-24 19:23:54.047+00,Marcos Silva Mc Donald,,,2026-04-24 19:23:54.047+00
2866,2,2026-04-25,10:30:00,nico,,true,25000,11:00:00,1,2026-04-24 20:36:49.236+00,Martin,,,2026-04-24 20:36:49.236+00
2867,2,2026-04-25,17:30:00,Jose maria schweizer,1160257332,true,20000,18:00:00,1,2026-04-24 21:42:28.581+00,Jose maria schweizer,,,2026-04-24 21:42:28.581+00
2868,2,2026-04-25,16:30:00,"Franco ",,true,25000,17:30:00,3,2026-04-24 21:50:26.266+00,Martin,,,2026-04-24 21:50:26.266+00
2869,1,2026-04-25,18:00:00,Tomas Guibaud,1155230055,true,20000,18:30:00,1,2026-04-24 22:49:52.906+00,Tomas Guibaud,,,2026-04-24 22:49:52.906+00
2870,2,2026-04-25,18:00:00,Santino Guibaud,1155230055,true,20000,19:00:00,3,2026-04-24 22:50:21.176+00,Santino Guibaud,,,2026-04-24 22:50:21.176+00
2871,1,2026-04-25,17:00:00,Martin,1131897109,true,20000,18:00:00,3,2026-04-24 22:52:33.19+00,Martin,,,2026-04-24 22:52:33.19+00
2872,2,2026-04-25,16:00:00,santino vernazza,1180591127,true,20000,16:30:00,1,2026-04-25 01:45:04.971+00,santino vernazza,,,2026-04-25 01:45:04.971+00
2873,1,2026-04-25,18:30:00,Federico Rusconi,1128074474,false,,19:30:00,3,2026-04-25 03:37:51.526+00,Federico Rusconi,2026-04-25 18:08:02.418+00,Federico Rusconi,2026-04-25 03:37:51.526+00
2874,2,2026-05-02,10:30:00,Guido Provinzano,1156450321,true,22000,11:00:00,1,2026-04-25 05:23:51.639+00,Guido Provinzano,,,2026-04-25 05:23:51.639+00
2875,2,2026-04-25,11:30:00,Juan,,true,20000,12:00:00,1,2026-04-25 12:55:43.737+00,Martin,,,2026-04-25 12:55:43.737+00
2876,1,2026-04-28,17:00:00,Nathan Gurny,1161102702,true,22000,17:30:00,1,2026-04-25 15:49:48.586+00,Nathan Gurny,,,2026-04-25 15:49:48.586+00
2877,1,2026-04-25,18:30:00,yayu,,false,,19:30:00,3,2026-04-25 19:36:00.684+00,Facundo (Yayu),2026-04-25 22:08:13.65+00,Facundo (Yayu),2026-04-25 19:36:00.684+00
2878,2,2026-04-28,15:30:00,Mateo,1157567561,true,22000,16:00:00,5,2026-04-26 16:23:57.929+00,Mateo,,,2026-04-26 16:23:57.929+00
2879,2,2026-04-28,12:30:00,tomas renosto,1167809628,false,,13:00:00,1,2026-04-26 23:29:02.373+00,tomas renosto,2026-04-27 22:13:37.341+00,tomas renosto,2026-04-26 23:29:02.373+00
2880,1,2026-04-29,10:30:00,Matías Bras Harriott,1158101100,false,,11:00:00,1,2026-04-27 00:43:10.162+00,Matías Bras Harriott,2026-04-27 00:44:22.717+00,Matías Bras Harriott,2026-04-27 00:43:10.162+00
2881,1,2026-04-30,10:30:00,Matías Bras Harriott,1158101100,true,22000,11:00:00,1,2026-04-27 00:45:06.692+00,Matías Bras Harriott,,,2026-04-27 00:45:06.692+00
2882,1,2026-04-28,17:30:00,Gian Labarile,1125732523,true,27000,18:30:00,3,2026-04-27 01:30:34.852+00,Gian Labarile,,,2026-04-27 01:30:34.852+00
2883,1,2026-04-28,12:00:00,Mateo Dodera,1167272468,true,27000,13:00:00,3,2026-04-27 14:33:15.768+00,Mateo Dodera,,,2026-04-27 14:33:15.768+00
2884,1,2026-05-01,11:00:00,David,1166866100,false,,11:30:00,5,2026-04-27 15:39:09.95+00,David,2026-04-28 17:55:03.253+00,Facundo (Yayu),2026-04-27 15:39:09.95+00
2885,1,2026-05-01,11:30:00,David,1166866100,false,,12:00:00,1,2026-04-27 15:39:30.468+00,David,2026-04-28 17:55:07.029+00,Facundo (Yayu),2026-04-27 15:39:30.468+00
2886,1,2026-04-28,11:00:00,Tomas wolfram,1136632852,true,25000,12:00:00,3,2026-04-27 17:59:25.146+00,Tomas wolfram,,,2026-04-27 17:59:25.146+00
2887,1,2026-04-28,18:30:00,Toto,1122454712,true,25000,19:30:00,3,2026-04-27 23:25:37.481+00,Toto,,,2026-04-27 23:25:37.481+00
2888,2,2026-04-28,10:30:00,"Reservado ",0000000000,false,,12:30:00,1,2026-04-28 01:19:39.847+00,Martin,2026-04-29 15:40:46.149+00,Martin,2026-04-28 01:19:39.847+00
2889,2,2026-04-28,16:00:00,"Theo Pejacsevich ",1160201053,false,,16:30:00,1,2026-04-28 02:38:46.402+00,"Theo Pejacsevich ",2026-04-28 13:47:38.71+00,"Theo Pejacsevich ",2026-04-28 02:38:46.402+00
2890,1,2026-04-28,10:30:00,Fscu,,false,,11:00:00,1,2026-04-28 09:47:45.545+00,Facundo (Yayu),2026-04-28 16:34:33.221+00,Facundo (Yayu),2026-04-28 09:47:45.545+00
2891,1,2026-04-28,15:00:00,Facu.,,false,,15:30:00,1,2026-04-28 09:47:59.469+00,Facundo (Yayu),2026-04-28 22:19:23.811+00,Facundo (Yayu),2026-04-28 09:47:59.469+00
2892,2,2026-05-01,15:00:00,1 de mayo,0000000000,false,,19:30:00,1,2026-04-28 09:49:51.604+00,Martin,2026-04-28 15:30:04.562+00,Martin,2026-04-28 09:49:51.604+00
2893,1,2026-05-01,10:30:00,1 de mayo,0000000000,false,,19:30:00,1,2026-04-28 09:50:36.25+00,Facundo (Yayu),,,2026-04-28 09:50:36.25+00
2894,2,2026-05-01,10:30:00,1 de mayo,0000000000,false,,19:30:00,1,2026-04-28 09:51:22.616+00,Martin,,,2026-04-28 09:51:22.616+00
2895,2,2026-04-29,15:30:00,Mariano Cianni,1164071911,true,22000,16:30:00,3,2026-04-28 13:24:23.572+00,Mariano Cianni,,,2026-04-28 13:24:23.572+00
2896,2,2026-04-29,19:00:00,Manuel Carmona,1139553393,true,22000,19:30:00,1,2026-04-28 13:36:28.913+00,Manuel Carmona,,,2026-04-28 13:36:28.913+00
2897,2,2026-05-02,19:00:00,"Seba ",,true,27000,19:30:00,1,2026-04-28 13:56:40.837+00,Martin,,,2026-04-28 13:56:40.837+00
2898,2,2026-04-28,16:00:00,fernando suris,,true,15000,16:30:00,1,2026-04-28 14:08:18.905+00,Martin,,,2026-04-28 14:08:18.905+00
2899,2,2026-04-28,19:00:00,"Bautista Flaquer ",1155791471,true,22000,19:30:00,1,2026-04-28 14:22:57.929+00,"Bautista Flaquer ",,,2026-04-28 14:22:57.929+00
2900,2,2026-04-29,18:30:00,Gonzalo Fragalá,1161831634,true,22000,19:00:00,1,2026-04-28 14:36:58.218+00,Gonzalo Fragalá,,,2026-04-28 14:36:58.218+00
2901,1,2026-04-28,16:30:00,leonard,,false,,17:00:00,1,2026-04-28 14:51:53.102+00,Facundo (Yayu),2026-04-28 22:19:28.081+00,Facundo (Yayu),2026-04-28 14:51:53.102+00
2902,1,2026-04-30,16:00:00,Nicolas Ferrari,1138450000,true,25000,16:30:00,1,2026-04-28 14:56:54.242+00,Nicolas Ferrari,,,2026-04-28 14:56:54.242+00
2903,1,2026-04-29,13:00:00,Andrés el más lindo,1132918233,false,,13:30:00,1,2026-04-28 15:01:39.49+00,Andrés el más lindo,,,2026-04-28 15:01:39.49+00
2904,1,2026-04-30,19:00:00,Manuel Torrente,1159460263,true,22000,19:30:00,1,2026-04-28 15:04:34.563+00,Manuel Torrente,,,2026-04-28 15:04:34.563+00
2905,1,2026-04-29,10:30:00,Alejandro Alcover,1158109997,true,22000,11:00:00,1,2026-04-28 15:45:09.844+00,Alejandro Alcover,,,2026-04-28 15:45:09.844+00
2906,2,2026-04-30,16:30:00,Juan Martin Gomez Delgado,1128842557,true,27000,17:30:00,3,2026-04-28 17:03:04.815+00,Juan Martin Gomez Delgado,,,2026-04-28 17:03:04.815+00
2907,2,2026-04-28,18:30:00,"Jorge ",1159304532,false,,19:00:00,1,2026-04-28 18:17:39.19+00,"Jorge ",2026-04-28 19:58:13.111+00,"Jorge ",2026-04-28 18:17:39.19+00
2908,1,2026-04-30,17:00:00,Federico Olivera,1158890445,true,22000,18:00:00,3,2026-04-28 19:02:46.048+00,Federico Olivera,,,2026-04-28 19:02:46.048+00
2909,2,2026-05-02,15:30:00,Marcos Monasterolo,1125683860,false,,16:00:00,1,2026-04-28 19:52:26.381+00,Marcos Monasterolo,,,2026-04-28 19:52:26.381+00
2910,2,2026-04-30,18:30:00,Juan cruz ledesma,1162720636,true,22000,19:00:00,1,2026-04-29 00:18:27.968+00,Juan cruz ledesma,,,2026-04-29 00:18:27.968+00
2911,1,2026-04-29,15:00:00,agus,1168756813,false,,16:00:00,3,2026-04-29 01:11:57.389+00,"Brian Soria ",,,2026-04-29 01:11:57.389+00
2912,2,2026-04-30,15:00:00,Gaston pablo Monasterolo,1132553153,true,22000,15:30:00,1,2026-04-29 10:44:37.915+00,Gaston pablo Monasterolo,,,2026-04-29 10:44:37.915+00
2913,2,2026-04-30,11:00:00,Alejandro Poluyan,1167935666,true,22000,11:30:00,1,2026-04-29 11:52:14.006+00,Alejandro Poluyan,,,2026-04-29 11:52:14.006+00
2914,2,2026-04-29,10:30:00,.,0000000000,false,,13:00:00,1,2026-04-29 11:59:27.308+00,Martin,2026-04-29 15:40:41.548+00,Martin,2026-04-29 11:59:27.308+00
2915,2,2026-04-29,15:00:00,Luciano Sentinelli,5492995238,true,22000,15:30:00,1,2026-04-29 12:25:36.616+00,Luciano Sentinelli,,,2026-04-29 12:25:36.616+00
2916,1,2026-04-30,12:00:00,Agus Dodera,1150398159,true,22000,12:30:00,1,2026-04-29 12:55:42.344+00,Agus Dodera,,,2026-04-29 12:55:42.344+00
2917,2,2026-04-29,17:30:00,Marco,1152291146,true,22000,18:00:00,1,2026-04-29 13:27:39.63+00,Marco,,,2026-04-29 13:27:39.63+00
2918,1,2026-04-29,19:00:00,rama,,false,,19:30:00,1,2026-04-29 14:31:48.759+00,Facundo (Yayu),2026-04-30 13:59:15.77+00,Facundo (Yayu),2026-04-29 14:31:48.759+00
2919,1,2026-05-02,10:30:00,Flavio Matias de Benedetti,1134755495,true,20000,11:00:00,1,2026-04-29 14:34:37.784+00,Flavio Matias de Benedetti,,,2026-04-29 14:34:37.784+00
2920,1,2026-05-02,11:00:00,Cristian Anzaldo,1168272839,true,22000,12:00:00,3,2026-04-29 14:48:42.497+00,Cristian Anzaldo,,,2026-04-29 14:48:42.497+00
2921,1,2026-04-29,12:00:00,Juani,1169700431,false,,13:00:00,3,2026-04-29 14:57:53.444+00,Juani,2026-04-29 15:53:39.568+00,Facundo (Yayu),2026-04-29 14:57:53.444+00
2922,2,2026-04-30,17:30:00,"felix pota ",1161587851,false,,18:00:00,1,2026-04-29 15:14:48.557+00,"felix pota ",2026-04-30 13:22:12.136+00,"felix pota ",2026-04-29 15:14:48.557+00
2923,2,2026-04-29,18:00:00,Gianlucavernazza99@gmail.com,1165861050,true,22000,18:30:00,1,2026-04-29 15:54:02.1+00,Gianlucavernazza99@gmail.com,,,2026-04-29 15:54:02.1+00
2924,2,2026-04-29,17:00:00,"santino dandrea ",1140800976,false,,17:30:00,1,2026-04-29 16:11:23.741+00,"santino dandrea ",2026-04-29 19:53:12.326+00,Martin,2026-04-29 16:11:23.741+00
2925,2,2026-04-30,18:00:00,"Martino Garcia ",1153873466,true,22000,18:30:00,1,2026-04-29 17:22:43.814+00,"Martino Garcia ",,,2026-04-29 17:22:43.814+00
2926,1,2026-04-29,16:00:00,agus,,false,,16:30:00,1,2026-04-29 17:28:35.687+00,Facundo (Yayu),2026-04-29 17:36:17.864+00,Facundo (Yayu),2026-04-29 17:28:35.687+00
2927,1,2026-05-02,13:00:00,nacho,1155926103,false,,13:30:00,1,2026-04-29 17:32:38.213+00,nacho,,,2026-04-29 17:32:38.213+00
2928,2,2026-04-29,16:30:00,Theo Mac Allister,1125293903,false,,17:00:00,1,2026-04-29 17:39:35.049+00,Theo Mac Allister,2026-04-29 19:53:08.171+00,Martin,2026-04-29 17:39:35.049+00
2929,1,2026-05-02,11:30:00,David Levy,1135693197,false,,12:00:00,1,2026-04-29 17:42:35.727+00,David Levy,2026-05-02 04:08:48.383+00,David Levy,2026-04-29 17:42:35.727+00
2930,2,2026-05-02,11:00:00,Nicolas Ojeda,1164849781,true,22000,11:30:00,1,2026-04-29 18:24:04.538+00,Nicolas Ojeda,,,2026-04-29 18:24:04.538+00
2931,1,2026-05-02,18:30:00,Federico Rusconi,1128074474,true,20000,19:30:00,3,2026-04-29 20:42:16.535+00,Federico Rusconi,,,2026-04-29 20:42:16.535+00
2932,1,2026-04-30,12:30:00,RODRIGUEZ LAUTARO ALEJO,2235444775,true,25000,13:30:00,3,2026-04-29 20:53:05.766+00,RODRIGUEZ LAUTARO ALEJO,,,2026-04-29 20:53:05.766+00
2933,2,2026-04-30,10:30:00,"Ivo  Holzknecht ",1140505885,true,22000,11:00:00,1,2026-04-29 23:21:06.295+00,"Ivo  Holzknecht ",,,2026-04-29 23:21:06.295+00
2934,1,2026-04-30,15:00:00,RAMAAA,1176105314,false,,15:30:00,1,2026-04-29 23:28:32.769+00,RAMAAA,2026-04-30 22:42:40.139+00,Facundo (Yayu),2026-04-29 23:28:32.769+00
2935,2,2026-04-30,19:00:00,"Rodri ",,false,,19:30:00,1,2026-04-29 23:43:53.911+00,Martin,2026-04-30 22:17:59.833+00,Martin,2026-04-29 23:43:53.911+00
2936,1,2026-04-30,18:30:00,Juan Manuel Ottaviano,1127195413,true,22000,19:00:00,1,2026-04-30 00:36:04.626+00,Juan Manuel Ottaviano,,,2026-04-30 00:36:04.626+00
2937,2,2026-04-30,12:00:00,Leonel Ghersi,1134925200,true,22000,12:30:00,1,2026-04-30 00:43:16.339+00,Leonel Ghersi,,,2026-04-30 00:43:16.339+00
2938,2,2026-04-30,12:30:00,Felipe,1137973201,false,,13:30:00,3,2026-04-30 01:23:47.825+00,Felipe,2026-04-30 13:16:02.552+00,Martin,2026-04-30 01:23:47.825+00
2939,1,2026-04-30,18:00:00,"Martín ",1157802589,true,22000,18:30:00,1,2026-04-30 02:29:52.148+00,"Martín ",,,2026-04-30 02:29:52.148+00
2940,2,2026-05-02,13:00:00,"Sebastian ",1144781070,true,22000,13:30:00,1,2026-04-30 10:21:12.919+00,"Sebastian ",,,2026-04-30 10:21:12.919+00
2941,2,2026-05-02,16:30:00,"bautista cortigiani ",1127873050,true,27000,17:30:00,3,2026-04-30 10:48:06.498+00,"bautista cortigiani ",,,2026-04-30 10:48:06.498+00
2942,2,2026-05-02,12:00:00,Simon Conde,1161397943,false,,12:30:00,1,2026-04-30 10:55:28.165+00,Simon Conde,,,2026-04-30 10:55:28.165+00
2943,1,2026-04-30,16:30:00,"Tomás D’Aversa ",1169608371,true,22000,17:00:00,1,2026-04-30 11:07:40.582+00,"Tomás D’Aversa ",,,2026-04-30 11:07:40.582+00
2944,1,2026-04-30,15:30:00,Luciano López,1140990375,true,22000,16:00:00,1,2026-04-30 12:49:26.681+00,Luciano López,,,2026-04-30 12:49:26.681+00
2945,2,2026-05-02,11:30:00,Mariano,1161397943,false,,12:00:00,1,2026-04-30 13:30:54.376+00,Mariano,,,2026-04-30 13:30:54.376+00
2946,1,2026-05-02,12:00:00,Tomas di chiara,1139027851,false,,13:00:00,3,2026-04-30 13:43:03.716+00,Tomas di chiara,2026-05-01 20:25:51.91+00,Tomas di chiara,2026-04-30 13:43:03.716+00
2947,2,2026-04-30,15:30:00,Mark,1158954348,false,,16:00:00,1,2026-04-30 15:33:44.669+00,Mark,2026-04-30 19:51:23.17+00,Martin,2026-04-30 15:33:44.669+00
2948,1,2026-05-02,17:00:00,David,1166866100,true,20000,17:30:00,1,2026-04-30 16:38:00.861+00,David,,,2026-04-30 16:38:00.861+00
2949,1,2026-05-02,18:00:00,federico frutos,1126146441,true,22000,18:30:00,1,2026-04-30 17:04:35.717+00,federico frutos,,,2026-04-30 17:04:35.717+00
2950,2,2026-04-30,17:30:00,Juan Migueres,1141746295,true,22000,18:00:00,1,2026-04-30 19:10:54.891+00,Juan Migueres,,,2026-04-30 19:10:54.891+00
2951,1,2026-05-02,15:00:00,Francisco Andino,1167261446,true,22000,15:30:00,1,2026-04-30 19:39:36.077+00,Francisco Andino,,,2026-04-30 19:39:36.077+00
2952,2,2026-05-06,17:30:00,"Nicolás Niro ",1139422067,false,,18:00:00,1,2026-04-30 21:50:52.112+00,"Nicolás Niro ",2026-05-06 19:50:04.499+00,"Nicolás Niro ",2026-04-30 21:50:52.112+00
2953,1,2026-05-02,16:00:00,Cifu,1141696938,true,22000,16:30:00,1,2026-05-01 01:17:01.997+00,Cifu,,,2026-05-01 01:17:01.997+00
2954,2,2026-05-02,15:00:00,Diego Richard,1160552804,true,22000,15:30:00,1,2026-05-01 03:00:15.182+00,Diego Richard,,,2026-05-01 03:00:15.182+00
2955,1,2026-05-02,15:30:00,Jorge,1159304532,true,22000,16:00:00,1,2026-05-01 17:22:09.769+00,Jorge,,,2026-05-01 17:22:09.769+00
2956,2,2026-05-05,18:00:00,Coco,1133020000,true,22000,19:00:00,3,2026-05-01 18:25:34.258+00,Coco,,,2026-05-01 18:25:34.258+00
2957,2,2026-05-05,19:00:00,Jero,1133020000,true,22000,19:30:00,1,2026-05-01 18:26:56.167+00,Jero,,,2026-05-01 18:26:56.167+00
2958,2,2026-05-02,12:30:00,Felipe Beliera,1128820008,true,22000,13:00:00,1,2026-05-01 18:38:26.149+00,Felipe Beliera,,,2026-05-01 18:38:26.149+00
2959,1,2026-05-02,12:00:00,"Sebastian ",1167973180,true,27000,13:00:00,3,2026-05-01 20:28:00.071+00,"Sebastian ",,,2026-05-01 20:28:00.071+00
2960,2,2026-05-02,16:00:00,Felix pota Strauss,1161587851,true,22000,16:30:00,1,2026-05-01 21:33:12.926+00,Felix pota Strauss,,,2026-05-01 21:33:12.926+00
2961,2,2026-05-02,17:30:00,dante garay,1151525750,true,22000,18:00:00,1,2026-05-01 23:19:49.96+00,dante garay,,,2026-05-01 23:19:49.96+00
2962,2,2026-05-02,18:30:00,"Theo ",1125293903,true,20000,19:00:00,1,2026-05-02 04:05:23.612+00,"Theo ",,,2026-05-02 04:05:23.612+00
2963,2,2026-05-02,18:00:00,santiago cid,1162381265,true,22000,18:30:00,1,2026-05-02 05:23:02.32+00,santiago cid,,,2026-05-02 05:23:02.32+00
2964,1,2026-05-02,16:30:00,"Ignacio Estivill ",1121652618,true,22000,17:00:00,1,2026-05-02 06:13:11.297+00,"Ignacio Estivill ",,,2026-05-02 06:13:11.297+00
2965,1,2026-05-02,17:30:00,Jonathan Zagni,1558893746,true,22000,18:00:00,1,2026-05-02 11:46:11.739+00,Jonathan Zagni,,,2026-05-02 11:46:11.739+00
2966,2,2026-05-05,17:30:00,"Leon matias ",1156305538,true,22000,18:00:00,1,2026-05-02 13:41:28.301+00,"Leon matias ",,,2026-05-02 13:41:28.301+00
2967,2,2026-05-29,10:30:00,"Guido Provinzano ",1156450321,false,,11:00:00,1,2026-05-02 22:31:02.147+00,"Guido Provinzano ",2026-05-21 20:07:52.937+00,"Guido Provinzano ",2026-05-02 22:31:02.147+00
2968,1,2026-05-05,18:00:00,Pedro Izuel,1157231859,true,22000,19:00:00,3,2026-05-03 15:59:14.591+00,Pedro Izuel,,,2026-05-03 15:59:14.591+00
2969,1,2026-05-05,10:30:00,Bytu,1138154401,true,27000,11:30:00,3,2026-05-04 00:18:14.125+00,Bytu,,,2026-05-04 00:18:14.125+00
2970,1,2026-05-06,19:00:00,German Vita,1151169882,true,22000,19:30:00,1,2026-05-04 12:16:36.38+00,German Vita,,,2026-05-04 12:16:36.38+00
2971,1,2026-05-21,10:30:00,Santiago Lacuara,1133261738,true,22000,11:30:00,3,2026-05-04 14:38:59.681+00,Santiago Lacuara,,,2026-05-04 14:38:59.681+00
2972,1,2026-05-07,15:00:00,Lautaro Alberti,1162326531,true,22000,15:30:00,1,2026-05-04 17:09:00.62+00,Lautaro Alberti,,,2026-05-04 17:09:00.62+00
2973,1,2026-05-07,17:00:00,fran grippo,1138301019,true,22000,17:30:00,1,2026-05-04 17:46:21.726+00,fran grippo,,,2026-05-04 17:46:21.726+00
2974,2,2026-05-05,16:00:00,Pipe,1131342275,true,22000,16:30:00,1,2026-05-04 21:21:43.757+00,Pipe,,,2026-05-04 21:21:43.757+00
2975,1,2026-05-05,12:30:00,Julian,1137922002,true,22000,14:00:00,3,2026-05-04 22:40:35.687+00,Julian,,,2026-05-04 22:40:35.687+00
2976,1,2026-05-05,11:30:00,nicolas grasso,1122996333,true,27000,12:30:00,3,2026-05-05 01:03:12.62+00,nicolas grasso,,,2026-05-05 01:03:12.62+00
2977,2,2026-05-05,10:30:00,"Reservado ",0000000000,false,,15:00:00,1,2026-05-05 10:52:54.395+00,Martin,2026-05-06 14:20:58.959+00,Martin,2026-05-05 10:52:54.395+00
2978,2,2026-05-07,15:00:00,Bautista Suarez,1136091166,false,,15:30:00,1,2026-05-05 11:52:18.672+00,Bautista Suarez,2026-05-06 17:30:19.583+00,Bautista Suarez,2026-05-05 11:52:18.672+00
2979,1,2026-05-07,12:30:00,Pupi,1136274242,true,27000,13:30:00,3,2026-05-05 12:19:27.798+00,Pupi,,,2026-05-05 12:19:27.798+00
2980,1,2026-05-05,19:00:00,Marian,,false,,19:30:00,1,2026-05-05 13:07:55.659+00,Facundo (Yayu),2026-05-05 22:53:51.123+00,Facundo (Yayu),2026-05-05 13:07:55.659+00
2981,2,2026-05-05,15:00:00,Esteban Gelormini,1165016970,true,27000,16:00:00,3,2026-05-05 14:00:04.783+00,Esteban Gelormini,,,2026-05-05 14:00:04.783+00
2982,1,2026-05-06,11:00:00,Sir Francis di marinangeli,1126430079,true,22000,11:30:00,5,2026-05-05 15:13:38.203+00,Sir Francis di marinangeli,,,2026-05-05 15:13:38.203+00
2983,1,2026-05-06,11:30:00,"Santiago Gonzalez ",1126430079,true,22000,12:00:00,1,2026-05-05 15:15:21.854+00,"Santiago Gonzalez ",,,2026-05-05 15:15:21.854+00
2984,2,2026-05-05,16:30:00,"Pricolo Nicolás ",1122857867,true,22000,17:00:00,1,2026-05-05 15:37:28.175+00,"Pricolo Nicolás ",,,2026-05-05 15:37:28.175+00
2985,2,2026-05-07,18:30:00,fulbo,1160003483,false,,19:30:00,3,2026-05-05 16:17:30.456+00,Tomas Batistella,2026-05-07 22:03:23.155+00,Martin,2026-05-05 16:17:30.456+00
2986,1,2026-05-06,18:30:00,Federico Mattei,1133456487,true,27000,19:00:00,1,2026-05-05 16:44:19.8+00,Federico Mattei,,,2026-05-05 16:44:19.8+00
2987,2,2026-05-07,18:00:00,Alejandro Fragala,1133960717,false,,19:00:00,3,2026-05-05 17:28:38.153+00,Alejandro Fragala,2026-05-07 17:53:48.74+00,Alejandro Fragala,2026-05-05 17:28:38.153+00
2988,1,2026-05-09,10:30:00,Espejito,1157589495,false,,11:30:00,3,2026-05-05 18:29:21.837+00,Espejito,2026-05-09 22:16:32.472+00,Facundo (Yayu),2026-05-05 18:29:21.837+00
2989,2,2026-05-05,17:00:00,Nicolás pricolo,1122857867,false,,17:30:00,1,2026-05-05 18:43:40.651+00,Nicolás pricolo,2026-05-05 18:56:06.516+00,Martin,2026-05-05 18:43:40.651+00
2990,1,2026-05-05,17:00:00,Ramiro nasif,1122518748,true,27000,18:00:00,3,2026-05-05 19:05:36.44+00,Ramiro nasif,,,2026-05-05 19:05:36.44+00
2991,2,2026-05-06,19:00:00,Nicolas Diedrichs,1123290680,true,22000,19:30:00,1,2026-05-05 19:15:03.994+00,Nicolas Diedrichs,,,2026-05-05 19:15:03.994+00
2992,2,2026-05-05,17:00:00,SERGIO,1158932353,true,15000,17:30:00,2,2026-05-05 19:20:23.875+00,SERGIO,,,2026-05-05 19:20:23.875+00
2993,2,2026-05-08,18:30:00,"titi batistella ",1132024257,true,22000,19:00:00,1,2026-05-05 20:15:51.8+00,"titi batistella ",,,2026-05-05 20:15:51.8+00
2994,1,2026-05-07,17:30:00,Luciano Dodera,1159649066,true,22000,18:30:00,3,2026-05-05 20:54:25.919+00,Luciano Dodera,,,2026-05-05 20:54:25.919+00
2995,2,2026-05-06,11:30:00,Rodri larre,1130403257,true,22000,12:00:00,1,2026-05-05 21:07:23.868+00,Rodri larre,,,2026-05-05 21:07:23.868+00
2996,2,2026-05-08,15:30:00,"Bautista ciminieri ",1167472367,true,22000,16:30:00,3,2026-05-05 21:22:52.638+00,"Bautista ciminieri ",,,2026-05-05 21:22:52.638+00
2997,2,2026-05-08,10:30:00,Federico Conde,1158039075,false,,11:30:00,3,2026-05-05 21:35:53.184+00,Federico Conde,2026-05-08 14:01:47.954+00,Martin,2026-05-05 21:35:53.184+00
2998,1,2026-05-07,15:30:00,ignacio,1155926103,true,22000,16:00:00,1,2026-05-05 22:53:33.178+00,ignacio,,,2026-05-05 22:53:33.178+00
2999,1,2026-05-09,12:30:00,Martin,1562714575,true,22000,13:00:00,1,2026-05-06 00:58:47.465+00,Martin,,,2026-05-06 00:58:47.465+00
3000,1,2026-05-06,10:30:00,Facu,,false,,11:00:00,1,2026-05-06 01:05:35.55+00,Facundo (Yayu),2026-05-06 17:38:47.676+00,Facundo (Yayu),2026-05-06 01:05:35.55+00
3001,2,2026-05-08,13:00:00,Francisco Poluyan,2494001261,false,,13:30:00,1,2026-05-06 01:42:37.792+00,Francisco Poluyan,2026-05-08 00:15:07.891+00,Francisco Poluyan,2026-05-06 01:42:37.792+00
3002,1,2026-05-08,12:30:00,Jonatan Soria,1135598966,true,22000,13:30:00,3,2026-05-06 03:33:26.572+00,Jonatan Soria,,,2026-05-06 03:33:26.572+00
3003,2,2026-05-06,10:30:00,"Reservado ",,false,,11:30:00,3,2026-05-06 03:45:57.593+00,Martin,2026-05-06 14:20:54.719+00,Martin,2026-05-06 03:45:57.593+00
3004,2,2026-05-07,10:30:00,Nico b,,false,,11:30:00,3,2026-05-06 03:48:46.262+00,Martin,2026-05-06 22:44:37.442+00,Martin,2026-05-06 03:48:46.262+00
3005,2,2026-05-06,13:00:00,Rodrigo Salgado,1153323810,true,22000,13:30:00,1,2026-05-06 06:25:40.413+00,Rodrigo Salgado,,,2026-05-06 06:25:40.413+00
3006,1,2026-05-08,15:30:00,nicolas de santis,1137802778,true,22000,16:00:00,1,2026-05-06 11:02:01.94+00,nicolas de santis,,,2026-05-06 11:02:01.94+00
3007,1,2026-05-08,18:00:00,nahuel noguera,1132136910,true,22000,19:00:00,3,2026-05-06 13:06:09.796+00,nahuel noguera,,,2026-05-06 13:06:09.796+00
3008,2,2026-05-08,18:00:00,"Juan Parizzia ",1166594532,true,22000,18:30:00,1,2026-05-06 13:14:52.539+00,"Juan Parizzia ",,,2026-05-06 13:14:52.539+00
3009,1,2026-05-07,18:30:00,Fulbo,,false,,19:30:00,3,2026-05-06 13:21:24.963+00,Facundo (Yayu),2026-05-07 22:02:11.251+00,Facundo (Yayu),2026-05-06 13:21:24.963+00
3010,2,2026-05-08,17:00:00,"tomas batistella ",1160003483,true,22000,17:30:00,1,2026-05-06 13:26:22.558+00,"tomas batistella ",,,2026-05-06 13:26:22.558+00
3011,1,2026-05-08,19:00:00,German,1169711380,true,22000,19:30:00,1,2026-05-06 14:18:58.257+00,German,,,2026-05-06 14:18:58.257+00
3012,2,2026-05-06,12:00:00,Felipe,1137973201,true,22000,12:30:00,1,2026-05-06 14:30:19.225+00,Felipe,,,2026-05-06 14:30:19.225+00
3013,1,2026-05-09,11:30:00,Yamil Dib,1135896290,true,27000,12:30:00,3,2026-05-06 14:36:47.514+00,Yamil Dib,,,2026-05-06 14:36:47.514+00
3014,2,2026-05-06,12:30:00,Juan Pablo,1157649922,true,22000,13:00:00,1,2026-05-06 14:52:41.826+00,Juan Pablo,,,2026-05-06 14:52:41.826+00
3015,1,2026-05-07,16:00:00,alquiler,,false,,17:00:00,3,2026-05-06 16:35:05.302+00,Facundo (Yayu),2026-05-07 22:01:57.545+00,Facundo (Yayu),2026-05-06 16:35:05.302+00
3016,1,2026-05-07,16:00:00,alquiler,,false,,17:00:00,3,2026-05-06 16:35:08.716+00,Facundo (Yayu),2026-05-07 22:02:00.668+00,Facundo (Yayu),2026-05-06 16:35:08.716+00
3017,1,2026-05-06,16:30:00,Pablo,1131626589,false,,17:00:00,1,2026-05-06 16:57:32.04+00,Pablo,2026-05-06 17:52:43.694+00,Pablo,2026-05-06 16:57:32.04+00
3018,1,2026-05-09,15:00:00,Santiago Zanier,1133300413,true,22000,15:30:00,1,2026-05-06 17:06:38.46+00,Santiago Zanier,,,2026-05-06 17:06:38.46+00
3019,2,2026-05-06,15:00:00,Estoy re loco,,false,,15:30:00,1,2026-05-06 17:15:03.029+00,Martin,2026-05-06 22:42:57.587+00,Martin,2026-05-06 17:15:03.029+00
3020,1,2026-05-06,15:00:00,facu,,false,,15:30:00,1,2026-05-06 17:15:08.476+00,Facundo (Yayu),2026-05-09 19:18:05.265+00,Facundo (Yayu),2026-05-06 17:15:08.476+00
3021,1,2026-05-07,12:00:00,santiago pérez marin,1125608874,false,,12:30:00,1,2026-05-06 17:22:23.766+00,santiago pérez marin,2026-05-07 12:00:51.267+00,santiago pérez marin,2026-05-06 17:22:23.766+00
3022,1,2026-05-08,17:30:00,"Lucas Rodríguez Peluso ",1554931688,true,22000,18:00:00,1,2026-05-06 19:00:30.546+00,"Lucas Rodríguez Peluso ",,,2026-05-06 19:00:30.546+00
3023,2,2026-05-07,17:30:00,"Diego ",1169733928,true,22000,18:00:00,1,2026-05-06 19:20:07.6+00,"Diego ",,,2026-05-06 19:20:07.6+00
3024,2,2026-05-06,18:30:00,puerta,,true,22000,19:00:00,1,2026-05-06 21:56:42.167+00,Martin,,,2026-05-06 21:56:42.167+00
3025,2,2026-05-07,11:30:00,nico b,,true,27000,12:30:00,3,2026-05-06 22:44:31.418+00,Martin,,,2026-05-06 22:44:31.418+00
3026,2,2026-05-07,16:30:00,Facundo donegana,1164210981,false,,17:00:00,1,2026-05-07 01:29:10.594+00,Facundo donegana,2026-05-07 15:05:25.384+00,Facundo donegana,2026-05-07 01:29:10.594+00
3027,2,2026-05-09,15:00:00,RAMIRO GOMEZ DELGADO,1128842356,true,27000,16:00:00,3,2026-05-07 02:38:46.621+00,RAMIRO GOMEZ DELGADO,,,2026-05-07 02:38:46.621+00
3028,2,2026-05-07,13:00:00,Tizi,,false,,13:30:00,1,2026-05-07 11:01:09.436+00,Martin,2026-05-07 14:07:01.502+00,Martin,2026-05-07 11:01:09.436+00
3029,2,2026-05-07,10:30:00,Benja,,false,,11:30:00,3,2026-05-07 12:27:23.471+00,Martin,2026-05-07 14:03:03.323+00,Martin,2026-05-07 12:27:23.471+00
3030,2,2026-05-09,10:30:00,Cristian,1558969613,true,22000,11:00:00,1,2026-05-07 12:53:46.785+00,Cristian,,,2026-05-07 12:53:46.785+00
3031,2,2026-05-09,11:00:00,Dante,1558969613,true,22000,11:30:00,5,2026-05-07 12:54:07.529+00,Dante,,,2026-05-07 12:54:07.529+00
3032,1,2026-05-07,12:00:00,Tomas di chiara,1139027851,true,22000,12:30:00,1,2026-05-07 14:28:00.477+00,Tomas di chiara,,,2026-05-07 14:28:00.477+00
3033,2,2026-05-08,19:00:00,"Lucas ",1166751794,true,27000,19:30:00,1,2026-05-07 14:28:54.445+00,"Lucas ",,,2026-05-07 14:28:54.445+00
3034,2,2026-05-07,16:00:00,"Facundo donegana ",1164210981,true,22000,16:30:00,1,2026-05-07 15:06:09.458+00,"Facundo donegana ",,,2026-05-07 15:06:09.458+00
3035,2,2026-05-07,13:00:00,tizi,,false,,13:30:00,1,2026-05-07 15:06:44.836+00,Martin,2026-05-07 17:03:40.816+00,Martin,2026-05-07 15:06:44.836+00
3036,1,2026-05-08,15:00:00,Matias Carrete,1162312699,true,22000,15:30:00,1,2026-05-07 15:11:57.251+00,Matias Carrete,,,2026-05-07 15:11:57.251+00
3037,2,2026-05-07,15:00:00,"Máximo Millet ",1164635167,true,22000,16:00:00,3,2026-05-07 16:00:44.057+00,"Máximo Millet ",,,2026-05-07 16:00:44.057+00
3038,1,2026-05-12,15:00:00,Santiago Natale,1151753906,true,22000,15:30:00,1,2026-05-07 16:13:04.747+00,Santiago Natale,,,2026-05-07 16:13:04.747+00
3039,2,2026-05-07,17:00:00,Bautista Suarez,1136091166,true,22000,17:30:00,1,2026-05-07 16:17:00.901+00,Bautista Suarez,,,2026-05-07 16:17:00.901+00
3040,2,2026-05-07,16:30:00,Agustin Damico,1122579911,true,22000,17:00:00,1,2026-05-07 16:57:32.884+00,Agustin Damico,,,2026-05-07 16:57:32.884+00
3041,2,2026-05-09,18:30:00,Matias,1168684723,true,22000,19:30:00,3,2026-05-07 17:01:35.639+00,Matias,,,2026-05-07 17:01:35.639+00
3042,1,2026-05-09,16:00:00,Leandro Sosa,1167036563,true,22000,16:30:00,1,2026-05-07 17:06:08.537+00,Leandro Sosa,,,2026-05-07 17:06:08.537+00
3043,2,2026-05-08,15:00:00,"Francisco Pascuzzi Serra ",1158562504,false,,15:30:00,1,2026-05-07 17:41:16.684+00,"Francisco Pascuzzi Serra ",2026-05-07 17:42:31.335+00,"Francisco Pascuzzi Serra ",2026-05-07 17:41:16.684+00
3044,2,2026-05-08,16:30:00,"Francisco Pascuzzi Serra ",1158562504,false,,17:00:00,1,2026-05-07 17:43:07.801+00,"Francisco Pascuzzi Serra ",2026-05-07 20:13:50.452+00,"Francisco Pascuzzi Serra ",2026-05-07 17:43:07.801+00
3045,1,2026-05-08,17:00:00,pablo Sobrero,1131626589,true,22000,17:30:00,1,2026-05-07 17:43:28.638+00,pablo Sobrero,,,2026-05-07 17:43:28.638+00
3046,1,2026-05-08,16:00:00,Santiago Nadin,1155634941,true,22000,16:30:00,1,2026-05-07 18:14:23.587+00,Santiago Nadin,,,2026-05-07 18:14:23.587+00
3047,2,2026-05-09,12:00:00,"Matías melnik ",1173670297,true,22000,12:30:00,1,2026-05-07 18:21:43.576+00,"Matías melnik ",,,2026-05-07 18:21:43.576+00
3048,1,2026-05-14,18:00:00,Juanchi Parrado,1167426777,true,22000,18:30:00,1,2026-05-07 19:33:50.906+00,Juanchi Parrado,,,2026-05-07 19:33:50.906+00
3049,2,2026-05-07,18:00:00,"Francisco Pascuzzi Serra ",1158562504,true,22000,18:30:00,1,2026-05-07 20:14:24.372+00,"Francisco Pascuzzi Serra ",,,2026-05-07 20:14:24.372+00
3050,1,2026-05-09,16:30:00,Tomas mendonca,1159135961,true,27000,17:30:00,3,2026-05-07 21:06:17.28+00,Tomas mendonca,,,2026-05-07 21:06:17.28+00
3051,2,2026-05-09,16:00:00,Marcos Monasterolo,1125683860,true,22000,16:30:00,1,2026-05-07 22:54:09.26+00,Marcos Monasterolo,,,2026-05-07 22:54:09.26+00
3052,1,2026-05-09,13:00:00,Salvador db,1134264208,true,22000,13:30:00,1,2026-05-07 23:57:40.025+00,Salvador db,,,2026-05-07 23:57:40.025+00
3053,2,2026-05-09,13:00:00,Christian db,1134264208,true,22000,13:30:00,1,2026-05-08 00:00:41.01+00,Christian db,,,2026-05-08 00:00:41.01+00
3054,2,2026-05-08,15:00:00,Francisco Poluyan,2494001261,true,22000,15:30:00,1,2026-05-08 00:14:24.975+00,Francisco Poluyan,,,2026-05-08 00:14:24.975+00
3055,2,2026-05-08,17:30:00,Tomas sanin,1161416865,true,22000,18:00:00,1,2026-05-08 10:32:50.34+00,Tomas sanin,,,2026-05-08 10:32:50.34+00
3056,1,2026-05-08,16:30:00,"Galo codini ",1165840032,true,22000,17:00:00,1,2026-05-08 10:33:33.956+00,"Galo codini ",,,2026-05-08 10:33:33.956+00
3057,2,2026-05-08,16:30:00,"TOMAS Vila ",1158779176,true,22000,17:00:00,1,2026-05-08 10:34:25.058+00,"TOMAS Vila ",,,2026-05-08 10:34:25.058+00
3058,1,2026-05-08,12:00:00,Bruno,1158511308,true,27000,12:30:00,1,2026-05-08 11:56:20.712+00,Bruno,,,2026-05-08 11:56:20.712+00
3059,1,2026-05-08,10:30:00,Facu,,false,,11:30:00,3,2026-05-08 12:04:46.622+00,Facundo (Yayu),2026-05-08 19:44:57.955+00,Facundo (Yayu),2026-05-08 12:04:46.622+00
3060,2,2026-05-08,13:00:00,Mark,1158954348,true,22000,13:30:00,1,2026-05-08 12:05:26.814+00,Mark,,,2026-05-08 12:05:26.814+00
3061,2,2026-05-09,12:30:00,Marcelo Diedrichs,1123290680,true,22000,13:00:00,1,2026-05-08 12:41:25.533+00,Marcelo Diedrichs,,,2026-05-08 12:41:25.533+00
3062,2,2026-05-08,11:00:00,Fede,,false,,12:00:00,3,2026-05-08 13:24:46.75+00,Martin,2026-05-08 14:54:24.89+00,Martin,2026-05-08 13:24:46.75+00
3063,2,2026-05-08,12:00:00,Roberto Schrader,1135860592,true,22000,13:00:00,3,2026-05-08 13:35:11.149+00,Roberto Schrader,,,2026-05-08 13:35:11.149+00
3064,1,2026-05-09,17:30:00,Teo Quattrocchi,1156691735,false,,18:30:00,3,2026-05-08 13:44:01.033+00,Teo Quattrocchi,2026-05-09 17:39:27.786+00,Teo Quattrocchi,2026-05-08 13:44:01.033+00
3065,1,2026-05-09,15:30:00,Tomás Smeriglio,1133241173,true,22000,16:00:00,1,2026-05-08 13:54:20.071+00,Tomás Smeriglio,,,2026-05-08 13:54:20.071+00
3066,2,2026-05-09,11:30:00,Lucho,1166178760,true,22000,12:00:00,1,2026-05-08 13:55:30.42+00,Lucho,,,2026-05-08 13:55:30.42+00
3067,1,2026-05-09,19:00:00,Tincho,1166178760,true,22000,19:30:00,1,2026-05-08 13:56:04.444+00,Tincho,,,2026-05-08 13:56:04.444+00
3068,2,2026-05-09,16:30:00,Martin,1130424419,true,22000,17:00:00,1,2026-05-08 15:51:14.603+00,Martin,,,2026-05-08 15:51:14.603+00
3069,1,2026-05-09,18:30:00,Jorge sanchez,1167261296,true,22000,19:00:00,1,2026-05-08 19:07:34.206+00,Jorge sanchez,,,2026-05-08 19:07:34.206+00
3070,2,2026-05-09,17:00:00,Tomás Miranda,1128474900,true,22000,17:30:00,1,2026-05-08 19:25:34.463+00,Tomás Miranda,,,2026-05-08 19:25:34.463+00
3071,2,2026-05-12,18:30:00,Felipe Mauric,1170321130,true,22000,19:00:00,1,2026-05-08 19:55:13.516+00,Felipe Mauric,,,2026-05-08 19:55:13.516+00
3072,1,2026-05-12,17:00:00,Gonzalo Cacetta,1138992748,true,22000,18:00:00,3,2026-05-08 22:55:27.572+00,Gonzalo Cacetta,,,2026-05-08 22:55:27.572+00
3073,2,2026-05-09,19:00:00,Marcos biagini,1126280420,false,,19:30:00,1,2026-05-09 00:43:27.713+00,Marcos biagini,2026-05-09 15:28:35.799+00,Marcos biagini,2026-05-09 00:43:27.713+00
3074,2,2026-05-09,17:30:00,Chino,1127291009,true,22000,18:30:00,3,2026-05-09 01:31:03.562+00,Chino,,,2026-05-09 01:31:03.562+00
3075,1,2026-05-12,10:30:00,Teo Quattrocchi,1156691735,true,27000,11:30:00,3,2026-05-09 17:40:16.908+00,Teo Quattrocchi,,,2026-05-09 17:40:16.908+00
3076,1,2026-05-09,17:30:00,teo,,false,,18:30:00,3,2026-05-09 17:49:59.924+00,Facundo (Yayu),2026-05-09 22:16:28.788+00,Facundo (Yayu),2026-05-09 17:49:59.924+00
3077,1,2026-05-12,18:00:00,Tomas wolfram,1136632852,true,27000,19:00:00,3,2026-05-10 23:54:40.709+00,Tomas wolfram,,,2026-05-10 23:54:40.709+00
3078,1,2026-05-12,19:00:00," Francisco Ferrari",1156940082,true,27000,19:30:00,1,2026-05-11 01:26:06.88+00," Francisco Ferrari",,,2026-05-11 01:26:06.88+00
3079,1,2026-05-13,17:00:00,Gian Labarile,1125732523,true,27000,18:00:00,3,2026-05-11 11:02:53.746+00,Gian Labarile,,,2026-05-11 11:02:53.746+00
3080,1,2026-05-13,12:30:00,Benjamin levy,1167697336,true,22000,13:00:00,1,2026-05-11 14:45:09.237+00,Benjamin levy,,,2026-05-11 14:45:09.237+00
3081,1,2026-05-14,15:30:00,"santiago pérez marín ",1125608874,false,,16:00:00,1,2026-05-11 16:19:40.631+00,"santiago pérez marín ",2026-05-14 20:26:30.01+00,Facundo (Yayu),2026-05-11 16:19:40.631+00
3082,2,2026-05-12,18:00:00,"Marcos Biagini ",1126280420,true,22000,18:30:00,1,2026-05-11 19:19:42.321+00,"Marcos Biagini ",,,2026-05-11 19:19:42.321+00
3083,2,2026-05-12,19:00:00,Benjamin Rizzo,1168770878,true,22000,19:30:00,1,2026-05-11 19:58:14.851+00,Benjamin Rizzo,,,2026-05-11 19:58:14.851+00
3084,1,2026-05-15,12:00:00,Juan moirano,1133449265,true,27000,13:00:00,3,2026-05-11 20:22:42.21+00,Juan moirano,,,2026-05-11 20:22:42.21+00
3085,2,2026-05-12,17:00:00,"Ramiro ",1176524447,true,22000,17:30:00,1,2026-05-11 21:06:53.939+00,"Ramiro ",,,2026-05-11 21:06:53.939+00
3086,1,2026-05-12,13:00:00,Dani Natale,1136927011,true,22000,13:30:00,1,2026-05-11 21:16:33.785+00,Dani Natale,,,2026-05-11 21:16:33.785+00
3087,2,2026-05-12,16:00:00,Semen Geraskin,1156457256,true,22000,16:30:00,1,2026-05-11 23:13:51.441+00,Semen Geraskin,,,2026-05-11 23:13:51.441+00
3088,2,2026-05-15,18:30:00,Juan cruz ledesma,1162720636,true,22000,19:00:00,1,2026-05-11 23:32:04.029+00,Juan cruz ledesma,,,2026-05-11 23:32:04.029+00
3089,2,2026-06-04,18:00:00,Juan cruz ledesma,1162720636,true,22000,18:30:00,1,2026-05-11 23:34:37.313+00,Juan cruz ledesma,,,2026-05-11 23:34:37.313+00
3090,2,2026-05-13,15:30:00,"romeo fidani ",2916438045,true,22000,16:00:00,1,2026-05-11 23:51:14.686+00,"romeo fidani ",,,2026-05-11 23:51:14.686+00
3091,1,2026-05-12,15:30:00,"Gabriel Biasin ",1140950777,true,27000,16:30:00,3,2026-05-12 00:25:13.424+00,"Gabriel Biasin ",,,2026-05-12 00:25:13.424+00
3092,1,2026-05-12,12:30:00,Gregorio Pontiggia,1161839786,true,22000,13:00:00,1,2026-05-12 04:57:42.024+00,Gregorio Pontiggia,,,2026-05-12 04:57:42.024+00
3093,2,2026-05-12,10:30:00,"Reserva ",0000000000,false,,15:00:00,1,2026-05-12 09:57:19.658+00,Martin,,,2026-05-12 09:57:19.658+00
3094,1,2026-05-16,15:30:00,Cai Perazzone,1122955113,true,22000,16:00:00,1,2026-05-12 11:25:20.219+00,Cai Perazzone,,,2026-05-12 11:25:20.219+00
3095,2,2026-05-14,10:30:00,"Benjamín ",,false,,11:30:00,3,2026-05-12 12:23:36.77+00,Martin,2026-05-14 18:31:22.611+00,Martin,2026-05-12 12:23:36.77+00
3096,2,2026-05-16,18:30:00,"Seba ",,true,27000,19:30:00,3,2026-05-12 12:23:50.272+00,Martin,,,2026-05-12 12:23:50.272+00
3097,2,2026-05-13,13:00:00,Lucas Garcia Ballarati,1155699999,true,22000,13:30:00,1,2026-05-12 13:19:11.558+00,Lucas Garcia Ballarati,,,2026-05-12 13:19:11.558+00
3098,2,2026-05-12,15:00:00,"Javi ",3415328035,true,22000,16:00:00,3,2026-05-12 14:01:04.825+00,"Javi ",,,2026-05-12 14:01:04.825+00
3099,1,2026-05-13,13:00:00,Federico Falotico,1158678400,true,22000,13:30:00,1,2026-05-12 14:16:43.416+00,Federico Falotico,,,2026-05-12 14:16:43.416+00
3100,2,2026-05-13,17:30:00,Bautista Furnari,1166510886,true,22000,18:00:00,1,2026-05-12 15:10:34.591+00,Bautista Furnari,,,2026-05-12 15:10:34.591+00
3101,2,2026-05-13,16:30:00,"Polo ",1131600474,true,22000,17:00:00,5,2026-05-12 16:40:52.572+00,"Polo ",,,2026-05-12 16:40:52.572+00
3102,2,2026-05-12,17:30:00,fabian,,true,22000,18:00:00,1,2026-05-12 17:38:12.654+00,Martin,,,2026-05-12 17:38:12.654+00
3103,1,2026-05-12,17:30:00,Francisco Sosa,1155835285,false,,18:00:00,5,2026-05-12 17:43:16.555+00,Francisco Sosa,2026-05-12 19:32:15.902+00,Francisco Sosa,2026-05-12 17:43:16.555+00
3104,1,2026-05-12,16:30:00,facu,,false,,17:00:00,1,2026-05-12 19:17:13.661+00,Facundo (Yayu),2026-05-12 22:00:43.619+00,Facundo (Yayu),2026-05-12 19:17:13.661+00
3105,1,2026-05-16,16:00:00,Martino Gurny,1155242703,true,27000,17:00:00,3,2026-05-12 20:02:35.446+00,Martino Gurny,,,2026-05-12 20:02:35.446+00
3106,2,2026-05-13,12:00:00,rober,,true,22000,12:30:00,1,2026-05-12 20:53:13.475+00,Martin,,,2026-05-12 20:53:13.475+00
3107,1,2026-05-16,12:00:00,Lucas de la vega,1141670334,true,22000,12:30:00,1,2026-05-12 21:45:18.387+00,Lucas de la vega,,,2026-05-12 21:45:18.387+00
3108,1,2026-05-16,11:00:00,Matias Myma,1121687855,true,27000,12:00:00,3,2026-05-12 23:18:32.379+00,Matias Myma,,,2026-05-12 23:18:32.379+00
3109,1,2026-05-13,10:30:00,Facu,6116616162,false,,11:30:00,3,2026-05-13 00:16:58.227+00,Facu,2026-05-13 15:23:15.271+00,Facundo (Yayu),2026-05-13 00:16:58.227+00
3110,2,2026-05-15,19:00:00,Nicolas Ojeda,1164849781,true,22000,19:30:00,1,2026-05-13 01:45:31.457+00,Nicolas Ojeda,,,2026-05-13 01:45:31.457+00
3111,2,2026-05-13,10:30:00,Martin Alejandro Acuña,01153885736,false,,11:30:00,3,2026-05-13 07:39:06.148+00,Martin,2026-05-13 15:39:25.665+00,Martin,2026-05-13 07:39:06.148+00
3112,2,2026-05-13,16:00:00,vernazza,1180591127,true,22000,16:30:00,1,2026-05-13 11:57:41.919+00,vernazza,,,2026-05-13 11:57:41.919+00
3113,2,2026-05-13,18:00:00,Alejandro Fragala,1133960717,true,27000,19:00:00,3,2026-05-13 12:15:00.344+00,Alejandro Fragala,,,2026-05-13 12:15:00.344+00
3114,1,2026-05-13,15:00:00,"Agustin_soriia ",1160107647,false,,16:00:00,3,2026-05-13 13:08:01.449+00,"Agustin_soriia ",2026-05-13 21:35:23.766+00,Facundo (Yayu),2026-05-13 13:08:01.449+00
3115,2,2026-05-15,11:00:00,Manuel Mel,1161433680,true,22000,12:00:00,3,2026-05-13 14:15:27.878+00,Manuel Mel,,,2026-05-13 14:15:27.878+00
3116,2,2026-05-14,18:30:00,Juan Martín Alvarez,1141888491,true,22000,19:00:00,1,2026-05-13 14:50:10.95+00,Juan Martín Alvarez,,,2026-05-13 14:50:10.95+00
3117,2,2026-05-14,19:00:00,fulbo,,false,,19:30:00,1,2026-05-13 15:15:16.799+00,Martin,2026-05-14 22:24:44.467+00,Martin,2026-05-13 15:15:16.799+00
3118,1,2026-05-14,19:00:00,fulbo,,false,,19:30:00,1,2026-05-13 15:15:26.005+00,Facundo (Yayu),2026-05-14 22:24:37.313+00,Facundo (Yayu),2026-05-13 15:15:26.005+00
3119,1,2026-05-13,16:00:00,margaritas,,false,,17:00:00,3,2026-05-13 17:30:46.563+00,Facundo (Yayu),2026-05-13 21:35:19.827+00,Facundo (Yayu),2026-05-13 17:30:46.563+00
3120,1,2026-05-15,18:30:00,Toto,1122454712,true,27000,19:30:00,3,2026-05-13 18:06:49.629+00,Toto,,,2026-05-13 18:06:49.629+00
3121,2,2026-05-14,18:00:00,Gianluca Vernazza,1165861050,true,22000,18:30:00,1,2026-05-13 18:40:35.61+00,Gianluca Vernazza,,,2026-05-13 18:40:35.61+00
3122,1,2026-05-19,13:00:00,Ramiro Lukezic,1163368573,true,22000,13:30:00,1,2026-05-13 18:43:49.219+00,Ramiro Lukezic,,,2026-05-13 18:43:49.219+00
3123,2,2026-05-14,17:00:00,Ignacio,1141613483,false,,17:30:00,1,2026-05-13 19:50:25.001+00,Martin,2026-05-14 20:28:10.977+00,Martin,2026-05-13 19:50:25.001+00
3124,2,2026-05-14,17:30:00,"Tomas Werteño ",1137991385,true,22000,18:00:00,5,2026-05-13 20:33:24.022+00,"Tomas Werteño ",,,2026-05-13 20:33:24.022+00
3125,2,2026-05-13,19:00:00,faaso,,false,,19:30:00,1,2026-05-13 21:37:24.996+00,Martin,2026-05-13 21:57:24.633+00,Martin,2026-05-13 21:37:24.996+00
3126,1,2026-05-15,18:00:00,Martín Sobrero,1163978559,true,22000,18:30:00,1,2026-05-13 23:43:03.865+00,Martín Sobrero,,,2026-05-13 23:43:03.865+00
3127,2,2026-05-14,16:00:00,santino damico,1121672247,true,22000,16:30:00,1,2026-05-14 00:20:21.015+00,santino damico,,,2026-05-14 00:20:21.015+00
3128,2,2026-05-14,16:30:00,"Francisco ",1140487300,true,22000,17:00:00,1,2026-05-14 00:21:05.746+00,"Francisco ",,,2026-05-14 00:21:05.746+00
3129,1,2026-05-14,10:30:00,Tomas,1169608371,true,27000,11:30:00,3,2026-05-14 10:45:50.428+00,Tomas,,,2026-05-14 10:45:50.428+00
3130,1,2026-05-14,11:30:00,Rodrigo Gallardo,1121853285,false,,12:00:00,1,2026-05-14 11:43:18.888+00,Rodrigo Gallardo,2026-05-14 16:45:43.783+00,Facundo (Yayu),2026-05-14 11:43:18.888+00
3131,1,2026-05-14,16:30:00,Pablo,1159764194,true,22000,17:00:00,1,2026-05-14 12:00:43.511+00,Pablo,,,2026-05-14 12:00:43.511+00
3132,2,2026-05-14,11:30:00,Benjamin,,false,,12:30:00,3,2026-05-14 12:57:15.694+00,Martin,2026-05-14 18:31:25.693+00,Martin,2026-05-14 12:57:15.694+00
3133,1,2026-05-14,16:00:00,"Roberto Parrado ",1149984753,true,22000,16:30:00,1,2026-05-14 13:00:12.935+00,"Roberto Parrado ",,,2026-05-14 13:00:12.935+00
3134,2,2026-05-14,13:00:00,Gianluca sibione,1158043916,true,22000,13:30:00,1,2026-05-14 13:44:52.803+00,Gianluca sibione,,,2026-05-14 13:44:52.803+00
3135,1,2026-05-16,12:30:00,Ramiro Spinelli Riso,1137259564,true,27000,13:30:00,3,2026-05-14 15:25:19.027+00,Ramiro Spinelli Riso,,,2026-05-14 15:25:19.027+00
3136,1,2026-05-15,15:00:00,"Camilo ",1165581998,true,27000,16:00:00,3,2026-05-14 15:46:26.268+00,"Camilo ",,,2026-05-14 15:46:26.268+00
3137,1,2026-05-14,18:30:00,juan tomas,1162755471,false,,19:00:00,1,2026-05-14 16:20:10.283+00,juan tomas,2026-05-14 22:09:28.06+00,Facundo (Yayu),2026-05-14 16:20:10.283+00
3138,1,2026-05-14,17:00:00,"Brian Soria ",1168456813,false,,18:00:00,3,2026-05-14 16:34:15.292+00,"Brian Soria ",2026-05-14 22:09:22.748+00,Facundo (Yayu),2026-05-14 16:34:15.292+00
3139,1,2026-05-14,15:00:00,facu,,false,,15:30:00,1,2026-05-14 16:45:16.894+00,Facundo (Yayu),2026-05-14 20:26:26.203+00,Facundo (Yayu),2026-05-14 16:45:16.894+00
3140,2,2026-05-16,10:30:00,"Jonatan ",1138210686,true,22000,11:00:00,1,2026-05-14 18:06:07.661+00,"Jonatan ",,,2026-05-14 18:06:07.661+00
3141,1,2026-05-15,17:00:00,Juani,1169700431,true,22000,18:00:00,3,2026-05-14 18:28:26.008+00,Juani,,,2026-05-14 18:28:26.008+00
3142,1,2026-05-15,16:00:00,"Tomas ",1155230055,false,,16:30:00,1,2026-05-14 18:43:50.402+00,"Tomas ",2026-05-15 17:01:02.864+00,"Tomas ",2026-05-14 18:43:50.402+00
3143,1,2026-05-16,10:30:00,Sergio,1158932353,true,15000,11:00:00,2,2026-05-14 19:40:26.254+00,Sergio,,,2026-05-14 19:40:26.254+00
3144,2,2026-05-15,12:00:00,Pablo,1144013385,true,22000,12:30:00,1,2026-05-14 20:43:59.26+00,Pablo,,,2026-05-14 20:43:59.26+00
3145,1,2026-05-16,17:00:00,Joaquin Romero,1157589495,true,27000,18:00:00,3,2026-05-14 22:18:20.793+00,Joaquin Romero,,,2026-05-14 22:18:20.793+00
3146,1,2026-05-15,13:00:00,Jhon,,false,,13:30:00,1,2026-05-15 01:06:59.563+00,Facundo (Yayu),2026-05-15 19:17:29.721+00,Facundo (Yayu),2026-05-15 01:06:59.563+00
3147,1,2026-05-16,18:30:00,"Fernando Uriarte ",1159258162,true,22000,19:00:00,1,2026-05-15 01:09:04.59+00,"Fernando Uriarte ",,,2026-05-15 01:09:04.59+00
3148,1,2026-05-16,19:00:00,"Luca uriarte ",1162833127,true,22000,19:30:00,1,2026-05-15 01:10:14.087+00,"Luca uriarte ",,,2026-05-15 01:10:14.087+00
3149,1,2026-05-15,10:30:00,Facu,,false,,11:30:00,3,2026-05-15 11:28:30.445+00,Facundo (Yayu),2026-05-15 19:17:25.28+00,Facundo (Yayu),2026-05-15 11:28:30.445+00
3150,2,2026-05-15,16:00:00,Fausto Antonelli,1155656106,true,22000,16:30:00,1,2026-05-15 12:14:45.206+00,Fausto Antonelli,,,2026-05-15 12:14:45.206+00
3151,2,2026-05-15,15:00:00,Lucas,1166751794,true,27000,16:00:00,3,2026-05-15 12:34:55.62+00,Lucas,,,2026-05-15 12:34:55.62+00
3152,2,2026-05-15,16:30:00,Jonathan Zagni,1558893746,true,22000,17:30:00,3,2026-05-15 13:47:37.5+00,Jonathan Zagni,,,2026-05-15 13:47:37.5+00
3153,1,2026-05-15,16:30:00,Tomas,1155230055,false,,17:00:00,1,2026-05-15 17:00:31.09+00,Tomas,2026-05-15 17:20:54.032+00,Tomas,2026-05-15 17:00:31.09+00
3154,1,2026-05-16,18:00:00,"David ",1166866100,true,22000,18:30:00,1,2026-05-15 17:34:51.696+00,"David ",,,2026-05-15 17:34:51.696+00
3155,1,2026-05-15,16:00:00,Leandro Calvo,1136867855,false,,16:30:00,1,2026-05-15 18:17:54.783+00,Leandro Calvo,2026-05-15 19:17:37.417+00,Facundo (Yayu),2026-05-15 18:17:54.783+00
3156,2,2026-05-16,11:00:00,Federico Rusconi,1128074474,true,27000,12:00:00,3,2026-05-15 19:30:14.748+00,Federico Rusconi,,,2026-05-15 19:30:14.748+00
3157,1,2026-05-19,11:00:00,patricio maravert,1134983232,false,,11:30:00,1,2026-05-15 23:50:06.465+00,patricio maravert,2026-05-19 15:19:42.645+00,Facundo (Yayu),2026-05-15 23:50:06.465+00
3158,1,2026-05-16,15:00:00,"Brian Soria ",1168756813,false,,15:30:00,1,2026-05-16 02:17:16.117+00,"Brian Soria ",2026-05-16 22:56:21.591+00,Facundo (Yayu),2026-05-16 02:17:16.117+00
3159,2,2026-05-16,12:00:00,"Gonzalo ",1111111111,true,22000,12:30:00,1,2026-05-16 14:21:25.477+00,"Gonzalo ",,,2026-05-16 14:21:25.477+00
3160,2,2026-05-23,10:30:00,"Jorge ",1130777337,true,22000,11:00:00,1,2026-05-16 14:24:36.769+00,"Jorge ",,,2026-05-16 14:24:36.769+00
3161,2,2026-05-16,18:00:00,benj,,false,,18:30:00,1,2026-05-16 17:16:18.484+00,Martin,2026-05-16 22:59:03.874+00,Martin,2026-05-16 17:16:18.484+00
3162,2,2026-05-19,15:00:00,Gonzalo Cambero,1171606070,true,22000,15:30:00,1,2026-05-17 00:33:15.082+00,Gonzalo Cambero,,,2026-05-17 00:33:15.082+00
3163,2,2026-05-20,18:30:00,"Luca Holzknecht ",1122809544,true,22000,19:00:00,1,2026-05-17 21:08:12.975+00,"Luca Holzknecht ",,,2026-05-17 21:08:12.975+00
3164,1,2026-05-19,15:30:00,Francisco Sosa,1155835285,true,22000,16:00:00,5,2026-05-18 10:17:36.376+00,Francisco Sosa,,,2026-05-18 10:17:36.376+00
3165,2,2026-05-19,18:30:00,"nicolás niro ",1139422067,true,22000,19:00:00,1,2026-05-18 13:08:14.156+00,"nicolás niro ",,,2026-05-18 13:08:14.156+00
3166,1,2026-05-20,13:00:00,Nicolas Gaido,1167226336,false,,13:30:00,1,2026-05-18 13:36:16.224+00,Nicolas Gaido,2026-05-18 13:38:39.36+00,Nicolas Gaido,2026-05-18 13:36:16.224+00
3167,1,2026-05-19,19:00:00,Nicolas Gaido,1167226336,false,,19:30:00,1,2026-05-18 13:37:38.567+00,Nicolas Gaido,2026-05-21 17:29:20.437+00,Facundo (Yayu),2026-05-18 13:37:38.567+00
3168,1,2026-05-19,15:00:00,"Maxi de l Fuente ",1153272654,true,22000,15:30:00,1,2026-05-18 15:31:31.162+00,"Maxi de l Fuente ",,,2026-05-18 15:31:31.162+00
3169,1,2026-05-20,12:30:00,ignacio moirano,1133446031,true,27000,13:30:00,3,2026-05-18 16:00:03.566+00,ignacio moirano,,,2026-05-18 16:00:03.566+00
3170,2,2026-05-22,17:00:00,Juan Iskandarani,1133491708,true,22000,17:30:00,1,2026-05-18 17:07:33.048+00,Juan Iskandarani,,,2026-05-18 17:07:33.048+00
3171,2,2026-05-19,18:00:00,Gabriel,1140794507,true,22000,18:30:00,1,2026-05-18 18:57:31.655+00,Gabriel,,,2026-05-18 18:57:31.655+00
3172,1,2026-05-19,12:30:00,mago,1151750272,true,22000,13:00:00,1,2026-05-18 22:28:16.123+00,Lucas,,,2026-05-18 22:28:16.123+00
3173,2,2026-05-20,19:00:00,"Ivo Holzknecht ",1140505885,true,22000,19:30:00,1,2026-05-18 22:46:35.351+00,"Ivo Holzknecht ",,,2026-05-18 22:46:35.351+00
3174,2,2026-05-19,12:30:00,Massimo,1156416270,false,,13:30:00,3,2026-05-18 23:59:05.032+00,Massimo,2026-05-19 15:17:13.129+00,Martin,2026-05-18 23:59:05.032+00
3175,1,2026-05-19,17:30:00,"Hilario ",1161748100,false,,18:00:00,5,2026-05-19 01:21:17.234+00,"Hilario ",2026-05-19 13:59:52.187+00,Facundo (Yayu),2026-05-19 01:21:17.234+00
3176,2,2026-05-20,15:00:00,Juan Manuel Novo,1554145310,true,22000,15:30:00,1,2026-05-19 01:46:24.04+00,Juan Manuel Novo,,,2026-05-19 01:46:24.04+00
3177,2,2026-05-19,10:30:00,"Reservado ",0000000000,false,,15:00:00,1,2026-05-19 02:46:46.156+00,Martin,,,2026-05-19 02:46:46.156+00
3178,2,2026-05-21,16:00:00,Federico Conde,1158039075,true,27000,17:00:00,3,2026-05-19 10:15:09.697+00,Federico Conde,,,2026-05-19 10:15:09.697+00
3179,1,2026-05-19,18:00:00,Hilario,1161778100,false,,18:30:00,5,2026-05-19 10:34:47.706+00,Hilario,2026-05-19 13:59:55.951+00,Facundo (Yayu),2026-05-19 10:34:47.706+00
3180,2,2026-05-20,12:30:00,Fermin jolis,1162674302,true,22000,13:00:00,1,2026-05-19 12:46:19.423+00,Fermin jolis,,,2026-05-19 12:46:19.423+00
3181,1,2026-05-19,12:00:00,Agustín dodera,1150398159,false,,12:30:00,1,2026-05-19 13:44:34.277+00,Agustín dodera,2026-05-19 15:19:46.935+00,Facundo (Yayu),2026-05-19 13:44:34.277+00
3182,1,2026-05-21,12:00:00,Luciano Dodera,1159649066,true,22000,12:30:00,1,2026-05-19 13:46:31.941+00,Luciano Dodera,,,2026-05-19 13:46:31.941+00
3183,2,2026-05-19,17:30:00,Marco,1152291146,false,,18:00:00,1,2026-05-19 14:24:07.271+00,Marco,2026-05-19 21:08:05.128+00,Martin,2026-05-19 14:24:07.271+00
3184,1,2026-05-22,12:30:00,Juan Martin Gugliotta,1165629773,true,22000,13:30:00,3,2026-05-19 14:25:11.434+00,Juan Martin Gugliotta,,,2026-05-19 14:25:11.434+00
3185,2,2026-05-21,15:30:00,"Bautista ciminieri ",1167472367,true,22000,16:00:00,1,2026-05-19 14:41:02.145+00,"Bautista ciminieri ",,,2026-05-19 14:41:02.145+00
3186,2,2026-05-19,15:30:00,"Massi ",,true,22000,16:00:00,1,2026-05-19 15:16:59.819+00,Martin,,,2026-05-19 15:16:59.819+00
3187,2,2026-05-21,10:30:00,Nico B,,false,,11:30:00,3,2026-05-19 15:17:52.689+00,Martin,2026-05-21 14:37:29.685+00,Martin,2026-05-19 15:17:52.689+00
3188,1,2026-05-20,17:30:00,"Fausto Alcover ",1169639997,false,,18:00:00,5,2026-05-19 15:29:03.603+00,"Fausto Alcover ",2026-05-21 17:29:11.306+00,Facundo (Yayu),2026-05-19 15:29:03.603+00
3189,2,2026-05-19,19:00:00,Carlos,1159245888,false,,19:30:00,1,2026-05-19 15:38:52.899+00,Carlos,2026-05-19 22:46:12.635+00,Martin,2026-05-19 15:38:52.899+00
3190,2,2026-05-19,17:00:00,Jose,1140983283,true,22000,17:30:00,1,2026-05-19 18:22:17.947+00,Jose,,,2026-05-19 18:22:17.947+00
3191,2,2026-05-19,16:30:00,Agustin Roisman,1158239712,true,22000,17:00:00,1,2026-05-19 18:22:40.112+00,Agustin Roisman,,,2026-05-19 18:22:40.112+00
3192,1,2026-05-19,17:30:00,Mateo Dodera,1167272468,true,27000,18:30:00,3,2026-05-19 18:24:18.589+00,Mateo Dodera,,,2026-05-19 18:24:18.589+00
3193,2,2026-05-20,18:00:00,"Martino ",1153873466,true,22000,18:30:00,1,2026-05-19 18:33:22.322+00,"Martino ",,,2026-05-19 18:33:22.322+00
3194,2,2026-05-21,18:30:00,luca garbarini,1153855011,true,22000,19:00:00,1,2026-05-19 20:17:20.729+00,luca garbarini,,,2026-05-19 20:17:20.729+00
3195,1,2026-05-21,17:00:00,Gian Labarile,1125732523,true,27000,18:00:00,3,2026-05-19 20:36:26.632+00,Gian Labarile,,,2026-05-19 20:36:26.632+00
3196,2,2026-05-20,16:30:00,Lorenzo Rizzo,1178904512,true,22000,17:00:00,1,2026-05-20 00:40:10.836+00,Lorenzo Rizzo,,,2026-05-20 00:40:10.836+00
3197,1,2026-05-20,10:30:00,Facu,1111255696,false,,11:30:00,3,2026-05-20 01:59:40.464+00,Facu,2026-05-20 18:25:07.344+00,Facundo (Yayu),2026-05-20 01:59:40.464+00
3198,1,2026-05-21,16:30:00,Federico Olivera,1158890445,true,22000,17:00:00,1,2026-05-20 02:40:03.622+00,Federico Olivera,,,2026-05-20 02:40:03.622+00
3199,1,2026-05-20,11:30:00,Facu,,false,,12:30:00,3,2026-05-20 12:16:09.155+00,Facundo (Yayu),2026-05-20 18:25:10.555+00,Facundo (Yayu),2026-05-20 12:16:09.155+00
3200,2,2026-05-23,15:00:00,"Nicolás Paz ",1130082473,true,22000,15:30:00,1,2026-05-20 13:39:18.884+00,"Nicolás Paz ",,,2026-05-20 13:39:18.884+00
3201,1,2026-05-23,16:00:00,Espejito,1157589495,false,,17:00:00,3,2026-05-20 13:41:07.825+00,Espejito,2026-05-23 21:51:35.878+00,Facundo (Yayu),2026-05-20 13:41:07.825+00
3202,1,2026-05-20,16:30:00,Ramiro nasif,1122518748,true,27000,17:30:00,3,2026-05-20 13:51:06.18+00,Ramiro nasif,,,2026-05-20 13:51:06.18+00
3203,1,2026-05-21,12:30:00,"Franchescoli ",1126430079,true,22000,13:00:00,5,2026-05-20 14:58:21.06+00,"Franchescoli ",,,2026-05-20 14:58:21.06+00
3204,1,2026-05-21,13:00:00,"Chantigo ",1126430079,true,22000,13:30:00,5,2026-05-20 14:59:10.884+00,"Chantigo ",,,2026-05-20 14:59:10.884+00
3205,1,2026-05-22,12:00:00,Pedro bogado,1162086046,false,,12:30:00,1,2026-05-20 15:36:35.21+00,Pedro bogado,2026-05-21 23:45:15.317+00,Pedro bogado,2026-05-20 15:36:35.21+00
3206,1,2026-05-21,11:30:00,Flavio Matias de Benedetti,1134755495,true,22000,12:00:00,1,2026-05-20 15:58:53.789+00,Flavio Matias de Benedetti,,,2026-05-20 15:58:53.789+00
3207,2,2026-05-20,17:00:00,"tomas dall’asta ",1144094999,true,22000,17:30:00,1,2026-05-20 16:27:20.493+00,"tomas dall’asta ",,,2026-05-20 16:27:20.493+00
3208,2,2026-05-20,17:30:00,miguel,,true,22000,18:00:00,1,2026-05-20 16:30:17.896+00,Martin,,,2026-05-20 16:30:17.896+00
3209,1,2026-05-22,10:30:00,"Jorge candia ",1159304532,true,22000,11:00:00,1,2026-05-20 18:24:10.862+00,"Jorge candia ",,,2026-05-20 18:24:10.862+00
3210,2,2026-05-21,12:00:00,Leonel Ghersi,1134925200,true,22000,12:30:00,1,2026-05-20 19:59:51.3+00,Leonel Ghersi,,,2026-05-20 19:59:51.3+00
3211,2,2026-05-21,12:30:00,Rodri larre,1130403257,true,22000,13:00:00,1,2026-05-20 20:20:37.66+00,Rodri larre,,,2026-05-20 20:20:37.66+00
3212,1,2026-05-21,19:00:00,Bruno,1158511308,false,,19:30:00,2,2026-05-21 00:28:55.236+00,Bruno,2026-05-21 18:29:44.88+00,Bruno,2026-05-21 00:28:55.236+00
3213,1,2026-05-21,15:00:00,Tomas,1155230055,false,,15:30:00,1,2026-05-21 00:31:40.849+00,Tomas,2026-05-21 16:39:39.83+00,Tomas,2026-05-21 00:31:40.849+00
3214,2,2026-05-23,17:00:00,Jose maria schweizer,1160257332,false,,17:30:00,1,2026-05-21 00:50:09.716+00,Jose maria schweizer,2026-05-22 22:35:55.365+00,Martin,2026-05-21 00:50:09.716+00
3215,2,2026-05-21,19:00:00,Matias,1168684723,true,22000,19:30:00,1,2026-05-21 01:09:18.35+00,Matias,,,2026-05-21 01:09:18.35+00
3216,2,2026-05-22,17:30:00,Facundo Iskandarani,1164105626,true,22000,18:00:00,1,2026-05-21 02:25:42.262+00,Facundo Iskandarani,,,2026-05-21 02:25:42.262+00
3217,2,2026-05-22,12:30:00,"Gaspar Cherniavsky ",1136902591,false,,13:00:00,1,2026-05-21 03:18:39.756+00,"Gaspar Cherniavsky ",2026-05-22 15:20:02.015+00,"Gaspar Cherniavsky ",2026-05-21 03:18:39.756+00
3218,1,2026-05-21,18:30:00,"Federico Rodríguez Bonilla ",1167468929,true,22000,19:30:00,3,2026-05-21 11:42:28.653+00,"Federico Rodríguez Bonilla ",,,2026-05-21 11:42:28.653+00
3219,2,2026-05-22,18:00:00,"bautista cortigiani ",1127873050,true,27000,19:00:00,3,2026-05-21 12:01:29.989+00,"bautista cortigiani ",,,2026-05-21 12:01:29.989+00
3220,2,2026-05-21,11:30:00,"Benja ",,false,,12:00:00,1,2026-05-21 12:11:38.677+00,Martin,2026-05-21 14:37:26.463+00,Martin,2026-05-21 12:11:38.677+00
3221,1,2026-05-21,15:00:00,tommy,,false,,16:00:00,3,2026-05-21 16:40:41.926+00,Facundo (Yayu),2026-05-21 22:32:26.724+00,Facundo (Yayu),2026-05-21 16:40:41.926+00
3222,2,2026-05-21,15:00:00,gaston fasito,,false,,15:30:00,1,2026-05-21 16:41:02.675+00,Martin,2026-05-21 20:26:16.725+00,Martin,2026-05-21 16:41:02.675+00
3223,1,2026-05-21,18:00:00,"Bruno ",1158511308,true,27000,18:30:00,1,2026-05-21 18:28:50.602+00,"Bruno ",,,2026-05-21 18:28:50.602+00
3224,2,2026-05-21,17:30:00,santino dandrea,1140800976,true,22000,18:30:00,3,2026-05-21 18:43:30.523+00,santino dandrea,,,2026-05-21 18:43:30.523+00
3225,1,2026-05-23,12:30:00,Ignacio,1166866100,true,22000,13:30:00,3,2026-05-21 18:43:42.101+00,Ignacio,,,2026-05-21 18:43:42.101+00
3226,2,2026-05-21,17:00:00,"Tobías Ricca ",1159799182,false,,17:30:00,1,2026-05-21 19:11:08.346+00,"Tobías Ricca ",2026-05-21 20:26:28.935+00,Martin,2026-05-21 19:11:08.346+00
3227,2,2026-05-22,19:00:00,"Theo Mac Allister ",1125293903,true,22000,19:30:00,1,2026-05-21 19:13:07.492+00,"Theo Mac Allister ",,,2026-05-21 19:13:07.492+00
3228,1,2026-05-22,17:00:00,Nicolás Cacetta,1136547777,true,22000,17:30:00,1,2026-05-21 19:14:16.549+00,Nicolás Cacetta,,,2026-05-21 19:14:16.549+00
3229,2,2026-05-30,10:30:00,"Guido Provinzano ",1156450321,true,22000,11:00:00,1,2026-05-21 20:07:25.071+00,"Guido Provinzano ",,,2026-05-21 20:07:25.071+00
3230,2,2026-05-22,15:30:00,Francisco Benvenuto,1167538038,true,22000,16:30:00,3,2026-05-21 20:35:51.118+00,Francisco Benvenuto,,,2026-05-21 20:35:51.118+00
3231,1,2026-05-22,15:30:00,Tomas,1155230055,false,,16:00:00,1,2026-05-21 21:16:46.556+00,Tomas,2026-05-22 17:36:39.556+00,Tomas,2026-05-21 21:16:46.556+00
3232,1,2026-05-23,12:00:00,"Pedro Bogado ",1162086046,true,22000,12:30:00,1,2026-05-21 23:46:06.435+00,"Pedro Bogado ",,,2026-05-21 23:46:06.435+00
3233,1,2026-05-22,16:30:00,"Tomás Ceballos ",1166097916,false,,17:00:00,1,2026-05-21 23:59:18.752+00,"Tomás Ceballos ",2026-05-22 22:14:25.042+00,Facundo (Yayu),2026-05-21 23:59:18.752+00
3234,2,2026-05-22,16:30:00,"Manuel Ceballos ",1166097916,true,22000,17:00:00,1,2026-05-22 00:00:31.639+00,"Manuel Ceballos ",,,2026-05-22 00:00:31.639+00
3235,1,2026-05-23,11:30:00,"Lucas Rodríguez Peluso ",1554931688,true,22000,12:00:00,1,2026-05-22 03:14:29.768+00,"Lucas Rodríguez Peluso ",,,2026-05-22 03:14:29.768+00
3236,1,2026-05-22,16:00:00,juan tomas,1162755471,true,22000,16:30:00,1,2026-05-22 10:36:05.473+00,juan tomas,,,2026-05-22 10:36:05.473+00
3237,2,2026-05-22,10:30:00,"Benja ",,false,,11:30:00,3,2026-05-22 12:01:25.018+00,Martin,2026-05-22 13:34:58.575+00,Martin,2026-05-22 12:01:25.018+00
3238,1,2026-05-22,15:00:00,Matias,,false,,15:30:00,1,2026-05-22 12:40:49.748+00,Facundo (Yayu),2026-05-22 18:38:27.498+00,Facundo (Yayu),2026-05-22 12:40:49.748+00
3239,2,2026-05-23,18:00:00,Jose maria schweizer,1160257332,true,22000,18:30:00,1,2026-05-22 14:49:03.947+00,Jose maria schweizer,,,2026-05-22 14:49:03.947+00
3240,2,2026-05-27,17:00:00,Tadeo Breuning,1123125926,true,22000,17:30:00,1,2026-05-22 15:31:58.921+00,Tadeo Breuning,,,2026-05-22 15:31:58.921+00
3241,1,2026-05-23,18:30:00,Facundo,6494810050,false,,19:30:00,3,2026-05-22 17:03:42.133+00,Facundo,2026-05-23 21:51:48.43+00,Facundo (Yayu),2026-05-22 17:03:42.133+00
3242,1,2026-05-23,15:00:00,"Agustin_soriia ",1160107647,false,,16:00:00,3,2026-05-22 18:25:23.912+00,"Agustin_soriia ",2026-05-23 21:51:32.329+00,Facundo (Yayu),2026-05-22 18:25:23.912+00
3243,2,2026-05-23,15:30:00,Mark,1158954348,true,22000,16:00:00,1,2026-05-22 19:55:06.93+00,Mark,,,2026-05-22 19:55:06.93+00
3244,1,2026-05-23,13:00:00,Juan Pablo Masiero,1136372506,false,,13:30:00,1,2026-05-22 21:57:00.311+00,Juan Pablo Masiero,2026-05-23 14:37:25.113+00,Juan Pablo Masiero,2026-05-22 21:57:00.311+00
3245,2,2026-05-23,11:00:00,Sebastian,1167973180,true,15000,11:30:00,2,2026-05-22 22:24:11.834+00,Sebastian,,,2026-05-22 22:24:11.834+00
3246,1,2026-05-23,11:00:00,pancho grippo,1138301019,true,22000,11:30:00,1,2026-05-23 00:07:41.304+00,pancho grippo,,,2026-05-23 00:07:41.304+00
3247,2,2026-05-23,16:00:00,"Gaspar Cherniavsky ",1136902591,true,22000,16:30:00,1,2026-05-23 11:45:17.881+00,"Gaspar Cherniavsky ",,,2026-05-23 11:45:17.881+00
3248,1,2026-05-23,18:00:00,Fran colatruglio,1138661247,true,27000,18:30:00,1,2026-05-23 13:22:53.595+00,Fran colatruglio,,,2026-05-23 13:22:53.595+00
3249,1,2026-05-23,17:00:00,Juan Pablo Masiero,1136372506,true,27000,18:00:00,3,2026-05-23 14:36:37.83+00,Juan Pablo Masiero,,,2026-05-23 14:36:37.83+00
3250,2,2026-05-23,17:30:00,"Juan Martín ",1163529290,true,22000,18:00:00,1,2026-05-23 16:23:33.932+00,"Juan Martín ",,,2026-05-23 16:23:33.932+00
3251,2,2026-05-27,11:30:00,Alejandro,1167935666,true,22000,12:00:00,1,2026-05-23 19:57:12.485+00,Alejandro,,,2026-05-23 19:57:12.485+00
3252,2,2026-05-26,18:30:00,Lucke,1135731438,true,22000,19:30:00,3,2026-05-24 21:34:55.271+00,Lucke,,,2026-05-24 21:34:55.271+00
3253,1,2026-05-26,18:00:00,Tomas wolfram,1136632852,true,27000,19:00:00,3,2026-05-25 15:07:14.214+00,Tomas wolfram,,,2026-05-25 15:07:14.214+00
3254,2,2026-05-26,18:00:00,Facundo Barra,1170207673,true,22000,18:30:00,1,2026-05-25 18:54:40.068+00,Facundo Barra,,,2026-05-25 18:54:40.068+00
3255,1,2026-05-26,17:30:00,"Javier ",1153751058,true,22000,18:00:00,1,2026-05-25 20:27:55.174+00,"Javier ",,,2026-05-25 20:27:55.174+00
3256,1,2026-05-26,19:00:00,Tomi w,,false,,19:30:00,1,2026-05-25 22:01:08.457+00,Facundo (Yayu),2026-05-26 22:06:27.759+00,Facundo (Yayu),2026-05-25 22:01:08.457+00
3257,2,2026-05-26,10:30:00,Reservado,0000000000,false,,15:00:00,1,2026-05-26 01:52:08.277+00,Martin,,,2026-05-26 01:52:08.277+00
3258,2,2026-05-29,17:30:00,Juan Manuel Novo,1554145310,true,22000,18:00:00,5,2026-05-26 02:41:42.252+00,Juan Manuel Novo,,,2026-05-26 02:41:42.252+00
3259,1,2026-05-26,10:30:00,Yayu,,false,,11:30:00,3,2026-05-26 02:51:57.061+00,Facundo (Yayu),2026-05-26 15:45:52.971+00,Facundo (Yayu),2026-05-26 02:51:57.061+00
3260,2,2026-05-28,13:00:00,Andres Poluyan,1567935333,true,22000,13:30:00,1,2026-05-26 11:18:03.592+00,Andres Poluyan,,,2026-05-26 11:18:03.592+00
3261,1,2026-05-26,11:30:00,Sergio Bruno,1158932353,true,15000,12:00:00,2,2026-05-26 12:24:13.135+00,Sergio Bruno,,,2026-05-26 12:24:13.135+00
3262,2,2026-05-30,19:00:00,Seba,,true,27000,19:30:00,1,2026-05-26 16:33:21.971+00,Martin,,,2026-05-26 16:33:21.971+00
3263,2,2026-05-28,10:30:00,Nico B,,false,,11:30:00,3,2026-05-26 16:33:39.882+00,Martin,2026-05-28 14:47:39.743+00,Martin,2026-05-26 16:33:39.882+00
3264,1,2026-05-30,10:30:00,Nicolás Cejas,1138431853,true,27000,11:30:00,3,2026-05-26 17:24:58.175+00,Nicolás Cejas,,,2026-05-26 17:24:58.175+00
3265,1,2026-05-26,16:30:00,Tomas,1169608371,true,27000,17:30:00,3,2026-05-26 17:53:31.103+00,Tomas,,,2026-05-26 17:53:31.103+00
3266,1,2026-06-02,15:00:00,Santiago Natale,1151753906,true,22000,15:30:00,1,2026-05-26 18:10:05.616+00,Santiago Natale,,,2026-05-26 18:10:05.616+00
3267,2,2026-05-26,17:30:00,FERNANDO,1151656447,true,22000,18:00:00,1,2026-05-26 19:25:11.05+00,FERNANDO,,,2026-05-26 19:25:11.05+00
3268,2,2026-05-29,18:30:00,"Guído ",1131600471,true,22000,19:00:00,1,2026-05-26 22:16:05.809+00,"Guído ",,,2026-05-26 22:16:05.809+00
3269,1,2026-05-27,18:30:00,Juan Cristofalo,1162733394,true,27000,19:30:00,3,2026-05-26 22:37:04.201+00,Juan Cristofalo,,,2026-05-26 22:37:04.201+00
3270,1,2026-05-30,15:00:00,Martin,1131897109,true,27000,16:00:00,3,2026-05-27 08:59:55.499+00,Martin,,,2026-05-27 08:59:55.499+00
3271,2,2026-05-27,18:00:00,"Chino ",1127291009,true,22000,18:30:00,1,2026-05-27 12:48:06.747+00,"Chino ",,,2026-05-27 12:48:06.747+00
3272,1,2026-05-27,13:00:00,Andrés el más lindo,1132918233,true,27000,13:30:00,1,2026-05-27 13:19:40.79+00,Andrés el más lindo,,,2026-05-27 13:19:40.79+00
3273,2,2026-05-28,15:00:00,"Bautista Suárez ",1136091166,true,22000,15:30:00,1,2026-05-27 13:34:44.703+00,"Bautista Suárez ",,,2026-05-27 13:34:44.703+00
3274,1,2026-05-30,18:30:00,ernesto,,false,,19:30:00,3,2026-05-27 16:05:58.207+00,Facundo (Yayu),,,2026-05-27 16:05:58.207+00
3275,1,2026-05-27,15:00:00,agustin,,false,,16:00:00,3,2026-05-27 16:07:13.15+00,Facundo (Yayu),2026-05-27 22:42:28.953+00,Facundo (Yayu),2026-05-27 16:07:13.15+00
3276,2,2026-05-27,12:30:00,Fernando,,true,22000,13:00:00,1,2026-05-27 16:42:44.556+00,Martin,,,2026-05-27 16:42:44.556+00
3277,1,2026-05-28,12:30:00,cecilia,,false,,13:00:00,1,2026-05-27 17:14:15.279+00,Facundo (Yayu),2026-05-28 21:48:19.208+00,Facundo (Yayu),2026-05-27 17:14:15.279+00
3278,2,2026-05-27,13:00:00,Joni,,true,27000,14:00:00,3,2026-05-27 18:14:12.503+00,Martin,,,2026-05-27 18:14:12.503+00
3279,1,2026-05-27,17:00:00,Marcelo,1159498018,false,,18:00:00,3,2026-05-27 18:50:37.194+00,Marcelo,2026-05-27 22:42:26+00,Facundo (Yayu),2026-05-27 18:50:37.194+00
3280,2,2026-05-29,16:30:00,"titi batistella ",1132024257,true,22000,17:00:00,1,2026-05-27 23:10:20.189+00,"titi batistella ",,,2026-05-27 23:10:20.189+00
3281,2,2026-05-30,15:00:00,"Ivan Mercado ",1134251311,true,22000,15:30:00,1,2026-05-28 00:49:45.739+00,"Ivan Mercado ",,,2026-05-28 00:49:45.739+00
3282,2,2026-05-29,19:00:00,Niko Kerz,1523861964,true,22000,19:30:00,1,2026-05-28 01:46:08.541+00,Niko Kerz,,,2026-05-28 01:46:08.541+00
3283,2,2026-05-28,15:30:00,"Francisco Pascuzzi Serra ",1158562504,false,,16:00:00,1,2026-05-28 02:55:45.975+00,"Francisco Pascuzzi Serra ",2026-05-28 10:08:48.759+00,"Francisco Pascuzzi Serra ",2026-05-28 02:55:45.975+00
3284,1,2026-06-03,16:30:00,"Francisco Bras harriott ",1144024818,true,22000,17:00:00,1,2026-05-28 11:17:58.532+00,"Francisco Bras harriott ",,,2026-05-28 11:17:58.532+00
3285,2,2026-05-28,11:30:00,"Benja ",,false,,12:00:00,1,2026-05-28 12:34:52.533+00,Martin,2026-05-28 14:47:35.391+00,Martin,2026-05-28 12:34:52.533+00
3286,2,2026-05-28,18:30:00,Juan Martín Alvarez,1141888491,true,22000,19:30:00,3,2026-05-28 13:29:42.085+00,Juan Martín Alvarez,,,2026-05-28 13:29:42.085+00
3287,2,2026-05-29,13:00:00,Tizi,,false,,13:30:00,5,2026-05-28 14:48:30.527+00,Martin,2026-05-29 17:42:57.486+00,Martin,2026-05-28 14:48:30.527+00
3288,1,2026-05-28,18:30:00,Matias Carrete,1162312699,true,22000,19:30:00,3,2026-05-28 16:12:38.787+00,Matias Carrete,,,2026-05-28 16:12:38.787+00
3289,1,2026-05-29,18:30:00,Yamil dib,1135896290,true,27000,19:30:00,3,2026-05-28 16:41:59.914+00,Yamil dib,,,2026-05-28 16:41:59.914+00
3290,2,2026-05-29,12:30:00,Nicolás Lommo,2215939071,true,22000,13:00:00,1,2026-05-28 16:42:35.894+00,Nicolás Lommo,,,2026-05-28 16:42:35.894+00
3291,2,2026-05-28,18:00:00,"Javier Fondevila ",1131557207,true,22000,18:30:00,1,2026-05-28 17:03:09.401+00,"Javier Fondevila ",,,2026-05-28 17:03:09.401+00
3292,1,2026-05-30,11:30:00,"Martín Díaz Villodas ",1157802589,true,22000,12:00:00,1,2026-05-28 17:59:07.071+00,"Martín Díaz Villodas ",,,2026-05-28 17:59:07.071+00
3293,1,2026-05-30,17:00:00,Matias Myma,1121687855,true,27000,18:00:00,3,2026-05-28 19:07:41.865+00,Matias Myma,,,2026-05-28 19:07:41.865+00
3294,2,2026-05-29,17:00:00,agustín grosso,1159241533,true,22000,17:30:00,1,2026-05-28 21:13:07.868+00,agustín grosso,,,2026-05-28 21:13:07.868+00
3295,1,2026-05-29,15:30:00,"Lucas biscione ",1161921144,true,22000,16:00:00,1,2026-05-28 22:44:31.381+00,"Lucas biscione ",,,2026-05-28 22:44:31.381+00
3296,2,2026-05-29,10:30:00,Valentino Zingoni,1122903431,true,22000,11:00:00,1,2026-05-28 23:50:59.561+00,Valentino Zingoni,,,2026-05-28 23:50:59.561+00
3297,1,2026-05-29,10:30:00,Facundo,,false,,11:30:00,3,2026-05-29 00:55:24.455+00,Facundo (Yayu),2026-05-29 16:15:15.618+00,Facundo (Yayu),2026-05-29 00:55:24.455+00
3298,2,2026-05-29,11:00:00,Rodri,,false,,11:30:00,1,2026-05-29 10:56:58.108+00,Martin,2026-05-29 14:29:48.861+00,Martin,2026-05-29 10:56:58.108+00
3299,2,2026-05-29,11:30:00,Nico B,,false,,12:30:00,3,2026-05-29 10:57:16.163+00,Martin,2026-05-29 11:07:21.725+00,Martin,2026-05-29 10:57:16.163+00
3300,2,2026-05-30,12:30:00,Nico B,,true,27000,13:30:00,3,2026-05-29 11:15:07.176+00,Martin,,,2026-05-29 11:15:07.176+00
3301,1,2026-05-29,15:00:00,Tomas,1155230055,true,22000,15:30:00,1,2026-05-29 13:10:30.676+00,Tomas,,,2026-05-29 13:10:30.676+00
3302,1,2026-05-29,11:30:00,Franco Moiana,1150954648,true,22000,12:30:00,3,2026-05-29 13:37:04.793+00,Franco Moiana,,,2026-05-29 13:37:04.793+00
3303,1,2026-05-30,16:00:00,Toto,1125454712,true,27000,17:00:00,3,2026-05-29 13:50:17.3+00,Toto,,,2026-05-29 13:50:17.3+00
3304,2,2026-05-29,15:00:00,Mark,1158954348,true,22000,15:30:00,1,2026-05-29 15:32:43.164+00,Mark,,,2026-05-29 15:32:43.164+00
3305,2,2026-05-29,15:30:00,tomas renosto,1167809628,true,22000,16:30:00,3,2026-05-29 15:45:18.8+00,tomas renosto,,,2026-05-29 15:45:18.8+00
3306,2,2026-05-30,17:00:00,Gianluca Vernazza,1165861050,false,,17:30:00,1,2026-05-29 16:48:38.378+00,Gianluca Vernazza,2026-05-30 16:43:35.1+00,Gianluca Vernazza,2026-05-29 16:48:38.378+00
3307,1,2026-05-29,17:30:00,"Teo Quattrocchi ",1156691735,true,27000,18:30:00,3,2026-05-29 17:17:14.475+00,"Teo Quattrocchi ",,,2026-05-29 17:17:14.475+00
3308,2,2026-05-29,18:00:00,Tomas Baranda,1151507348,true,22000,18:30:00,1,2026-05-29 17:29:09.424+00,Tomas Baranda,,,2026-05-29 17:29:09.424+00
3309,2,2026-05-30,15:30:00,Nicolás Fingeret,1176137593,false,,16:00:00,1,2026-05-29 18:49:40.366+00,Nicolás Fingeret,2026-05-30 14:58:07.27+00,Martin,2026-05-29 18:49:40.366+00
3310,2,2026-05-30,18:00:00,Jonathan Zagni,1558893746,true,22000,19:00:00,3,2026-05-29 19:06:03.005+00,Jonathan Zagni,,,2026-05-29 19:06:03.005+00
3311,1,2026-05-29,16:30:00,Juani Munter,1169700431,true,22000,17:30:00,3,2026-05-29 19:07:56.877+00,Juani Munter,,,2026-05-29 19:07:56.877+00
3312,2,2026-05-30,11:00:00,Lucas Frias,1166751644,true,27000,12:00:00,3,2026-05-30 01:29:47.744+00,Lucas Frias,,,2026-05-30 01:29:47.744+00
3313,2,2026-05-30,16:30:00,Nicolas Fingeret,1176137593,true,22000,17:00:00,1,2026-05-30 13:40:58.581+00,Nicolas Fingeret,,,2026-05-30 13:40:58.581+00
3314,2,2026-05-30,17:30:00,Vernazza Gianluca,1165861050,true,22000,18:00:00,1,2026-05-30 16:43:05.854+00,Vernazza Gianluca,,,2026-05-30 16:43:05.854+00
3315,2,2026-06-02,10:30:00,Fernando Mauric,1138321255,false,,11:30:00,3,2026-05-30 18:48:34.106+00,Fernando Mauric,2026-06-02 11:20:24.492+00,Martin,2026-05-30 18:48:34.106+00
3316,2,2026-06-02,17:30:00,matias klein,1159648482,true,22000,18:00:00,1,2026-05-30 21:54:13.345+00,matias klein,,,2026-05-30 21:54:13.345+00
3317,1,2026-06-05,15:30:00,se lo pase a mauro.,1162562144,false,,16:00:00,1,2026-05-30 22:29:55.468+00,"Tomas ",2026-06-05 23:00:28.493+00,Facundo (Yayu),2026-05-30 22:29:55.468+00
3318,1,2026-06-03,18:30:00,Ivan Hirsch Fernandez,1165280396,true,27000,19:30:00,3,2026-05-31 16:08:25.06+00,Ivan Hirsch Fernandez,,,2026-05-31 16:08:25.06+00
3319,1,2026-06-02,18:00:00,Maximo pereyra leal,1141696393,true,22000,18:30:00,1,2026-05-31 17:26:29.752+00,Maximo pereyra leal,,,2026-05-31 17:26:29.752+00
3320,1,2026-06-02,18:30:00,Francisco Andino,1167261446,true,27000,19:30:00,3,2026-05-31 23:33:37.071+00,Francisco Andino,,,2026-05-31 23:33:37.071+00
3321,2,2026-06-02,15:00:00,Hilario,1140976100,true,22000,15:30:00,1,2026-06-01 12:53:27.108+00,Hilario,,,2026-06-01 12:53:27.108+00
3322,2,2026-06-02,18:00:00,"Federico Vicente Rua ",1168698762,true,22000,18:30:00,1,2026-06-01 14:50:35.246+00,"Federico Vicente Rua ",,,2026-06-01 14:50:35.246+00
3323,2,2026-06-04,17:00:00,Alejandro fragala,1533960717,true,27000,18:00:00,3,2026-06-01 16:01:42.821+00,Alejandro fragala,,,2026-06-01 16:01:42.821+00
3324,2,2026-06-02,18:30:00,"santiago cid ",1162381265,true,22000,19:00:00,1,2026-06-01 17:01:26.094+00,"santiago cid ",,,2026-06-01 17:01:26.094+00
3325,2,2026-06-03,16:00:00,Ezequiel Daneri,1161637405,true,22000,16:30:00,1,2026-06-01 17:45:30.792+00,Ezequiel Daneri,,,2026-06-01 17:45:30.792+00
3326,1,2026-06-02,10:30:00,Mateo Cristofalo,1138154401,false,,11:30:00,3,2026-06-01 21:42:37.766+00,Mateo Cristofalo,2026-06-01 21:50:20.763+00,Mateo Cristofalo,2026-06-01 21:42:37.766+00
3327,1,2026-06-02,11:00:00,Bytu,1138154401,true,27000,12:00:00,3,2026-06-01 21:50:58.989+00,Bytu,,,2026-06-01 21:50:58.989+00
3328,1,2026-06-02,10:30:00,Facu,,false,,11:00:00,1,2026-06-01 21:58:08.393+00,Facundo (Yayu),2026-06-02 22:37:15.974+00,Facundo (Yayu),2026-06-01 21:58:08.393+00
3329,2,2026-06-05,15:00:00,tomas batistella,1160003483,false,,15:30:00,1,2026-06-02 01:43:32.436+00,tomas batistella,2026-06-05 17:20:05.993+00,tomas batistella,2026-06-02 01:43:32.436+00
3330,1,2026-06-02,15:30:00,Gabriel  yayu,1140950777,true,27000,16:30:00,3,2026-06-02 10:24:16.113+00,"Gabriel ",,,2026-06-02 10:24:16.113+00
3331,1,2026-06-04,15:00:00,Luca Veliz,1131245506,false,,15:30:00,1,2026-06-02 10:29:10.046+00,Luca Veliz,2026-06-04 19:59:31.447+00,Facundo (Yayu),2026-06-02 10:29:10.046+00
3332,2,2026-06-02,10:30:00,Reservado,0000000000,false,,12:30:00,1,2026-06-02 11:20:49.787+00,Martin,2026-06-04 14:47:16.283+00,Martin,2026-06-02 11:20:49.787+00
3333,2,2026-06-03,18:30:00,"Fernando Mauric ",1138321255,false,,19:30:00,3,2026-06-02 11:56:25.575+00,"Fernando Mauric ",2026-06-02 12:01:07.256+00,"Fernando Mauric ",2026-06-02 11:56:25.575+00
3334,2,2026-06-02,19:00:00,Fernando Mauric,1138321255,false,,19:30:00,1,2026-06-02 12:00:19.788+00,Fernando Mauric,2026-06-02 22:53:21.784+00,Martin,2026-06-02 12:00:19.788+00
3335,1,2026-06-02,17:30:00,Tomas di chiara,1139027851,true,22000,18:00:00,1,2026-06-02 13:31:51.543+00,Tomas di chiara,,,2026-06-02 13:31:51.543+00
3336,1,2026-06-02,16:30:00,Mateo Estol,1167156100,true,22000,17:30:00,3,2026-06-02 16:00:16.96+00,Mateo Estol,,,2026-06-02 16:00:16.96+00
3337,2,2026-06-04,16:30:00,Leon Matias,1156305538,true,22000,17:00:00,1,2026-06-02 18:16:18.384+00,Leon Matias,,,2026-06-02 18:16:18.384+00
3338,2,2026-06-02,17:00:00,Serguo,1158932353,true,15000,17:30:00,2,2026-06-02 19:48:49.743+00,Serguo,,,2026-06-02 19:48:49.743+00
3339,2,2026-06-05,11:00:00,horacio,,true,22000,11:30:00,1,2026-06-02 19:55:44.349+00,Martin,,,2026-06-02 19:55:44.349+00
3340,1,2026-06-03,17:00:00,Pablo yayu,1159764194,true,22000,17:30:00,1,2026-06-02 22:15:45.082+00,Pablo,,,2026-06-02 22:15:45.082+00
3341,1,2026-06-05,16:00:00,Ramiro ramos,1540928717,true,22000,16:30:00,1,2026-06-02 23:07:29.941+00,Ramiro ramos,,,2026-06-02 23:07:29.941+00
3342,2,2026-06-04,15:30:00,Federico Conde,1158039075,true,27000,16:30:00,3,2026-06-02 23:13:04.291+00,Federico Conde,,,2026-06-02 23:13:04.291+00
3343,1,2026-06-04,18:00:00,Leandro Sosa,1167036563,false,,18:30:00,1,2026-06-03 02:16:29.819+00,Leandro Sosa,2026-06-04 13:16:05.81+00,Leandro Sosa,2026-06-03 02:16:29.819+00
3344,2,2026-06-03,10:30:00,"Reservado ",0000000000,false,,15:00:00,1,2026-06-03 08:03:55.496+00,Martin,2026-06-04 14:47:19.153+00,Martin,2026-06-03 08:03:55.496+00
3345,1,2026-06-04,19:00:00,Pablo cariglino,1133216714,false,,19:30:00,1,2026-06-03 11:04:50.584+00,Pablo cariglino,2026-06-04 22:41:46.854+00,Facundo (Yayu),2026-06-03 11:04:50.584+00
3346,1,2026-06-03,10:30:00,Facu,,false,,11:30:00,3,2026-06-03 11:45:32.661+00,Facundo (Yayu),2026-06-03 19:03:10.105+00,Facundo (Yayu),2026-06-03 11:45:32.661+00
3347,1,2026-06-06,18:30:00,Federico Rusconi,1128074474,false,,19:30:00,3,2026-06-03 12:07:32.516+00,Federico Rusconi,2026-06-05 03:47:49.666+00,Federico Rusconi,2026-06-03 12:07:32.516+00
3348,1,2026-06-03,18:00:00,"Jorge candia ",1159304532,true,22000,18:30:00,1,2026-06-03 12:10:51.654+00,"Jorge candia ",,,2026-06-03 12:10:51.654+00
3349,1,2026-06-03,15:00:00,Agus,3131313113,false,,16:00:00,3,2026-06-03 13:01:41.837+00,Agus,2026-06-03 22:53:54.351+00,Facundo (Yayu),2026-06-03 13:01:41.837+00
3350,1,2026-06-03,12:00:00,Luciano Dodera,1159649066,false,,12:30:00,1,2026-06-03 13:05:54.922+00,Luciano Dodera,2026-06-03 19:03:13.715+00,Facundo (Yayu),2026-06-03 13:05:54.922+00
3351,1,2026-06-03,12:30:00,Santiago Nadin,1155634941,true,22000,13:30:00,3,2026-06-03 13:47:42.676+00,Santiago Nadin,,,2026-06-03 13:47:42.676+00
3352,1,2026-06-04,12:00:00,"Agustín Dodera ",1150398159,true,22000,12:30:00,1,2026-06-03 14:12:33.663+00,"Agustín Dodera ",,,2026-06-03 14:12:33.663+00
3353,2,2026-06-06,19:00:00,Nicolas ojeda,1164849781,true,22000,19:30:00,1,2026-06-03 14:15:25.968+00,Nicolas ojeda,,,2026-06-03 14:15:25.968+00
3354,2,2026-06-06,17:00:00,"Lucho ",1166178760,true,22000,17:30:00,1,2026-06-03 14:25:30.732+00,"Lucho ",,,2026-06-03 14:25:30.732+00
3355,1,2026-06-06,17:00:00,Martin Bergara,1166178760,true,22000,17:30:00,1,2026-06-03 14:25:57.159+00,Martin Bergara,,,2026-06-03 14:25:57.159+00
3356,1,2026-06-03,16:00:00,agus,,false,,16:30:00,1,2026-06-03 15:05:10.377+00,Facundo (Yayu),2026-06-03 22:53:57.418+00,Facundo (Yayu),2026-06-03 15:05:10.377+00
3357,2,2026-06-05,10:30:00,"Cesar ",,true,22000,11:00:00,1,2026-06-03 15:16:50.611+00,Martin,,,2026-06-03 15:16:50.611+00
3358,2,2026-06-03,16:30:00,luishi,5491123357482,true,22000,17:00:00,1,2026-06-03 15:28:52.433+00,Martin,,,2026-06-03 15:28:52.433+00
3359,1,2026-06-04,18:30:00,German Vita,1151169882,true,22000,19:00:00,1,2026-06-03 16:39:46.088+00,German Vita,,,2026-06-03 16:39:46.088+00
3360,1,2026-06-04,11:30:00,Luciano Dodera,1159649066,true,22000,12:00:00,1,2026-06-03 17:24:13.954+00,Luciano Dodera,,,2026-06-03 17:24:13.954+00
3361,1,2026-06-09,12:00:00,Yony,1135598966,false,,13:00:00,3,2026-06-03 17:51:59.206+00,Yony,2026-06-09 22:17:57.449+00,Facundo (Yayu),2026-06-03 17:51:59.206+00
3362,1,2026-06-06,16:00:00,Joaquin Romero,1157589495,false,,17:00:00,3,2026-06-03 18:23:11.27+00,Joaquin Romero,2026-06-06 22:39:08.42+00,Facundo (Yayu),2026-06-03 18:23:11.27+00
3363,2,2026-06-03,17:00:00,Mariano Cianni,1164071911,true,22000,17:30:00,1,2026-06-03 18:48:22.043+00,Mariano Cianni,,,2026-06-03 18:48:22.043+00
3364,1,2026-06-04,15:30:00,agus,,false,,16:30:00,3,2026-06-03 19:01:55.335+00,Facundo (Yayu),2026-06-04 19:59:40.103+00,Facundo (Yayu),2026-06-03 19:01:55.335+00
3365,1,2026-06-05,16:30:00,"Galo codini ",1165840032,true,22000,17:00:00,1,2026-06-03 19:05:25.745+00,"Galo codini ",,,2026-06-03 19:05:25.745+00
3366,2,2026-06-05,16:30:00,"TOMAS Vila ",1158779176,true,22000,17:00:00,1,2026-06-03 19:06:11.796+00,"TOMAS Vila ",,,2026-06-03 19:06:11.796+00
3367,1,2026-06-05,17:00:00,Gian Labarile,1125732523,true,27000,18:00:00,3,2026-06-03 20:58:49.454+00,Gian Labarile,,,2026-06-03 20:58:49.454+00
3368,1,2026-06-06,12:30:00,Tomas Mendonca,1159135961,true,27000,13:30:00,3,2026-06-03 21:06:44.415+00,Tomas Mendonca,,,2026-06-03 21:06:44.415+00
3369,2,2026-06-06,12:00:00,Mateo Perez Salvo,1138601347,true,22000,13:00:00,3,2026-06-03 22:11:44.782+00,Mateo Perez Salvo,,,2026-06-03 22:11:44.782+00
3370,1,2026-06-04,12:30:00,Laucha,2235444775,true,27000,13:30:00,3,2026-06-03 23:21:18.076+00,Laucha,,,2026-06-03 23:21:18.076+00
3371,1,2026-06-04,16:30:00,tomas daversa,1162532404,false,,17:00:00,1,2026-06-03 23:34:28.475+00,Bautista Solana,2026-06-04 19:59:37.228+00,Facundo (Yayu),2026-06-03 23:34:28.475+00
3372,2,2026-06-05,19:00:00,"Francisco Diedrichs ",1140860207,false,,19:30:00,1,2026-06-03 23:40:46.787+00,"Francisco Diedrichs ",2026-06-05 22:30:30.469+00,Martin,2026-06-03 23:40:46.787+00
3373,1,2026-06-04,10:30:00,"Brian Soria ",1168756813,false,,11:30:00,3,2026-06-04 01:08:05.375+00,"Brian Soria ",2026-06-04 17:33:35.802+00,Facundo (Yayu),2026-06-04 01:08:05.375+00
3374,2,2026-06-04,10:30:00,"Nico B ",,false,,11:30:00,3,2026-06-04 05:33:19.237+00,Martin,2026-06-04 14:45:15.246+00,Martin,2026-06-04 05:33:19.237+00
3375,1,2026-06-05,12:30:00,Jonatan Soria,1135598966,true,27000,13:30:00,3,2026-06-04 10:16:45.671+00,Jonatan Soria,,,2026-06-04 10:16:45.671+00
3376,1,2026-06-13,10:30:00,Matias Myma,1121687855,false,,11:30:00,3,2026-06-04 11:16:30.184+00,Matias Myma,2026-06-13 22:39:48.955+00,Facundo (Yayu),2026-06-04 11:16:30.184+00
3377,1,2026-06-04,16:00:00,"Tomás D’Aversa ",1169608371,false,,16:30:00,1,2026-06-04 11:17:32.584+00,"Tomás D’Aversa ",2026-06-04 13:46:40.293+00,Facundo (Yayu),2026-06-04 11:17:32.584+00
3378,1,2026-06-06,17:30:00,nahuel noguera,1132136910,true,22000,18:30:00,3,2026-06-04 12:10:58.013+00,nahuel noguera,,,2026-06-04 12:10:58.013+00
3379,1,2026-06-05,18:00:00,Mateo dodera,1167272468,true,27000,19:00:00,3,2026-06-04 12:34:13.226+00,Mateo dodera,,,2026-06-04 12:34:13.226+00
3380,1,2026-06-04,17:00:00,Leandro Sosa,1167036563,true,22000,18:00:00,3,2026-06-04 13:15:36.54+00,Leandro Sosa,,,2026-06-04 13:15:36.54+00
3381,5,2026-06-04,16:30:00,Bautista solana,,true,22000,17:00:00,1,2026-06-04 13:45:21.189+00,Mauro,,,2026-06-04 13:45:21.189+00
3382,5,2026-06-04,19:00:00,pablo cariglino,,true,22000,19:30:00,1,2026-06-04 13:46:09.904+00,Mauro,,,2026-06-04 13:46:09.904+00
3383,5,2026-06-04,15:00:00,lucas veliz,,true,22000,15:30:00,1,2026-06-04 13:47:19.711+00,Mauro,,,2026-06-04 13:47:19.711+00
3384,1,2026-06-05,15:00:00,Nicolás Ferrari,1138450000,true,22000,15:30:00,1,2026-06-04 15:25:15.289+00,Nicolás Ferrari,,,2026-06-04 15:25:15.289+00
3385,1,2026-06-05,19:00:00,Juan Manuel Ottaviano,1127195413,true,22000,19:30:00,1,2026-06-04 15:35:48.981+00,Juan Manuel Ottaviano,,,2026-06-04 15:35:48.981+00
3386,2,2026-06-05,18:30:00,Lucas,1162672505,true,22000,19:00:00,1,2026-06-04 15:45:18.909+00,Lucas,,,2026-06-04 15:45:18.909+00
3387,1,2026-06-05,11:00:00,"Lisandro Nadin ",1126080473,true,22000,11:30:00,1,2026-06-04 15:55:21.78+00,"Lisandro Nadin ",,,2026-06-04 15:55:21.78+00
3388,5,2026-06-04,12:30:00,puerta,,true,22000,13:00:00,1,2026-06-04 16:28:30.182+00,Mauro,,,2026-06-04 16:28:30.182+00
3389,1,2026-06-04,18:00:00,Felipe yayu,1167838146,true,22000,18:30:00,1,2026-06-04 17:17:27.741+00,Felipe,,,2026-06-04 17:17:27.741+00
3390,2,2026-06-04,15:00:00,gaston fasito,,false,,15:30:00,1,2026-06-04 17:47:00.874+00,Martin,2026-06-04 18:26:44.136+00,Martin,2026-06-04 17:47:00.874+00
3391,2,2026-06-05,13:00:00,Marco,1152291146,true,22000,13:30:00,1,2026-06-04 17:48:36.925+00,Marco,,,2026-06-04 17:48:36.925+00
3392,5,2026-06-04,18:30:00,german Scherma,1169711380,true,22000,19:00:00,1,2026-06-04 19:22:16.75+00,german Scherma,,,2026-06-04 19:22:16.75+00
3393,2,2026-06-05,17:00:00,"Rodri Larre ",1130403257,true,22000,17:30:00,1,2026-06-04 19:46:46.716+00,"Rodri Larre ",,,2026-06-04 19:46:46.716+00
3394,5,2026-06-05,15:30:00,tomas,,true,22000,16:00:00,1,2026-06-04 20:01:50.161+00,Mauro,,,2026-06-04 20:01:50.161+00
3395,1,2026-06-06,11:30:00,Flavio Matias de Benedetti,1134755495,true,22000,12:30:00,3,2026-06-04 20:10:55.892+00,Flavio Matias de Benedetti,,,2026-06-04 20:10:55.892+00
3396,1,2026-06-05,11:30:00,D'Aversa,1169608371,true,22000,12:30:00,3,2026-06-04 20:59:47.562+00,D'Aversa,,,2026-06-04 20:59:47.562+00
3397,1,2026-06-05,10:30:00,Julian yayu,1153299875,true,22000,11:00:00,1,2026-06-04 21:40:20.694+00,Julian,,,2026-06-04 21:40:20.694+00
3398,1,2026-06-09,11:00:00,"Santiago Gonzalez ",1126430079,false,,11:30:00,5,2026-06-04 22:32:42.148+00,"Santiago Gonzalez ",2026-06-09 22:17:53.811+00,Facundo (Yayu),2026-06-04 22:32:42.148+00
3399,1,2026-06-09,11:30:00,"Franchesco Marinangeli ",1168760207,true,22000,12:00:00,4,2026-06-04 22:33:28.355+00,"Franchesco Marinangeli ",,,2026-06-04 22:33:28.355+00
3400,2,2026-06-05,11:30:00,Agustin Damico,1122579911,true,22000,12:00:00,1,2026-06-04 23:33:46.091+00,Agustin Damico,,,2026-06-04 23:33:46.091+00
3401,2,2026-06-05,17:30:00,Tomas Sanin,1161416865,true,22000,18:30:00,3,2026-06-05 01:26:12.461+00,Tomas Sanin,,,2026-06-05 01:26:12.461+00
3402,1,2026-06-06,15:00:00,"Federico De Santis ",1177169019,true,22000,16:00:00,3,2026-06-05 01:43:39.643+00,"Federico De Santis ",,,2026-06-05 01:43:39.643+00
3403,2,2026-06-06,15:30:00,Tomas Miranda,1128474900,true,22000,16:00:00,1,2026-06-05 01:53:17.402+00,Tomas Miranda,,,2026-06-05 01:53:17.402+00
3404,1,2026-06-11,18:30:00,Federico Mattei,1133456487,true,27000,19:30:00,3,2026-06-05 02:20:41.952+00,Federico Mattei,,,2026-06-05 02:20:41.952+00
3405,1,2026-06-06,10:30:00,Federico Rusconi,1128074474,true,22000,11:30:00,3,2026-06-05 03:48:15.117+00,Federico Rusconi,,,2026-06-05 03:48:15.117+00
3406,1,2026-06-06,18:30:00,Alejandro Cacetta,1151322629,true,22000,19:30:00,3,2026-06-05 09:47:20.212+00,Alejandro Cacetta,,,2026-06-05 09:47:20.212+00
3407,1,2026-06-09,18:00:00,Tomas wolfram,1136632852,true,27000,19:00:00,3,2026-06-05 11:44:42.402+00,Tomas wolfram,,,2026-06-05 11:44:42.402+00
3408,2,2026-06-06,13:00:00,Tobias Ezequiel Pereyra,1176100725,true,22000,13:30:00,1,2026-06-05 13:27:30.747+00,Tobias Ezequiel Pereyra,,,2026-06-05 13:27:30.747+00
3409,5,2026-06-09,16:30:00,ignacio,5491162583926,false,,17:00:00,1,2026-06-05 15:58:09.626+00,Mauro,,,2026-06-05 15:58:09.626+00
3410,5,2026-06-05,16:30:00,Francisco Pascuzzi Serra,1158562504,true,22000,17:00:00,1,2026-06-05 17:17:45.667+00,Francisco Pascuzzi Serra,,,2026-06-05 17:17:45.667+00
3411,2,2026-06-06,10:30:00,"Roberto Parrado ",1149984753,true,22000,11:00:00,1,2026-06-05 23:27:51.364+00,"Roberto Parrado ",,,2026-06-05 23:27:51.364+00
3412,2,2026-06-06,11:00:00,federico frutos,1126146441,true,22000,11:30:00,1,2026-06-06 00:15:23.361+00,federico frutos,,,2026-06-06 00:15:23.361+00
3413,2,2026-06-06,11:30:00,Ernesto Abeijon,1160411983,false,,12:00:00,1,2026-06-06 00:43:34.301+00,Ernesto Abeijon,2026-06-06 15:49:38.238+00,Martin,2026-06-06 00:43:34.301+00
3414,2,2026-06-06,17:30:00,Diego,1169733928,true,22000,18:00:00,1,2026-06-06 04:35:17.105+00,Diego,,,2026-06-06 04:35:17.105+00
3415,5,2026-06-06,11:30:00,ernesto,,true,22000,12:00:00,1,2026-06-06 13:24:29.104+00,Mauro,,,2026-06-06 13:24:29.104+00
3416,5,2026-06-06,15:00:00,M,,false,,15:30:00,1,2026-06-06 13:59:31.772+00,Mauro,2026-06-06 16:25:25.758+00,Mauro,2026-06-06 13:59:31.772+00
3417,5,2026-06-06,18:00:00,m,,false,,18:30:00,1,2026-06-06 13:59:56.986+00,Mauro,2026-06-06 17:50:19.727+00,Mauro,2026-06-06 13:59:56.986+00
3418,2,2026-06-06,15:00:00,Miyer Rivero,1128741039,true,22000,15:30:00,1,2026-06-06 14:06:04.497+00,Miyer Rivero,,,2026-06-06 14:06:04.497+00
3419,2,2026-06-06,18:30:00,Martin Cianni,1164070414,true,22000,19:00:00,1,2026-06-06 14:15:49.364+00,Martin Cianni,,,2026-06-06 14:15:49.364+00
3420,5,2026-06-06,12:00:00,baltazar,,true,22000,12:30:00,1,2026-06-06 14:27:43.353+00,Mauro,,,2026-06-06 14:27:43.353+00
3421,2,2026-06-06,18:00:00,"Sebastian ",1167973180,true,15000,18:30:00,2,2026-06-06 14:45:33.138+00,"Sebastian ",,,2026-06-06 14:45:33.138+00
3422,5,2026-06-06,12:30:00,martin,,true,22000,13:00:00,1,2026-06-06 14:48:20.191+00,Mauro,,,2026-06-06 14:48:20.191+00
3423,2,2026-06-06,16:00:00,nicolas grasso,1122996333,true,27000,17:00:00,3,2026-06-06 15:53:12.064+00,nicolas grasso,,,2026-06-06 15:53:12.064+00
3424,5,2026-06-06,16:30:00,"Pepi ",1138590613,true,22000,17:00:00,1,2026-06-06 17:04:05.655+00,"Pepi ",,,2026-06-06 17:04:05.655+00
3425,5,2026-06-06,18:30:00,Juan Pablo Garbarini,1128716055,true,27000,19:00:00,1,2026-06-06 17:32:57.082+00,Juan Pablo Garbarini,,,2026-06-06 17:32:57.082+00
3426,5,2026-06-06,15:00:00,mauro,,false,,15:30:00,1,2026-06-06 18:04:12.199+00,Mauro,2026-06-06 23:09:04.01+00,Mauro,2026-06-06 18:04:12.199+00
3427,1,2026-06-09,10:30:00,Daniel Natale,1136927011,true,22000,11:00:00,1,2026-06-06 18:43:13.396+00,Daniel Natale,,,2026-06-06 18:43:13.396+00
3428,5,2026-06-06,17:30:00,Puerta,,true,22000,18:00:00,1,2026-06-06 20:51:39.447+00,Mauro,,,2026-06-06 20:51:39.447+00
3429,5,2026-06-06,18:00:00,juan,,true,22000,18:30:00,1,2026-06-06 21:37:48.163+00,Mauro,,,2026-06-06 21:37:48.163+00
3430,1,2026-06-11,18:00:00,Pedro Izuel,1157231859,false,,18:30:00,1,2026-06-07 18:22:00.053+00,Pedro Izuel,2026-06-10 16:14:21.531+00,Pedro Izuel,2026-06-07 18:22:00.053+00
3431,1,2026-06-09,17:30:00,"Martín Mozzino ",1562714575,true,22000,18:00:00,1,2026-06-07 20:49:45.536+00,"Martín Mozzino ",,,2026-06-07 20:49:45.536+00
3432,1,2026-06-12,15:30:00,Gonzalo Cacetta,1138992748,true,22000,16:00:00,1,2026-06-07 21:36:17.798+00,Gonzalo Cacetta,,,2026-06-07 21:36:17.798+00
3433,2,2026-06-12,10:30:00,Gonzalo Fragalá,1161831634,true,22000,11:00:00,1,2026-06-08 12:29:50.567+00,Gonzalo Fragalá,,,2026-06-08 12:29:50.567+00
3434,2,2026-06-09,13:00:00,Leonel Ghersi,1134925200,true,22000,13:30:00,1,2026-06-08 13:51:39.532+00,Leonel Ghersi,,,2026-06-08 13:51:39.532+00
3435,2,2026-06-09,10:30:00,"Reservado ",0000000000,false,,13:00:00,1,2026-06-09 02:16:36.759+00,Martin,2026-06-10 22:56:38.318+00,Martin,2026-06-09 02:16:36.759+00
3436,1,2026-06-10,13:00:00,Federico Falotico,1158678400,true,22000,13:30:00,1,2026-06-09 02:38:27.36+00,Federico Falotico,,,2026-06-09 02:38:27.36+00
3437,1,2026-06-09,13:00:00,Yony,1121311313614664,false,,13:30:00,1,2026-06-09 03:47:34.981+00,Facundo (Yayu),2026-06-09 22:18:00.252+00,Facundo (Yayu),2026-06-09 03:47:34.981+00
3438,1,2026-06-10,18:30:00,Juan Pablo Bruno,1168711031,true,27000,19:30:00,3,2026-06-09 10:02:25.147+00,Juan Pablo Bruno,,,2026-06-09 10:02:25.147+00
3439,2,2026-06-12,16:30:00,santino vernazza,1180591127,true,22000,17:00:00,1,2026-06-09 10:37:14.751+00,santino vernazza,,,2026-06-09 10:37:14.751+00
3440,2,2026-06-16,15:00:00,Gustavo Fingeret,1164682144,false,,15:30:00,1,2026-06-09 11:51:30.755+00,Gustavo Fingeret,2026-06-13 16:27:31.453+00,Martin,2026-06-09 11:51:30.755+00
3441,2,2026-06-09,17:30:00,Hernan Barra,1131637708,true,22000,18:00:00,1,2026-06-09 12:31:04.571+00,Hernan Barra,,,2026-06-09 12:31:04.571+00
3442,6,2026-06-09,11:30:00,Mauro,,false,,12:00:00,1,2026-06-09 14:39:50.518+00,Mauro,2026-06-09 22:18:40.537+00,Mauro,2026-06-09 14:39:50.518+00
3443,6,2026-06-11,16:30:00,Ignacio,5491162583926,true,22000,17:00:00,1,2026-06-09 14:44:25.267+00,Mauro,,,2026-06-09 14:44:25.267+00
3444,1,2026-06-09,19:00:00,tomi,,false,,19:30:00,1,2026-06-09 15:17:08.951+00,Facundo (Yayu),2026-06-09 22:18:24.22+00,Facundo (Yayu),2026-06-09 15:17:08.951+00
3445,6,2026-06-09,12:30:00,Martin,2944601775,true,22000,13:00:00,1,2026-06-09 15:21:24.146+00,Martin,,,2026-06-09 15:21:24.146+00
3446,1,2026-06-10,17:30:00,Ramiro nasif,1122518748,true,27000,18:30:00,3,2026-06-09 16:02:32.213+00,Ramiro nasif,,,2026-06-09 16:02:32.213+00
3447,1,2026-06-09,17:00:00,pablo Sobrero,1131626589,true,22000,17:30:00,1,2026-06-09 16:29:36.82+00,pablo Sobrero,,,2026-06-09 16:29:36.82+00
3448,2,2026-06-13,19:00:00,Seba,,true,27000,20:00:00,3,2026-06-09 16:37:00.138+00,Martin,,,2026-06-09 16:37:00.138+00
3449,2,2026-06-11,10:30:00,Nico B,,false,,11:30:00,3,2026-06-09 16:37:37.584+00,Martin,2026-06-11 13:55:12.835+00,Martin,2026-06-09 16:37:37.584+00
3450,1,2026-06-10,10:30:00,David,1166866100,true,22000,11:00:00,1,2026-06-09 17:34:02.481+00,David,,,2026-06-09 17:34:02.481+00
3451,1,2026-06-12,13:00:00,Ramiro Lukezic,1163368573,false,,13:30:00,1,2026-06-09 21:31:16.553+00,Ramiro Lukezic,2026-06-10 16:34:41.958+00,Facundo (Yayu),2026-06-09 21:31:16.553+00
3452,1,2026-06-12,12:30:00,Pupi,1136274242,false,,13:30:00,3,2026-06-09 21:32:15.615+00,Pupi,2026-06-12 14:44:53.615+00,Facundo (Yayu),2026-06-09 21:32:15.615+00
3453,1,2026-06-13,13:00:00,l,,false,,13:30:00,1,2026-06-09 21:39:44.606+00,Facundo (Yayu),2026-06-09 21:40:04.683+00,Facundo (Yayu),2026-06-09 21:39:44.606+00
3454,1,2026-06-13,12:30:00,yh,,false,,13:30:00,3,2026-06-09 21:39:57.014+00,Facundo (Yayu),2026-06-09 21:40:07.652+00,Facundo (Yayu),2026-06-09 21:39:57.014+00
3455,1,2026-06-13,13:00:00,hny,,false,,13:30:00,1,2026-06-09 21:40:14.574+00,Facundo (Yayu),2026-06-09 21:40:31.241+00,Facundo (Yayu),2026-06-09 21:40:14.574+00
3456,1,2026-06-13,12:30:00,hgb yg,,false,,13:30:00,3,2026-06-09 21:40:23.34+00,Facundo (Yayu),2026-06-09 21:40:27.842+00,Facundo (Yayu),2026-06-09 21:40:23.34+00
3457,2,2026-06-10,16:00:00,Bautista Furnari,1166510886,true,22000,16:30:00,1,2026-06-09 22:31:19.866+00,Bautista Furnari,,,2026-06-09 22:31:19.866+00
3458,2,2026-06-10,19:00:00,"Francisco Diedrichs ",1140860207,true,22000,19:30:00,1,2026-06-09 22:56:50.971+00,"Francisco Diedrichs ",,,2026-06-09 22:56:50.971+00
3459,2,2026-06-10,18:30:00,Bauti Flaquer,1155791471,true,22000,19:00:00,1,2026-06-10 01:42:02.963+00,Bauti Flaquer,,,2026-06-10 01:42:02.963+00
3460,2,2026-06-10,10:30:00,"Reservado ",0000000000,false,,15:00:00,1,2026-06-10 02:33:48.255+00,Martin,2026-06-10 22:56:43.367+00,Martin,2026-06-10 02:33:48.255+00
3461,2,2026-06-11,11:30:00,Fernando Maldonado,1169435257,true,22000,12:00:00,1,2026-06-10 10:01:05.88+00,Fernando Maldonado,,,2026-06-10 10:01:05.88+00
3462,2,2026-06-10,17:00:00,Coco,1133020000,false,,18:00:00,3,2026-06-10 12:08:26.132+00,Coco,2026-06-10 18:33:58.283+00,Martin,2026-06-10 12:08:26.132+00
3463,6,2026-06-10,13:00:00,Sergio,1158932353,true,22000,13:30:00,1,2026-06-10 15:51:49.533+00,Sergio,,,2026-06-10 15:51:49.533+00
3464,1,2026-06-13,15:00:00,cumple de mati,,false,,16:00:00,3,2026-06-10 15:55:59.005+00,Facundo (Yayu),2026-06-13 22:39:51.55+00,Facundo (Yayu),2026-06-10 15:55:59.005+00
3465,1,2026-06-16,12:30:00,Ramiro Lukezic,1163368573,true,22000,13:30:00,3,2026-06-10 15:56:43.451+00,Ramiro Lukezic,,,2026-06-10 15:56:43.451+00
3466,6,2026-06-10,12:30:00,jose luis,,true,15000,13:00:00,2,2026-06-10 16:08:22.899+00,Mauro,,,2026-06-10 16:08:22.899+00
3467,1,2026-06-11,17:30:00,Pedro Izuel,1157231859,true,22000,18:30:00,3,2026-06-10 16:13:46.895+00,Pedro Izuel,,,2026-06-10 16:13:46.895+00
3468,1,2026-06-10,16:30:00,Mauro,1159820607,true,22000,17:00:00,1,2026-06-10 16:15:22.398+00,Mauro,,,2026-06-10 16:15:22.398+00
3469,1,2026-06-10,17:00:00,Julian,1159820607,true,22000,17:30:00,5,2026-06-10 16:15:54.107+00,Julian,,,2026-06-10 16:15:54.107+00
3470,2,2026-06-10,15:30:00,Gianluca sibione,1158043916,true,22000,16:00:00,1,2026-06-10 16:23:39.835+00,Gianluca sibione,,,2026-06-10 16:23:39.835+00
3471,1,2026-06-10,15:00:00,agus,,false,,16:00:00,3,2026-06-10 17:10:15.591+00,Facundo (Yayu),2026-06-10 22:23:49.487+00,Facundo (Yayu),2026-06-10 17:10:15.591+00
3472,6,2026-06-10,16:00:00,Facundo,,true,27000,17:00:00,3,2026-06-10 19:56:40.937+00,Mauro,,,2026-06-10 19:56:40.937+00
3473,6,2026-06-10,17:00:00,puli,,true,22000,17:30:00,1,2026-06-10 20:18:24.076+00,Mauro,,,2026-06-10 20:18:24.076+00
3474,1,2026-06-11,10:30:00,Mama,0000000000,false,,13:00:00,1,2026-06-10 23:03:57.515+00,Facundo (Yayu),2026-06-11 18:58:26.981+00,Facundo (Yayu),2026-06-10 23:03:57.515+00
3475,1,2026-06-11,13:00:00,Mama,113262656565659,false,,13:30:00,1,2026-06-10 23:04:38.263+00,Facundo (Yayu),2026-06-11 18:58:30.401+00,Facundo (Yayu),2026-06-10 23:04:38.263+00
3476,1,2026-06-11,15:00:00,"Brian Soria ",1168756813,false,,15:30:00,1,2026-06-10 23:50:44.017+00,"Brian Soria ",2026-06-13 22:39:59.356+00,Facundo (Yayu),2026-06-10 23:50:44.017+00
3477,1,2026-06-13,16:00:00,Joaco Romero,1157589495,true,27000,17:00:00,3,2026-06-11 02:00:00.166+00,Joaco Romero,,,2026-06-11 02:00:00.166+00
3478,1,2026-06-12,18:00:00,Ramiro Spinelli Riso,1137259564,true,27000,19:00:00,3,2026-06-11 02:26:22.152+00,Ramiro Spinelli Riso,,,2026-06-11 02:26:22.152+00
3479,1,2026-06-11,17:00:00,francisco grippo,1138301019,false,,17:30:00,1,2026-06-11 04:15:55.755+00,francisco grippo,2026-06-11 15:46:32.807+00,francisco grippo,2026-06-11 04:15:55.755+00
3480,2,2026-06-11,12:00:00,"Javier ",3415328035,true,22000,12:30:00,1,2026-06-11 05:17:24.765+00,"Javier ",,,2026-06-11 05:17:24.765+00
3481,2,2026-06-11,12:30:00,Juan Manuel Novo,1554145310,true,22000,13:00:00,1,2026-06-11 10:22:02.201+00,Juan Manuel Novo,,,2026-06-11 10:22:02.201+00
3482,6,2026-06-11,10:30:00,.,,false,,11:00:00,1,2026-06-11 13:06:25.111+00,Mauro,2026-06-11 13:42:55.204+00,Mauro,2026-06-11 13:06:25.111+00
3483,1,2026-06-12,10:30:00,Facundo,,false,,11:30:00,3,2026-06-11 13:39:36.922+00,Facundo (Yayu),2026-06-12 22:35:44.569+00,Facundo (Yayu),2026-06-11 13:39:36.922+00
3484,6,2026-06-11,11:00:00,puerta,,true,22000,11:30:00,1,2026-06-11 14:18:12.104+00,Mauro,,,2026-06-11 14:18:12.104+00
3485,2,2026-06-11,15:30:00,"Bautista ciminieri ",1167472367,true,27000,16:30:00,3,2026-06-11 14:25:37.888+00,"Bautista ciminieri ",,,2026-06-11 14:25:37.888+00
3486,2,2026-06-11,18:30:00,Benja,,false,,19:30:00,3,2026-06-11 14:34:28.785+00,Martin,2026-06-12 12:36:07.906+00,Martin,2026-06-11 14:34:28.785+00
3487,2,2026-06-12,17:30:00,bautista cortigiani,1127873050,true,27000,18:30:00,3,2026-06-11 16:35:26.495+00,bautista cortigiani,,,2026-06-11 16:35:26.495+00
3488,2,2026-06-11,18:00:00,"santino dandrea ",1140800976,true,22000,18:30:00,1,2026-06-11 19:00:22.658+00,"santino dandrea ",,,2026-06-11 19:00:22.658+00
3489,1,2026-06-12,11:30:00,Matias Wolfram,1128803953,true,27000,12:30:00,3,2026-06-11 19:14:07.36+00,Matias Wolfram,,,2026-06-11 19:14:07.36+00
3490,6,2026-06-11,17:00:00,puerta,,true,22000,17:30:00,1,2026-06-11 20:07:25.273+00,Mauro,,,2026-06-11 20:07:25.273+00
3491,6,2026-06-11,17:30:00,marcelo,,true,22000,18:00:00,1,2026-06-11 21:09:22.817+00,Mauro,,,2026-06-11 21:09:22.817+00
3492,2,2026-06-12,11:00:00,Tuti Gelormini,1165016970,true,22000,12:00:00,3,2026-06-11 21:28:00.196+00,Tuti Gelormini,,,2026-06-11 21:28:00.196+00
3493,2,2026-06-13,16:00:00,Gianluca Vernazza,1165861050,true,27000,17:00:00,3,2026-06-12 01:09:24.11+00,Gianluca Vernazza,,,2026-06-12 01:09:24.11+00
3494,2,2026-06-12,16:00:00,Gaston pablo Monasterolo,1132553153,true,22000,16:30:00,1,2026-06-12 10:17:39.194+00,Gaston pablo Monasterolo,,,2026-06-12 10:17:39.194+00
3495,2,2026-06-13,18:30:00,Jose maria schweizer,1160257332,true,22000,19:00:00,1,2026-06-12 11:00:00.325+00,Jose maria schweizer,,,2026-06-12 11:00:00.325+00
3496,1,2026-06-12,16:00:00,Camilo,1165581998,true,22000,17:00:00,3,2026-06-12 13:10:46.424+00,Camilo,,,2026-06-12 13:10:46.424+00
3497,2,2026-06-19,15:30:00,"Benjamin ",1160106907,true,22000,16:00:00,1,2026-06-12 13:36:45.63+00,"Benjamin ",,,2026-06-12 13:36:45.63+00
3498,1,2026-06-13,11:30:00,Lucas Rodríguez Peluso,1554931688,true,22000,12:00:00,1,2026-06-12 15:53:28.296+00,Lucas Rodríguez Peluso,,,2026-06-12 15:53:28.296+00
3499,2,2026-06-12,17:00:00,"Beltrán ",1158109997,false,,17:30:00,5,2026-06-12 15:56:08.915+00,"Beltrán ",2026-06-12 20:33:10.783+00,Martin,2026-06-12 15:56:08.915+00
3500,2,2026-06-13,10:30:00,"Nacho Tuya ",1168796220,true,22000,11:00:00,1,2026-06-12 17:09:40.594+00,"Nacho Tuya ",,,2026-06-12 17:09:40.594+00
3501,2,2026-06-13,11:00:00,"Felipe Beliera ",1128820008,true,22000,11:30:00,1,2026-06-12 17:27:40.184+00,"Felipe Beliera ",,,2026-06-12 17:27:40.184+00
3502,1,2026-06-12,19:00:00,rama,,false,,19:30:00,1,2026-06-12 17:59:57.701+00,Facundo (Yayu),2026-06-12 22:35:14.737+00,Facundo (Yayu),2026-06-12 17:59:57.701+00
3503,2,2026-06-12,18:30:00,Juan Martín Gomez,1128842557,false,,19:00:00,1,2026-06-12 19:04:02.98+00,Juan Martín Gomez,2026-06-12 22:45:48.922+00,Martin,2026-06-12 19:04:02.98+00
3504,1,2026-06-13,12:00:00,Cristian anzaldo,1568272839,true,22000,12:30:00,1,2026-06-12 20:28:57.816+00,Cristian anzaldo,,,2026-06-12 20:28:57.816+00
3505,6,2026-06-12,18:00:00,Matias,,true,22000,18:30:00,1,2026-06-12 21:39:32.653+00,Mauro,,,2026-06-12 21:39:32.653+00
3506,6,2026-06-13,10:30:00,Augusto,1123472798,false,,11:00:00,1,2026-06-12 21:43:56.439+00,Augusto,2026-06-13 01:31:39.071+00,Augusto,2026-06-12 21:43:56.439+00
3507,6,2026-06-12,17:00:00,beltran,,true,22000,17:30:00,1,2026-06-12 22:37:17.405+00,Mauro,,,2026-06-12 22:37:17.405+00
3508,1,2026-06-13,12:30:00,Tomas Lucente,1169187984,true,27000,13:30:00,3,2026-06-12 23:22:59.994+00,Tomas Lucente,,,2026-06-12 23:22:59.994+00
3509,6,2026-06-13,10:30:00,Augusto,1123472798,false,,11:00:00,1,2026-06-13 01:32:06.119+00,Augusto,2026-06-13 01:58:05.718+00,Augusto,2026-06-13 01:32:06.119+00
3510,6,2026-06-13,12:00:00,Augusto,1123472798,true,22000,12:30:00,1,2026-06-13 01:57:31.037+00,Augusto,,,2026-06-13 01:57:31.037+00
3511,1,2026-06-13,17:00:00,fran grippo,1138301019,true,22000,18:00:00,3,2026-06-13 05:27:34.888+00,fran grippo,,,2026-06-13 05:27:34.888+00
3512,1,2026-06-13,17:30:00,NICOLAS UEHARA,1153837292,false,,18:00:00,1,2026-06-13 11:33:45.227+00,NICOLAS UEHARA,2026-06-13 16:42:39.281+00,NICOLAS UEHARA,2026-06-13 11:33:45.227+00
3513,1,2026-06-13,18:00:00,AGUS UEHARA,1153837292,true,22000,18:30:00,1,2026-06-13 11:34:22.343+00,AGUS UEHARA,,,2026-06-13 11:34:22.343+00
3514,2,2026-06-13,11:30:00,Mark,1158954348,true,22000,12:00:00,1,2026-06-13 12:14:36.825+00,Mark,,,2026-06-13 12:14:36.825+00
3515,6,2026-06-13,10:30:00,Germán Rupcic,1140901990,true,22000,11:00:00,1,2026-06-13 12:35:02.439+00,Germán Rupcic,,,2026-06-13 12:35:02.439+00
3516,1,2026-06-13,19:00:00,Facundo,,false,,19:30:00,1,2026-06-13 13:09:32.512+00,Facundo (Yayu),2026-06-13 22:39:56.31+00,Facundo (Yayu),2026-06-13 13:09:32.512+00
3517,1,2026-06-13,18:30:00,Facundo de la Fuente,1139521883,true,22000,19:00:00,1,2026-06-13 13:09:41.545+00,Facundo de la Fuente,,,2026-06-13 13:09:41.545+00
3518,2,2026-06-13,13:00:00,Martin,1130424419,true,22000,13:30:00,1,2026-06-13 14:41:17.005+00,Martin,,,2026-06-13 14:41:17.005+00
3519,2,2026-06-13,15:30:00,"Gonzalo ",1127319328,true,22000,16:00:00,1,2026-06-13 15:33:00.13+00,"Gonzalo ",,,2026-06-13 15:33:00.13+00
3520,2,2026-06-13,18:00:00,Juan Martin Gómez Delgado,1128842557,true,22000,18:30:00,1,2026-06-13 15:45:48.198+00,Juan Martin Gómez Delgado,,,2026-06-13 15:45:48.198+00
3521,2,2026-06-13,15:00:00,RAMIRO GOMEZ DELGADO,1128842356,true,22000,15:30:00,1,2026-06-13 16:29:41.546+00,RAMIRO GOMEZ DELGADO,,,2026-06-13 16:29:41.546+00
3522,2,2026-06-16,17:30:00,Gustavo Fingeret,1164682144,false,,18:00:00,1,2026-06-13 16:32:19.381+00,Gustavo Fingeret,2026-06-16 19:28:21.31+00,Gustavo Fingeret,2026-06-13 16:32:19.381+00
3523,2,2026-06-13,17:30:00,"Nicolás ",1153837292,true,22000,18:00:00,1,2026-06-13 16:42:15.758+00,"Nicolás ",,,2026-06-13 16:42:15.758+00
3524,6,2026-06-13,15:30:00,gonzalo,,true,22000,16:00:00,1,2026-06-13 17:06:01.044+00,Mauro,,,2026-06-13 17:06:01.044+00
3525,2,2026-06-13,17:00:00,Francisco maronna,1140487300,true,22000,17:30:00,1,2026-06-13 17:42:03.868+00,Francisco maronna,,,2026-06-13 17:42:03.868+00
3526,2,2026-06-16,15:00:00,Mateo,1157567561,false,,15:30:00,5,2026-06-14 15:06:29.657+00,Mateo,,,2026-06-14 15:06:29.657+00
3527,2,2026-06-16,10:30:00,"Reservado ",0000000000,false,,15:00:00,1,2026-06-14 23:30:03.059+00,Martin,,,2026-06-14 23:30:03.059+00
3528,2,2026-06-17,10:30:00,Reservado,0000000000,false,,15:00:00,1,2026-06-14 23:30:25.85+00,Martin,,,2026-06-14 23:30:25.85+00
3529,1,2026-06-16,17:00:00,Benja levy,1167697336,true,22000,17:30:00,1,2026-06-15 18:50:08.353+00,Benja levy,,,2026-06-15 18:50:08.353+00
3530,2,2026-06-18,13:00:00,Manuel Carmona,1139553393,true,22000,13:30:00,1,2026-06-16 02:37:33.902+00,Manuel Carmona,,,2026-06-16 02:37:33.902+00
3531,2,2026-06-19,17:00:00,Juan Iskandarani,1133491708,true,22000,17:30:00,1,2026-06-16 10:58:44.182+00,Juan Iskandarani,,,2026-06-16 10:58:44.182+00
3532,1,2026-06-16,10:30:00,Facundo,9191992959,false,,11:30:00,3,2026-06-16 11:00:41.16+00,Facundo,2026-06-16 21:56:22.869+00,Facundo (Yayu),2026-06-16 11:00:41.16+00
3533,1,2026-06-16,11:30:00,Facu,6494949292,false,,12:00:00,1,2026-06-16 11:45:03.249+00,Facu,2026-06-16 21:56:28.482+00,Facundo (Yayu),2026-06-16 11:45:03.249+00
3534,2,2026-06-18,11:00:00,"Nico B ",,true,27000,12:00:00,3,2026-06-16 11:48:52.601+00,Martin,,,2026-06-16 11:48:52.601+00
3535,6,2026-06-16,11:00:00,Sergio,1158932353,false,,11:30:00,2,2026-06-16 13:28:02.007+00,Sergio,2026-06-16 13:58:32.594+00,Mauro,2026-06-16 13:28:02.007+00
3536,1,2026-06-18,18:30:00,Nicolas Gaido,1167226336,true,22000,19:30:00,3,2026-06-16 13:53:15.647+00,Nicolas Gaido,,,2026-06-16 13:53:15.647+00
3537,1,2026-06-17,12:30:00,ignacio moirano,1133446031,true,27000,13:30:00,3,2026-06-16 14:36:09.608+00,ignacio moirano,,,2026-06-16 14:36:09.608+00
3538,1,2026-06-16,18:00:00,"Teo Quattrocchi ",1156691735,true,27000,19:00:00,3,2026-06-16 14:54:12.466+00,"Teo Quattrocchi ",,,2026-06-16 14:54:12.466+00
3539,2,2026-06-18,18:30:00,luca garbarini,1153855011,true,22000,19:00:00,1,2026-06-16 15:06:30.497+00,luca garbarini,,,2026-06-16 15:06:30.497+00
3540,1,2026-06-19,11:00:00,"Hernán ",1123702390,true,27000,12:00:00,3,2026-06-16 15:09:24.861+00,"Hernán ",,,2026-06-16 15:09:24.861+00
3541,1,2026-06-16,19:00:00,teo,,false,,19:30:00,1,2026-06-16 15:14:39.224+00,Facundo (Yayu),2026-06-16 21:57:06.234+00,Facundo (Yayu),2026-06-16 15:14:39.224+00
3542,2,2026-06-19,17:30:00,Juan ignacio,1150095528,true,22000,18:00:00,1,2026-06-16 15:22:27.86+00,Juan ignacio,,,2026-06-16 15:22:27.86+00
3543,1,2026-06-17,18:30:00,Jorge Estol,1161721976,true,22000,19:30:00,3,2026-06-16 16:05:12.89+00,Jorge Estol,,,2026-06-16 16:05:12.89+00
3544,1,2026-06-23,15:00:00,Santiago Natale,1151753906,true,22000,15:30:00,1,2026-06-16 17:20:53.537+00,Santiago Natale,,,2026-06-16 17:20:53.537+00
3545,2,2026-06-16,16:30:00,"Sergio ",1158932353,false,,17:00:00,2,2026-06-16 17:40:55.506+00,"Sergio ",,,2026-06-16 17:40:55.506+00
3546,1,2026-06-19,18:30:00,Juanchi parrado,1167426777,true,22000,19:00:00,1,2026-06-16 18:25:32.623+00,Juanchi parrado,,,2026-06-16 18:25:32.623+00
3547,1,2026-06-16,17:30:00,Ignacio Estivill,1121652618,true,22000,18:00:00,1,2026-06-16 18:55:34.268+00,Ignacio Estivill,,,2026-06-16 18:55:34.268+00
3548,2,2026-06-20,15:30:00,Marcos Monasterolo,1125683860,false,,16:00:00,1,2026-06-16 23:14:22.147+00,Marcos Monasterolo,2026-06-18 00:12:16.431+00,Marcos Monasterolo,2026-06-16 23:14:22.147+00
3549,2,2026-06-17,19:00:00,tomas renosto,1167809628,true,22000,19:30:00,1,2026-06-17 00:13:41.65+00,tomas renosto,,,2026-06-17 00:13:41.65+00
3550,2,2026-06-17,17:00:00,"Máximo Millet ",1164635167,false,,17:30:00,1,2026-06-17 01:55:22.817+00,"Máximo Millet ",2026-06-17 17:48:15.168+00,Martin,2026-06-17 01:55:22.817+00
3551,6,2026-06-19,15:30:00,Pedro Canale,1139005807,true,22000,16:00:00,1,2026-06-17 10:37:16.706+00,Pedro Canale,,,2026-06-17 10:37:16.706+00
3552,1,2026-06-17,17:30:00,Juani Münter,1169700431,true,22000,18:30:00,3,2026-06-17 12:43:42.773+00,Juani Münter,,,2026-06-17 12:43:42.773+00
3553,6,2026-06-17,10:30:00,.,,false,,11:00:00,1,2026-06-17 12:51:43.39+00,Mauro,2026-06-17 12:52:21.511+00,Mauro,2026-06-17 12:51:43.39+00
3554,6,2026-06-17,10:30:00,M,,false,,11:00:00,1,2026-06-17 13:21:31.51+00,Mauro,2026-06-19 19:46:36.284+00,Mauro,2026-06-17 13:21:31.51+00
3555,1,2026-06-17,15:00:00,agus,,false,,16:00:00,3,2026-06-17 14:00:14.801+00,Facundo (Yayu),2026-06-17 22:29:29.355+00,Facundo (Yayu),2026-06-17 14:00:14.801+00
3556,2,2026-06-17,18:30:00,"nico diedrichs ",1123290680,true,22000,19:00:00,1,2026-06-17 14:16:52.697+00,"nico diedrichs ",,,2026-06-17 14:16:52.697+00
3557,2,2026-06-18,17:30:00,Federico Conde,1158039075,true,27000,18:30:00,3,2026-06-17 14:37:37.211+00,Federico Conde,,,2026-06-17 14:37:37.211+00
3558,6,2026-06-18,16:30:00,luca simonazzi,1160481506,false,,17:00:00,1,2026-06-17 14:49:42.25+00,luca simonazzi,2026-06-19 19:46:43.699+00,Mauro,2026-06-17 14:49:42.25+00
3559,6,2026-06-17,16:30:00,Rodrigo Gallardo,1121853285,false,,17:00:00,1,2026-06-17 15:21:37.092+00,Rodrigo Gallardo,2026-06-17 18:22:13.255+00,Rodrigo Gallardo,2026-06-17 15:21:37.092+00
3560,2,2026-06-17,15:00:00,Massimo Rizzo,1156416270,true,22000,15:30:00,1,2026-06-17 15:48:07.109+00,Massimo Rizzo,,,2026-06-17 15:48:07.109+00
3561,1,2026-06-18,17:00:00,Federico Olivera,1158890445,true,22000,17:30:00,1,2026-06-17 15:49:59.635+00,Federico Olivera,,,2026-06-17 15:49:59.635+00
3562,2,2026-06-17,17:30:00,"nicolás niro ",1139422067,true,22000,18:00:00,1,2026-06-17 17:36:40.072+00,"nicolás niro ",,,2026-06-17 17:36:40.072+00
3563,2,2026-06-18,19:00:00,Rodrigo Salgado,1153323810,true,22000,19:30:00,1,2026-06-17 18:23:36.887+00,Rodrigo Salgado,,,2026-06-17 18:23:36.887+00
3564,1,2026-06-18,12:00:00,"Santiago ",1126430079,true,22000,12:30:00,1,2026-06-17 18:54:36.278+00,"Santiago ",,,2026-06-17 18:54:36.278+00
3565,2,2026-06-17,16:00:00,"Theo Mac Allister ",1125293903,true,22000,16:30:00,1,2026-06-17 18:57:19.187+00,"Theo Mac Allister ",,,2026-06-17 18:57:19.187+00
3566,1,2026-06-18,17:30:00,Luciano Dodera,1159649066,true,22000,18:30:00,3,2026-06-17 19:13:06.448+00,Luciano Dodera,,,2026-06-17 19:13:06.448+00
3567,2,2026-06-19,18:00:00,Bautista Suarez,1136091166,true,22000,18:30:00,1,2026-06-17 19:21:15.627+00,Bautista Suarez,,,2026-06-17 19:21:15.627+00
3568,2,2026-06-18,17:00:00,Fausto,1155656106,true,22000,17:30:00,1,2026-06-17 20:21:58.799+00,Fausto,,,2026-06-17 20:21:58.799+00
3569,2,2026-06-19,18:30:00,titi batistella,1132024257,true,22000,19:00:00,1,2026-06-17 21:10:29.082+00,titi batistella,,,2026-06-17 21:10:29.082+00
3570,1,2026-06-18,15:00:00,gaston fasito,31313213131,false,,16:00:00,3,2026-06-17 22:05:09.866+00,Facundo (Yayu),2026-06-18 22:13:04.23+00,Facundo (Yayu),2026-06-17 22:05:09.866+00
3571,2,2026-06-18,15:00:00,gaston fasito,33121321,false,,16:00:00,3,2026-06-17 22:05:23.942+00,Martin,2026-06-18 19:26:48.749+00,Martin,2026-06-17 22:05:23.942+00
3572,1,2026-06-20,12:00:00,Yamil Dib,1135896290,true,27000,13:00:00,3,2026-06-17 22:53:12.105+00,Yamil Dib,,,2026-06-17 22:53:12.105+00
3573,1,2026-06-18,16:00:00,Andres mattei,1162186640,false,,16:30:00,1,2026-06-18 10:49:22.987+00,Andres mattei,2026-06-18 10:55:09.173+00,Andres mattei,2026-06-18 10:49:22.987+00
3574,1,2026-06-19,12:30:00,"Nicolás Cejas ",1138431853,true,22000,13:00:00,1,2026-06-18 12:49:30.626+00,"Nicolás Cejas ",,,2026-06-18 12:49:30.626+00
3575,1,2026-06-18,10:30:00,Yayu,,false,,11:30:00,3,2026-06-18 12:52:13.091+00,Facundo (Yayu),2026-06-18 22:13:07.65+00,Facundo (Yayu),2026-06-18 12:52:13.091+00
3576,6,2026-06-18,10:30:00,Yayu,,false,,11:30:00,3,2026-06-18 12:52:34.095+00,Mauro,2026-06-18 19:26:40.276+00,Mauro,2026-06-18 12:52:34.095+00
3577,1,2026-06-20,13:00:00,Flavio Matias de Benedetti,1134755495,true,22000,13:30:00,1,2026-06-18 13:11:46.747+00,Flavio Matias de Benedetti,,,2026-06-18 13:11:46.747+00
3578,1,2026-06-19,17:30:00,Tomas wolfram,1136632852,true,27000,18:30:00,3,2026-06-18 13:14:18.139+00,Tomas wolfram,,,2026-06-18 13:14:18.139+00
3579,1,2026-06-19,13:00:00,Juan Pablo Masiero,1136372506,true,27000,13:30:00,1,2026-06-18 13:31:37.595+00,Juan Pablo Masiero,,,2026-06-18 13:31:37.595+00
3580,1,2026-06-19,15:00:00,Juan Pablo Masiero,1136372506,false,,16:00:00,3,2026-06-18 13:32:09.859+00,Juan Pablo Masiero,2026-06-19 23:38:59.201+00,Facundo (Yayu),2026-06-18 13:32:09.859+00
3581,1,2026-06-20,11:00:00,Gian Labarile,1125732523,true,27000,12:00:00,3,2026-06-18 14:18:31.722+00,Gian Labarile,,,2026-06-18 14:18:31.722+00
3582,1,2026-06-18,16:00:00,Lucas,1141670334,true,22000,17:00:00,3,2026-06-18 14:47:47.789+00,Lucas,,,2026-06-18 14:47:47.789+00
3583,2,2026-06-19,10:30:00,Martin,,false,,11:30:00,3,2026-06-18 18:43:39.519+00,Martin,2026-06-19 17:05:03.345+00,Martin,2026-06-18 18:43:39.519+00
3584,2,2026-06-19,19:00:00,Francisco Benvenuto,1167538038,true,22000,19:30:00,1,2026-06-18 20:47:51.665+00,Francisco Benvenuto,,,2026-06-18 20:47:51.665+00
3585,1,2026-06-19,19:00:00,Jorge sanchez,1167261296,true,22000,19:30:00,1,2026-06-18 21:57:11.22+00,Jorge sanchez,,,2026-06-18 21:57:11.22+00
3586,1,2026-06-19,10:30:00,facu,,false,,11:00:00,1,2026-06-18 22:13:16.739+00,Facundo (Yayu),2026-06-19 23:38:45.292+00,Facundo (Yayu),2026-06-18 22:13:16.739+00
3587,2,2026-06-19,12:30:00,"Theo Pejacsevich ",1160201053,true,22000,13:00:00,1,2026-06-18 22:32:49.541+00,"Theo Pejacsevich ",,,2026-06-18 22:32:49.541+00
3588,2,2026-06-23,10:30:00,"Reservado ",0000000000,false,,15:00:00,1,2026-06-18 23:09:34.99+00,Martin,2026-06-24 22:29:36.888+00,Martin,2026-06-18 23:09:34.99+00
3589,2,2026-06-24,10:30:00,"Reservado ",0000000000,false,,15:30:00,1,2026-06-18 23:09:34.987+00,Martin,2026-06-24 22:29:39.826+00,Martin,2026-06-18 23:09:34.987+00
3590,2,2026-06-19,13:00:00,Gustavo F,1164682144,true,22000,13:30:00,1,2026-06-19 00:54:06.989+00,Gustavo F,,,2026-06-19 00:54:06.989+00
3591,1,2026-06-20,16:00:00,Cai Perazzone,1122955113,true,22000,16:30:00,1,2026-06-19 01:16:09.568+00,Cai Perazzone,,,2026-06-19 01:16:09.568+00
3592,2,2026-06-20,15:00:00,Gonzalo cambero,1171606070,true,22000,15:30:00,1,2026-06-19 01:33:31.713+00,Gonzalo cambero,,,2026-06-19 01:33:31.713+00
3593,1,2026-06-19,12:00:00,Nicolás Cacetta,1136547777,true,22000,12:30:00,1,2026-06-19 02:36:19.765+00,Nicolás Cacetta,,,2026-06-19 02:36:19.765+00
3594,2,2026-06-20,11:30:00,"Luca Holzknecht ",1122809544,true,22000,12:00:00,1,2026-06-19 04:59:03.798+00,"Luca Holzknecht ",,,2026-06-19 04:59:03.798+00
3595,6,2026-06-19,16:00:00,andres mattei,1162186640,false,,16:30:00,1,2026-06-19 10:34:20.233+00,andres mattei,2026-06-20 19:55:37.115+00,Mauro,2026-06-19 10:34:20.233+00
3596,1,2026-06-19,17:00:00,Tomas,1169608371,false,,17:30:00,1,2026-06-19 11:51:03.49+00,Tomas,2026-06-19 15:06:25.956+00,Tomas,2026-06-19 11:51:03.49+00
3597,6,2026-06-19,10:30:00,.,,false,,11:00:00,1,2026-06-19 13:11:44.655+00,Mauro,2026-06-19 19:46:40.168+00,Mauro,2026-06-19 13:11:44.655+00
3598,2,2026-06-19,16:30:00,diego frutos,1126146441,false,,17:00:00,1,2026-06-19 14:14:25.097+00,diego frutos,2026-06-19 19:27:20.943+00,Martin,2026-06-19 14:14:25.097+00
3599,1,2026-06-19,16:30:00,federico frutos,1126146441,true,22000,17:00:00,1,2026-06-19 14:14:50.467+00,federico frutos,,,2026-06-19 14:14:50.467+00
3600,6,2026-06-19,15:00:00,jose luis,,true,15000,15:30:00,2,2026-06-19 14:43:00.974+00,Mauro,,,2026-06-19 14:43:00.974+00
3601,1,2026-06-19,16:00:00,Tomas,1169608371,true,22000,16:30:00,1,2026-06-19 14:56:11.981+00,Tomas,,,2026-06-19 14:56:11.981+00
3602,1,2026-06-20,10:30:00,"Pablo ",1159764194,false,,11:00:00,1,2026-06-19 15:24:01.939+00,"Pablo ",2026-06-19 17:36:58.799+00,"Pablo ",2026-06-19 15:24:01.939+00
3603,1,2026-06-19,17:00:00,"Pablo ",1159764194,true,22000,17:30:00,1,2026-06-19 17:36:03.644+00,"Pablo ",,,2026-06-19 17:36:03.644+00
3604,2,2026-06-19,15:00:00,"Alejandro ",,true,15000,15:30:00,1,2026-06-19 18:18:34.065+00,Martin,,,2026-06-19 18:18:34.065+00
3605,2,2026-06-20,18:00:00,Nicolas Ojeda,1164849781,true,22000,18:30:00,1,2026-06-19 18:30:43.965+00,Nicolas Ojeda,,,2026-06-19 18:30:43.965+00
3606,1,2026-06-23,13:00:00,Agustin Otero,1133894736,true,22000,13:30:00,1,2026-06-19 18:51:45.667+00,Agustin Otero,,,2026-06-19 18:51:45.667+00
3607,2,2026-06-20,16:30:00,"diego frutos ",1126146441,false,,17:00:00,1,2026-06-19 19:25:33.487+00,"diego frutos ",2026-06-20 22:41:25.872+00,Martin,2026-06-19 19:25:33.487+00
3608,1,2026-06-20,16:30:00,fede frutos,1126146441,false,,17:30:00,3,2026-06-19 19:26:02.485+00,fede frutos,2026-06-20 22:41:43.454+00,Facundo (Yayu),2026-06-19 19:26:02.485+00
3609,1,2026-06-20,15:00:00,Mateo Dodera,1167272468,true,27000,16:00:00,3,2026-06-19 20:16:12.453+00,Mateo Dodera,,,2026-06-19 20:16:12.453+00
3610,1,2026-06-20,17:00:00,"Toto ",1111111111,false,,18:00:00,3,2026-06-19 21:14:13.89+00,"Toto ",2026-06-20 16:33:36.954+00,Facundo (Yayu),2026-06-19 21:14:13.89+00
3611,6,2026-06-20,17:00:00,carlos,,true,22000,17:30:00,1,2026-06-19 21:21:37.073+00,Mauro,,,2026-06-19 21:21:37.073+00
3612,2,2026-06-20,17:00:00,Lucas,1166751794,true,27000,18:00:00,3,2026-06-19 21:43:13.021+00,Lucas,,,2026-06-19 21:43:13.021+00
3613,1,2026-06-23,15:30:00,nicolas de santis,1137802778,true,22000,16:00:00,1,2026-06-19 22:22:49.501+00,nicolas de santis,,,2026-06-19 22:22:49.501+00
3614,2,2026-06-20,13:00:00,Seba,1144781070,true,22000,13:30:00,1,2026-06-19 22:53:52.438+00,Seba,,,2026-06-19 22:53:52.438+00
3615,2,2026-06-20,15:30:00,"máximo millet ",1164635167,true,22000,16:00:00,1,2026-06-20 00:32:17.6+00,"máximo millet ",,,2026-06-20 00:32:17.6+00
3616,2,2026-06-20,10:30:00,Manuel Mel,1161433680,true,22000,11:30:00,3,2026-06-20 02:55:40.387+00,Manuel Mel,,,2026-06-20 02:55:40.387+00
3617,1,2026-06-20,10:30:00,"Jorge candia ",1159304532,true,22000,11:00:00,1,2026-06-20 11:22:52.803+00,"Jorge candia ",,,2026-06-20 11:22:52.803+00
3618,1,2026-06-20,18:30:00,Facu,,false,,19:30:00,3,2026-06-20 12:27:01.438+00,Facundo (Yayu),2026-06-20 22:41:51.428+00,Facundo (Yayu),2026-06-20 12:27:01.438+00
3619,2,2026-06-20,12:00:00,Francisco Ferrari,1156940082,true,22000,13:00:00,3,2026-06-20 13:11:03.766+00,Francisco Ferrari,,,2026-06-20 13:11:03.766+00
3620,6,2026-06-20,10:30:00,Maurito,,false,,11:00:00,1,2026-06-20 13:20:21.207+00,Mauro,2026-06-20 15:14:25.424+00,Mauro,2026-06-20 13:20:21.207+00
3621,6,2026-06-20,11:30:00,Martin ornello,1138414237,false,,12:00:00,1,2026-06-20 13:59:45.876+00,Martin ornello,2026-06-20 19:55:32.319+00,Mauro,2026-06-20 13:59:45.876+00
3622,6,2026-06-20,11:00:00,puerta,,true,22000,11:30:00,1,2026-06-20 14:09:32.234+00,Mauro,,,2026-06-20 14:09:32.234+00
3623,2,2026-06-20,16:00:00,Nicolas,2215939071,true,22000,16:30:00,1,2026-06-20 15:06:17.226+00,Nicolas,,,2026-06-20 15:06:17.226+00
3624,2,2026-06-20,18:30:00,"Nico ",1122857867,true,27000,19:30:00,3,2026-06-20 16:00:47.445+00,"Nico ",,,2026-06-20 16:00:47.445+00
3625,1,2026-06-20,18:00:00,"Brian Soria ",1168756813,false,,18:30:00,1,2026-06-20 16:31:19.596+00,"Brian Soria ",2026-06-20 22:41:40.359+00,Facundo (Yayu),2026-06-20 16:31:19.596+00
3626,6,2026-06-20,15:00:00,"Nathan Gurny ",1161102702,true,22000,15:30:00,1,2026-06-20 17:32:27.408+00,"Nathan Gurny ",,,2026-06-20 17:32:27.408+00
3627,1,2026-06-23,16:30:00,cumple,0000000000,false,,19:30:00,1,2026-06-20 17:34:47.093+00,Facundo (Yayu),,,2026-06-20 17:34:47.093+00
3628,1,2026-06-24,10:30:00,Ramiro Spinelli Riso,1137259564,true,27000,11:30:00,3,2026-06-20 18:52:58.352+00,Ramiro Spinelli Riso,,,2026-06-20 18:52:58.352+00
3629,2,2026-07-02,15:30:00,Tiziano Antonini,1134518494,false,,16:00:00,1,2026-06-20 18:57:18.485+00,Tiziano Antonini,,,2026-06-20 18:57:18.485+00
3630,1,2026-06-23,16:00:00,Facu,6794946464,false,,16:30:00,1,2026-06-21 01:30:06.531+00,Facu,2026-06-24 14:32:40.612+00,Facundo (Yayu),2026-06-21 01:30:06.531+00
3631,1,2026-06-23,12:00:00,Toto,1122454712,true,27000,13:00:00,3,2026-06-22 13:03:18.342+00,Toto,,,2026-06-22 13:03:18.342+00
3632,6,2026-06-23,11:30:00,Luca Gasparini,1134944526,true,22000,12:00:00,1,2026-06-22 15:38:42.089+00,Luca Gasparini,,,2026-06-22 15:38:42.089+00
3633,1,2026-06-26,11:30:00,Juan moirano,1133449265,true,27000,12:30:00,3,2026-06-22 16:43:15.144+00,Juan moirano,,,2026-06-22 16:43:15.144+00
3634,2,2026-06-25,18:30:00,Lucke garcia,1135731438,true,22000,19:00:00,1,2026-06-22 19:38:21.648+00,Lucke garcia,,,2026-06-22 19:38:21.648+00
3635,2,2026-06-25,19:00:00,Juan Ignacio Quiroga,1130679277,true,22000,19:30:00,1,2026-06-22 19:46:47.569+00,Juan Ignacio Quiroga,,,2026-06-22 19:46:47.569+00
3636,6,2026-06-23,10:30:00,Yauu,,false,,11:30:00,3,2026-06-23 11:49:10.612+00,Mauro,2026-06-24 21:31:09.19+00,Mauro,2026-06-23 11:49:10.612+00
3637,1,2026-06-23,10:30:00,Yayu,,false,,11:30:00,3,2026-06-23 11:49:28.645+00,Facundo (Yayu),2026-06-24 14:32:36.258+00,Facundo (Yayu),2026-06-23 11:49:28.645+00
3638,2,2026-06-25,17:30:00,"Cris Sancricca ",1558969613,true,22000,18:00:00,1,2026-06-23 11:53:59.827+00,"Cris Sancricca ",,,2026-06-23 11:53:59.827+00
3639,2,2026-06-25,18:00:00,Dante sancricca,1558969613,true,22000,18:30:00,1,2026-06-23 11:54:21.35+00,Dante sancricca,,,2026-06-23 11:54:21.35+00
3640,1,2026-06-26,12:30:00,Juan Martin Gugliotta,1165629773,true,22000,13:30:00,3,2026-06-23 12:52:12.138+00,Juan Martin Gugliotta,,,2026-06-23 12:52:12.138+00
3641,1,2026-06-24,13:00:00,patricio maravert,1134983232,true,22000,13:30:00,1,2026-06-23 13:35:12.825+00,patricio maravert,,,2026-06-23 13:35:12.825+00
3642,2,2026-06-26,11:30:00,Thadeo Gargano,1161844614,true,22000,12:00:00,1,2026-06-23 14:21:42.554+00,Thadeo Gargano,,,2026-06-23 14:21:42.554+00
3643,1,2026-06-24,15:00:00,Bautista Estivill,1121645289,false,,15:30:00,1,2026-06-23 14:56:15.207+00,Bautista Estivill,2026-06-23 15:21:25.978+00,Bautista Estivill,2026-06-23 14:56:15.207+00
3644,1,2026-06-24,16:00:00,Bautista Estivill,1121645289,false,,16:30:00,1,2026-06-23 15:20:56.328+00,Bautista Estivill,2026-06-23 15:21:53.616+00,Bautista Estivill,2026-06-23 15:20:56.328+00
3645,1,2026-06-24,16:00:00,Bautista Estivill,1121645289,true,22000,16:30:00,1,2026-06-23 15:22:21.647+00,Bautista Estivill,,,2026-06-23 15:22:21.647+00
3646,2,2026-06-27,19:00:00,seba,,true,27000,19:30:00,1,2026-06-23 18:26:34.977+00,Martin,,,2026-06-23 18:26:34.977+00
3647,2,2026-06-24,17:30:00,Agustín Grosso,1159241533,false,,18:30:00,3,2026-06-23 18:57:37.313+00,Agustín Grosso,2026-06-24 20:28:29.657+00,Martin,2026-06-23 18:57:37.313+00
3648,2,2026-06-23,16:30:00,pablo,,true,27000,17:30:00,3,2026-06-23 19:16:15.904+00,Martin,,,2026-06-23 19:16:15.904+00
3649,2,2026-06-26,15:30:00,Marco,1152291146,true,22000,16:00:00,1,2026-06-23 19:17:16.6+00,Marco,,,2026-06-23 19:17:16.6+00
3650,6,2026-06-23,16:00:00,Oscar,,true,22000,16:30:00,1,2026-06-23 19:36:35.683+00,Mauro,,,2026-06-23 19:36:35.683+00
3651,1,2026-06-24,11:30:00,"Agustin Longobuco ",1136878708,true,22000,12:00:00,1,2026-06-23 20:09:41.305+00,"Agustin Longobuco ",,,2026-06-23 20:09:41.305+00
3652,6,2026-06-23,18:30:00,puerta,,true,22000,19:00:00,1,2026-06-23 21:44:51.048+00,Mauro,,,2026-06-23 21:44:51.048+00
3653,2,2026-06-24,17:00:00,"Polo ",1131600474,false,,17:30:00,5,2026-06-23 22:45:35.562+00,"Polo ",2026-06-24 18:33:20.654+00,"Polo ",2026-06-23 22:45:35.562+00
3654,1,2026-06-24,12:00:00,Jonatan soria,1135598966,true,27000,13:00:00,3,2026-06-24 12:19:04.239+00,Jonatan soria,,,2026-06-24 12:19:04.239+00
3655,1,2026-06-26,17:00:00,Benjamin Cavarra,1136607363,true,22000,17:30:00,1,2026-06-24 12:29:38.326+00,Benjamin Cavarra,,,2026-06-24 12:29:38.326+00
3656,6,2026-06-24,10:30:00,Mauro,,false,,11:00:00,1,2026-06-24 13:02:25.495+00,Mauro,2026-06-24 21:31:13.098+00,Mauro,2026-06-24 13:02:25.495+00
3657,2,2026-06-30,11:00:00,tomas renosto,1167809628,false,,11:30:00,1,2026-06-24 13:16:12.11+00,tomas renosto,,,2026-06-24 13:16:12.11+00
3658,6,2026-06-24,19:00:00,Manuel Torrente,1159460263,true,22000,19:30:00,1,2026-06-24 13:21:25.72+00,Manuel Torrente,,,2026-06-24 13:21:25.72+00
3659,1,2026-06-24,15:00:00,aguss,,false,,16:00:00,3,2026-06-24 14:32:49.769+00,Facundo (Yayu),2026-06-24 21:30:59.105+00,Facundo (Yayu),2026-06-24 14:32:49.769+00
3660,2,2026-06-26,18:00:00,Fermin Bray,1157997986,true,22000,18:30:00,1,2026-06-24 16:32:27.034+00,Fermin Bray,,,2026-06-24 16:32:27.034+00
3661,2,2026-06-24,16:30:00,"Polo ",1131600474,false,,17:00:00,5,2026-06-24 18:31:29.057+00,"Polo ",2026-06-24 20:28:22.44+00,Martin,2026-06-24 18:31:29.057+00
3662,2,2026-06-24,17:00:00,Polo,1131600474,false,,17:30:00,5,2026-06-24 18:38:23.457+00,Polo,2026-06-24 20:28:25.418+00,Martin,2026-06-24 18:38:23.457+00
3663,1,2026-06-25,15:00:00,Tomás Smeriglio,1133241173,true,22000,15:30:00,1,2026-06-24 18:56:01.015+00,Tomás Smeriglio,,,2026-06-24 18:56:01.015+00
3664,1,2026-06-27,10:30:00,Pupi Sala,1136274242,true,27000,11:30:00,3,2026-06-24 19:10:21.115+00,Pupi Sala,,,2026-06-24 19:10:21.115+00
3665,2,2026-06-26,17:30:00,Agustín Grosso,1159241533,true,22000,18:00:00,1,2026-06-24 20:14:58.222+00,Agustín Grosso,,,2026-06-24 20:14:58.222+00
3666,1,2026-06-27,18:00:00,Federico Rusconi,1128074474,true,27000,19:00:00,3,2026-06-24 20:33:32.736+00,Federico Rusconi,,,2026-06-24 20:33:32.736+00
3667,1,2026-06-27,19:00:00,Federico Rusconi,1128074474,false,,19:30:00,1,2026-06-24 20:38:01.027+00,Federico Rusconi,2026-06-27 23:16:48.162+00,Facundo (Yayu),2026-06-24 20:38:01.027+00
3668,6,2026-06-24,18:00:00,Puerta,,true,22000,18:30:00,1,2026-06-24 21:17:57.942+00,Mauro,,,2026-06-24 21:17:57.942+00
3669,2,2026-06-24,18:00:00,Seba,,true,27000,19:00:00,3,2026-06-24 21:46:51.066+00,Martin,,,2026-06-24 21:46:51.066+00
3670,2,2026-06-25,15:30:00,"Bautista ciminieri ",1167472367,true,22000,16:30:00,3,2026-06-25 00:15:36.556+00,"Bautista ciminieri ",,,2026-06-25 00:15:36.556+00
3671,2,2026-06-25,10:30:00,Nico B,,false,,11:30:00,3,2026-06-25 06:40:00.079+00,Martin,2026-06-25 13:37:26.509+00,Martin,2026-06-25 06:40:00.079+00
3672,1,2026-06-25,12:30:00,Laucha,2235444775,true,27000,13:30:00,3,2026-06-25 06:47:10.078+00,Laucha,,,2026-06-25 06:47:10.078+00
3673,2,2026-06-27,17:00:00,Juan Carlos Chá Torea,1159497109,true,22000,17:30:00,1,2026-06-25 09:45:06.118+00,Juan Carlos Chá Torea,,,2026-06-25 09:45:06.118+00
3674,2,2026-07-04,17:00:00,Juan Carlos Chá Torea,1159497109,false,,17:30:00,1,2026-06-25 09:48:42.339+00,Juan Carlos Chá Torea,,,2026-06-25 09:48:42.339+00
3675,2,2026-06-26,18:30:00,Santino,1554145310,true,22000,19:00:00,1,2026-06-25 10:51:02.235+00,Santino,,,2026-06-25 10:51:02.235+00
3676,1,2026-06-25,11:30:00,"Agustín ",1150398159,true,22000,12:30:00,3,2026-06-25 12:13:40.763+00,"Agustín ",,,2026-06-25 12:13:40.763+00
3677,6,2026-06-25,11:30:00,Leandro Calvo,1136867855,true,27000,12:30:00,3,2026-06-25 12:45:45.508+00,Leandro Calvo,,,2026-06-25 12:45:45.508+00
3678,6,2026-06-25,10:30:00,.,,false,,11:00:00,1,2026-06-25 12:50:28.998+00,Mauro,2026-06-25 14:43:29.812+00,Mauro,2026-06-25 12:50:28.998+00
3679,2,2026-06-26,17:00:00,Fermin jolis,1162674302,false,,17:30:00,1,2026-06-25 13:29:23.509+00,Fermin jolis,2026-06-26 16:13:12.522+00,Fermin jolis,2026-06-25 13:29:23.509+00
3680,2,2026-06-25,13:00:00,Gastón fasito,,false,,13:30:00,1,2026-06-25 15:43:19.093+00,Martin,2026-06-25 19:58:11.801+00,Martin,2026-06-25 15:43:19.093+00
3681,6,2026-06-25,13:00:00,Gastón fasito,,false,,13:30:00,1,2026-06-25 15:43:33.592+00,Mauro,2026-06-25 22:23:29.6+00,Mauro,2026-06-25 15:43:33.592+00
3682,2,2026-06-25,17:00:00,Mariano Salerno,1165838107,true,22000,17:30:00,1,2026-06-25 15:47:29.447+00,Mariano Salerno,,,2026-06-25 15:47:29.447+00
3683,2,2026-06-25,15:00:00,"Gastón fasito ",,false,,15:30:00,1,2026-06-25 16:59:21.212+00,Martin,2026-06-25 19:58:33.771+00,Martin,2026-06-25 16:59:21.212+00
3684,2,2026-07-04,11:00:00,Guido Provinzano,1156450321,false,,11:30:00,1,2026-06-25 17:12:38.446+00,Guido Provinzano,,,2026-06-25 17:12:38.446+00
3685,1,2026-06-27,17:00:00,"Brian Soria ",1168756813,false,,17:30:00,1,2026-06-25 17:12:40.95+00,"Brian Soria ",2026-06-27 17:45:10.03+00,Facundo (Yayu),2026-06-25 17:12:40.95+00
3686,6,2026-06-25,15:00:00,Martin,1157582806,false,,16:00:00,3,2026-06-25 17:49:19.048+00,Martin,2026-06-25 18:08:48.228+00,Mauro,2026-06-25 17:49:19.048+00
3687,6,2026-06-25,16:00:00,martin,,true,22000,16:30:00,1,2026-06-25 18:08:42.096+00,Mauro,,,2026-06-25 18:08:42.096+00
3688,2,2026-06-27,13:00:00,Marcos Silva,1173600611,true,22000,13:30:00,1,2026-06-25 18:10:57.426+00,Marcos Silva,,,2026-06-25 18:10:57.426+00
3689,1,2026-06-26,15:30:00,Simon Del Bianco,1173607078,false,,16:00:00,1,2026-06-25 20:33:25.033+00,Simon Del Bianco,2026-06-26 16:11:40.603+00,Simon Del Bianco,2026-06-25 20:33:25.033+00
3690,6,2026-06-25,18:00:00,puert,,true,22000,18:30:00,1,2026-06-25 20:44:54.78+00,Mauro,,,2026-06-25 20:44:54.78+00
3691,2,2026-06-27,12:30:00,Marcos Silva,1173600611,false,,13:00:00,1,2026-06-25 22:34:30.011+00,Marcos Silva,2026-06-27 16:32:59.876+00,Martin,2026-06-25 22:34:30.011+00
3692,2,2026-06-27,18:00:00,Jonathan Zagni,1558893746,true,22000,18:30:00,1,2026-06-25 22:53:34.818+00,Jonathan Zagni,,,2026-06-25 22:53:34.818+00
3693,1,2026-06-27,12:30:00,Franco Moiana,1150954648,true,22000,13:30:00,3,2026-06-25 23:20:11.462+00,Franco Moiana,,,2026-06-25 23:20:11.462+00
3694,1,2026-06-26,10:30:00,Fer,1136061616,true,22000,11:30:00,3,2026-06-25 23:26:51.138+00,Fer,,,2026-06-25 23:26:51.138+00
3695,2,2026-06-26,11:30:00,Facundo Iskandarani,1164105626,false,,12:00:00,1,2026-06-26 00:22:59.462+00,Facundo Iskandarani,2026-06-26 00:42:06.781+00,Facundo Iskandarani,2026-06-26 00:22:59.462+00
3696,2,2026-06-26,10:30:00,Facundo Iskandarani,1164105626,true,22000,11:00:00,1,2026-06-26 00:42:44.579+00,Facundo Iskandarani,,,2026-06-26 00:42:44.579+00
3697,1,2026-06-27,16:00:00,Bruno Lorenzano,1132012610,true,22000,16:30:00,1,2026-06-26 00:45:25.214+00,Bruno Lorenzano,,,2026-06-26 00:45:25.214+00
3698,2,2026-06-26,19:00:00,Gianluca Vernazza,1165861050,false,,19:30:00,1,2026-06-26 01:28:19.951+00,Gianluca Vernazza,2026-06-26 10:33:24.104+00,Gianluca Vernazza,2026-06-26 01:28:19.951+00
3699,2,2026-07-01,10:30:00,Alejandro Poluyan,1167935666,false,,11:00:00,1,2026-06-26 01:54:28.563+00,Alejandro Poluyan,,,2026-06-26 01:54:28.563+00
3700,1,2026-06-27,11:30:00,Matias Myma,1121687855,true,27000,12:30:00,3,2026-06-26 06:27:01.642+00,Matias Myma,,,2026-06-26 06:27:01.642+00
3701,2,2026-06-27,16:30:00,Gianluca Vernazza,1165861050,true,22000,17:00:00,1,2026-06-26 10:33:02.317+00,Gianluca Vernazza,,,2026-06-26 10:33:02.317+00
3702,2,2026-06-27,11:30:00,Polo,1131600474,true,22000,12:00:00,5,2026-06-26 11:48:20.055+00,Polo,,,2026-06-26 11:48:20.055+00
3703,2,2026-06-27,12:00:00,"Guído ",1131600474,true,22000,12:30:00,1,2026-06-26 11:48:55.409+00,"Guído ",,,2026-06-26 11:48:55.409+00
3704,2,2026-06-26,16:30:00,Vincenzo Parmigiani,1162565550,true,22000,17:30:00,3,2026-06-26 11:53:52.93+00,Vincenzo Parmigiani,,,2026-06-26 11:53:52.93+00
3705,1,2026-06-26,18:30:00,Albin,1139323676,true,27000,19:30:00,3,2026-06-26 12:02:58.165+00,Albin,,,2026-06-26 12:02:58.165+00
3706,6,2026-06-26,10:30:00,Sergio,1158932353,true,15000,11:00:00,2,2026-06-26 12:42:31.657+00,Sergio,,,2026-06-26 12:42:31.657+00
3707,1,2026-06-26,15:30:00,nicolas grasso,1122996333,true,22000,16:00:00,1,2026-06-26 15:16:16.651+00,nicolas grasso,,,2026-06-26 15:16:16.651+00
3708,2,2026-06-26,16:00:00,Gianluca Sibione,1158043916,true,22000,16:30:00,1,2026-06-26 15:29:58.818+00,Gianluca Sibione,,,2026-06-26 15:29:58.818+00
3709,2,2026-06-26,15:00:00,Fermin jolis,1162674305,true,22000,15:30:00,1,2026-06-26 16:13:41.514+00,Fermin jolis,,,2026-06-26 16:13:41.514+00
3710,1,2026-06-26,15:00:00,Facu,,false,,15:30:00,1,2026-06-26 16:48:29.939+00,Facundo (Yayu),2026-06-26 21:01:38.698+00,Facundo (Yayu),2026-06-26 16:48:29.939+00
3711,1,2026-06-26,16:00:00,"Matteo britez ",1144341743,true,22000,16:30:00,1,2026-06-26 17:04:22.995+00,"Matteo britez ",,,2026-06-26 17:04:22.995+00
3712,6,2026-06-26,17:30:00,Valentino Milman,1168039713,true,22000,18:00:00,1,2026-06-26 17:44:50.186+00,Valentino Milman,,,2026-06-26 17:44:50.186+00
3713,2,2026-06-27,15:00:00,Andres Poluyan,1567935333,true,22000,16:00:00,3,2026-06-26 17:55:49.037+00,Andres Poluyan,,,2026-06-26 17:55:49.037+00
3714,2,2026-06-27,10:30:00,Roberto Schrader,1135860592,true,27000,11:30:00,3,2026-06-26 18:26:09.951+00,Roberto Schrader,,,2026-06-26 18:26:09.951+00
3715,2,2026-06-27,18:30:00,Tomas Baranda,1151507348,true,22000,19:00:00,1,2026-06-26 21:18:50.733+00,Tomas Baranda,,,2026-06-26 21:18:50.733+00
3716,2,2026-06-27,16:00:00,Pedro Salerno,1165838107,true,22000,16:30:00,5,2026-06-26 22:41:40.979+00,Pedro Salerno,,,2026-06-26 22:41:40.979+00
3717,6,2026-06-27,17:30:00,"Nauhue Massa ",1132563374,true,22000,18:00:00,5,2026-06-27 01:05:17.971+00,"Nauhue Massa ",,,2026-06-27 01:05:17.971+00
3718,6,2026-06-27,10:30:00,Mauro,,false,,11:00:00,1,2026-06-27 12:49:21.069+00,Mauro,2026-06-27 21:45:46.225+00,Mauro,2026-06-27 12:49:21.069+00
3719,1,2026-06-27,16:30:00,Lautaro Alberti,1162326531,false,,17:00:00,1,2026-06-27 13:25:31.355+00,Lautaro Alberti,2026-06-27 16:56:18.971+00,Lautaro Alberti,2026-06-27 13:25:31.355+00
3720,6,2026-06-27,15:30:00,Chino,1127291009,true,22000,16:00:00,1,2026-06-27 14:32:00.319+00,Chino,,,2026-06-27 14:32:00.319+00
3721,1,2026-06-27,15:30:00,Cifu,1141696938,true,22000,16:00:00,1,2026-06-27 15:09:21.207+00,Cifu,,,2026-06-27 15:09:21.207+00
3722,6,2026-06-27,11:30:00,puerta,,true,22000,12:00:00,1,2026-06-27 15:25:34.433+00,Mauro,,,2026-06-27 15:25:34.433+00
3723,6,2026-06-27,17:00:00,fran,,true,27000,17:30:00,1,2026-06-27 17:27:29.506+00,Mauro,,,2026-06-27 17:27:29.506+00
3724,2,2026-06-27,17:30:00,Mark,1158954348,true,22000,18:00:00,1,2026-06-27 18:20:03.758+00,Mark,,,2026-06-27 18:20:03.758+00
3725,1,2026-06-27,16:30:00,"play ",,false,,17:30:00,3,2026-06-27 19:06:16.053+00,Facundo (Yayu),2026-06-27 20:38:54.367+00,Facundo (Yayu),2026-06-27 19:06:16.053+00
3726,1,2026-06-27,17:30:00,play,,false,,18:00:00,1,2026-06-27 19:06:32.808+00,Facundo (Yayu),2026-06-27 20:38:59.183+00,Facundo (Yayu),2026-06-27 19:06:32.808+00
3727,6,2026-06-27,18:00:00,Alejandro T Ariccio,1136973863,true,22000,18:30:00,1,2026-06-27 19:22:36.91+00,Alejandro T Ariccio,,,2026-06-27 19:22:36.91+00
3728,6,2026-06-27,16:30:00,puerta,,true,22000,17:00:00,1,2026-06-27 20:03:43.844+00,Mauro,,,2026-06-27 20:03:43.844+00
3729,1,2026-07-01,17:30:00,javier,,false,,18:00:00,1,2026-06-27 22:34:38.952+00,Facundo (Yayu),,,2026-06-27 22:34:38.952+00