barber_id,id,date,start_time,client,phone,paid,price,end_time,service_id,created_at,created_by,deleted_at,updated_at,deleted_by
1,6,2025-07-08,13:30:00,ALMUERZO,0000000000,false,,14:30:00,6,2026-01-08 02:45:43.469422+00,,,2026-01-08 02:45:43.469422+00,
1,7,2025-07-09,13:30:00,ALMUERZO,0000000000,false,,14:30:00,6,2026-01-08 02:45:43.469422+00,,,2026-01-08 02:45:43.469422+00,
1,8,2025-07-10,13:00:00,ALMUERZO,0000000000,false,,14:00:00,6,2026-01-08 02:45:43.469422+00,,,2026-01-08 02:45:43.469422+00,
1,9,2025-07-11,13:30:00,ALMUERZO,0000000000,false,,14:30:00,6,2026-01-08 02:45:43.469422+00,,,2026-01-08 02:45:43.469422+00,
1,11,2025-07-10,11:00:00,TURNO MÉDICO,0000000000,false,,12:30:00,6,2026-01-08 02:45:43.469422+00,,,2026-01-08 02:45:43.469422+00,
1,14,2025-07-10,19:00:00,Pedro,1161332650,true,12500,19:30:00,6,2026-01-08 02:45:43.469422+00,,,2026-01-08 02:45:43.469422+00,
1,20,2025-07-08,16:30:00,Alfredo Guzman,1155770044,true,15000,17:00:00,6,2026-01-08 02:45:43.469422+00,,,2026-01-08 02:45:43.469422+00,
1,21,2025-07-08,15:00:00,Facundo Iriondo,1145788858,true,12500,15:45:00,3,2026-01-08 02:45:43.469422+00,,,2026-01-08 02:45:43.469422+00,
1,22,2025-07-08,15:45:00,Ariel PEÑA,1156069076,true,12500,16:15:00,6,2026-01-08 02:45:43.469422+00,,,2026-01-08 02:45:43.469422+00,
1,25,2025-07-08,17:00:00,Francisco Montaldo,1154842834,true,12500,17:30:00,6,2026-01-08 02:45:43.469422+00,,,2026-01-08 02:45:43.469422+00,
1,26,2025-07-12,14:00:00,Daniel,1144385749,true,15000,14:45:00,3,2026-01-08 02:45:43.469422+00,,,2026-01-08 02:45:43.469422+00,
1,27,2025-07-10,18:15:00,Juani Moizello,1123050417,true,15000,19:00:00,3,2026-01-08 02:45:43.469422+00,,,2026-01-08 02:45:43.469422+00,
1,28,2025-07-11,18:15:00,Alejandro Fourcade,1165151718,true,11000,19:00:00,3,2026-01-08 02:45:43.469422+00,,,2026-01-08 02:45:43.469422+00,
1,30,2025-07-08,18:30:00,Mateo Patroni,1150043635,true,12500,19:00:00,6,2026-01-08 02:45:43.469422+00,,,2026-01-08 02:45:43.469422+00,
1,32,2025-07-08,19:30:00,Horacio Garcia,1138828738,true,15000,20:00:00,6,2026-01-08 02:45:43.469422+00,,,2026-01-08 02:45:43.469422+00,
1,33,2025-07-08,19:00:00,Pablo,1,true,12500,19:30:00,6,2026-01-08 02:45:43.469422+00,,,2026-01-08 02:45:43.469422+00,
1,34,2025-07-08,17:30:00,Agustin Zaragoci,1138828738,true,12500,18:00:00,6,2026-01-08 02:45:43.469422+00,,,2026-01-08 02:45:43.469422+00,
1,35,2025-07-08,18:00:00,Matias,1167615318,true,12500,18:30:00,6,2026-01-08 02:45:43.469422+00,,,2026-01-08 02:45:43.469422+00,
1,36,2025-07-11,17:45:00,Lucas gnoffo,1135235520,true,11000,18:15:00,1,2026-01-08 02:45:43.469422+00,,,2026-01-08 02:45:43.469422+00,
1,37,2025-07-10,16:15:00,Fernando sosa,1130617895,true,12500,16:45:00,6,2026-01-08 02:45:43.469422+00,,,2026-01-08 02:45:43.469422+00,
1,38,2025-07-10,16:45:00,"Atilio Sosa ",1130617895,true,12500,17:15:00,6,2026-01-08 02:45:43.469422+00,,,2026-01-08 02:45:43.469422+00,
1,40,2025-07-09,16:15:00,Papá Barbero,1124612329,true,12500,16:45:00,6,2026-01-08 02:45:43.469422+00,,,2026-01-08 02:45:43.469422+00,
1,41,2025-07-12,15:15:00,Manu (Hijo Menor Mariano),1150624000,true,12500,16:00:00,3,2026-01-08 02:45:43.469422+00,,,2026-01-08 02:45:43.469422+00,
1,42,2025-07-12,16:00:00,Hijo Mayor Mariano,1150624000,true,12500,16:30:00,6,2026-01-08 02:45:43.469422+00,,,2026-01-08 02:45:43.469422+00,
1,44,2025-07-15,18:30:00,Ignacio Lamamith,158774966,true,12500,19:15:00,3,2026-01-08 02:45:43.469422+00,,,2026-01-08 02:45:43.469422+00,
4,45,2025-07-17,16:00:00,Federico Chavanio,1168554418,true,12500,16:30:00,6,2026-01-08 02:45:43.469422+00,,,2026-01-08 02:45:43.469422+00,
1,46,2025-07-10,19:30:00,Luciano Frisardi,1144976493,true,12500,20:00:00,6,2026-01-08 02:45:43.469422+00,,,2026-01-08 02:45:43.469422+00,
1,47,2025-07-15,13:30:00,ALMUERZO,0000000000,false,,14:30:00,1,2026-01-08 02:45:43.469422+00,,,2026-01-08 02:45:43.469422+00,
1,48,2025-07-16,13:30:00,ALMUERZO,0000000000,false,,14:30:00,1,2026-01-08 02:45:43.469422+00,,,2026-01-08 02:45:43.469422+00,
1,49,2025-07-17,13:30:00,ALMUERZO,0000000000,false,,14:30:00,1,2026-01-08 02:45:43.469422+00,,,2026-01-08 02:45:43.469422+00,
1,50,2025-07-18,14:30:00,ALMUERZO,0000000000,false,,15:00:00,1,2026-01-08 02:45:43.469422+00,,,2026-01-08 02:45:43.469422+00,
1,51,2025-07-19,13:30:00,ALMUERZO,0000000000,false,,14:30:00,1,2026-01-08 02:45:43.469422+00,,,2026-01-08 02:45:43.469422+00,
1,52,2025-07-19,14:30:00,CANCHA,0000000000,false,,19:45:00,1,2026-01-08 02:45:43.469422+00,,,2026-01-08 02:45:43.469422+00,
1,53,2025-07-26,13:15:00,CANCHA,0000000000,false,,19:45:00,1,2026-01-08 02:45:43.469422+00,,,2026-01-08 02:45:43.469422+00,
1,54,2025-07-09,18:30:00,Guillermo Patroni,1144198733,true,12500,19:00:00,6,2026-01-08 02:45:43.469422+00,,,2026-01-08 02:45:43.469422+00,
1,55,2025-07-11,14:30:00,Juan Di Tocco,1169539200,true,12500,15:00:00,6,2026-01-08 02:45:43.469422+00,,,2026-01-08 02:45:43.469422+00,
1,56,2025-07-11,13:00:00,Virginia Luna,1156381619,true,11000,13:30:00,6,2026-01-08 02:45:43.469422+00,,,2026-01-08 02:45:43.469422+00,
1,57,2025-07-10,15:30:00,Kitas Navarro Messina,1130965822,true,15000,16:15:00,3,2026-01-08 02:45:43.469422+00,,,2026-01-08 02:45:43.469422+00,
1,58,2025-07-10,14:30:00,"Pablo Ivanoff ",1122828251,true,12500,15:00:00,6,2026-01-08 02:45:43.469422+00,,,2026-01-08 02:45:43.469422+00,
1,59,2025-07-12,11:00:00,.,0000000000,false,,13:15:00,1,2026-01-08 02:45:43.469422+00,,,2026-01-08 02:45:43.469422+00,
1,60,2025-07-11,17:15:00,Quintin Pozo,1140864708,true,12500,17:45:00,4,2026-01-08 02:45:43.469422+00,,,2026-01-08 02:45:43.469422+00,
1,61,2025-07-10,15:00:00,Papá 🦽,1,true,12500,15:30:00,6,2026-01-08 02:45:43.469422+00,,,2026-01-08 02:45:43.469422+00,
1,62,2025-07-10,17:45:00,Nicolas Morales,1168812567,true,11000,18:15:00,6,2026-01-08 02:45:43.469422+00,,,2026-01-08 02:45:43.469422+00,
1,63,2025-07-10,17:15:00,Cine,1,true,12500,17:45:00,6,2026-01-08 02:45:43.469422+00,,,2026-01-08 02:45:43.469422+00,
1,64,2025-07-10,14:00:00,🦽,1,true,12500,14:30:00,6,2026-01-08 02:45:43.469422+00,,,2026-01-08 02:45:43.469422+00,
1,65,2025-07-11,16:30:00,Matias Rodriguez,1,true,12500,17:15:00,3,2026-01-08 02:45:43.469422+00,,,2026-01-08 02:45:43.469422+00,
1,66,2025-07-11,15:15:00,Augusto Suppa,1165353553,true,12500,15:45:00,6,2026-01-08 02:45:43.469422+00,,,2026-01-08 02:45:43.469422+00,
1,67,2025-07-10,12:30:00,Veneco,1,true,12500,13:00:00,6,2026-01-08 02:45:43.469422+00,,,2026-01-08 02:45:43.469422+00,
1,68,2025-07-12,14:45:00,Emiliano Morales,1141596914,true,12500,15:15:00,6,2026-01-08 02:45:43.469422+00,,,2026-01-08 02:45:43.469422+00,
1,69,2025-07-12,16:30:00,Manuel Peral,1123405689,true,10000,17:00:00,6,2026-01-08 02:45:43.469422+00,,,2026-01-08 02:45:43.469422+00,
1,70,2025-07-11,19:30:00,Ivan Asturiano,1150563434,true,12500,20:00:00,6,2026-01-08 02:45:43.469422+00,,,2026-01-08 02:45:43.469422+00,
1,71,2025-07-11,15:45:00,Adrian Colo,1162415406,true,15000,16:30:00,3,2026-01-08 02:45:43.469422+00,,,2026-01-08 02:45:43.469422+00,
1,72,2025-07-12,18:00:00,Milo (Vale Mamá),1149359710,true,12500,18:45:00,3,2026-01-08 02:45:43.469422+00,,,2026-01-08 02:45:43.469422+00,
1,73,2025-07-12,19:15:00,Mariano Vacca,1155655340,true,15000,20:00:00,3,2026-01-08 02:45:43.469422+00,,,2026-01-08 02:45:43.469422+00,
1,74,2025-07-12,17:00:00,Jeremias,5491176211111,true,12500,17:30:00,6,2026-01-08 02:45:43.469422+00,,,2026-01-08 02:45:43.469422+00,
1,75,2025-07-11,12:00:00,Abuela,1,false,,12:30:00,6,2026-01-08 02:45:43.469422+00,,,2026-01-08 02:45:43.469422+00,
1,76,2025-07-12,13:30:00,Alejandro Longhini,1149711841,true,12500,14:00:00,6,2026-01-08 02:45:43.469422+00,,,2026-01-08 02:45:43.469422+00,
1,77,2025-07-11,19:00:00,Federico De Carli,1,false,,19:30:00,6,2026-01-08 02:45:43.469422+00,,,2026-01-08 02:45:43.469422+00,
1,78,2025-07-12,18:45:00,SERGIO,1,true,12500,19:15:00,6,2026-01-08 02:45:43.469422+00,,,2026-01-08 02:45:43.469422+00,
1,79,2025-07-12,17:30:00,Real Marsalla,1,true,12500,18:00:00,6,2026-01-08 02:45:43.469422+00,,,2026-01-08 02:45:43.469422+00,
1,80,2025-07-18,15:00:00,Lucas gnoffo,1135235520,true,11000,15:30:00,6,2026-01-08 02:45:43.469422+00,,,2026-01-08 02:45:43.469422+00,
1,81,2025-07-15,17:30:00,Simón,1135658725,true,12500,18:00:00,6,2026-01-08 02:45:43.469422+00,,,2026-01-08 02:45:43.469422+00,
1,82,2025-07-15,15:30:00,Benicio Buschiazzo,1162290038,true,12500,16:15:00,3,2026-01-08 02:45:43.469422+00,,,2026-01-08 02:45:43.469422+00,
1,83,2025-07-15,17:00:00,.,,true,12500,17:30:00,6,2026-01-08 02:45:43.469422+00,,,2026-01-08 02:45:43.469422+00,
1,84,2025-07-15,18:00:00,Agus Otero,1153846974,true,12500,18:30:00,6,2026-01-08 02:45:43.469422+00,,,2026-01-08 02:45:43.469422+00,
1,85,2025-07-18,14:00:00,Ariel Peña,1156069076,true,12500,14:30:00,6,2026-01-08 02:45:43.469422+00,,,2026-01-08 02:45:43.469422+00,
1,86,2025-07-19,11:00:00,.,0000000000,false,,13:30:00,1,2026-01-08 02:45:43.469422+00,,,2026-01-08 02:45:43.469422+00,
1,87,2025-07-18,19:15:00,Matias Navarro,1135907229,true,12500,20:00:00,3,2026-01-08 02:45:43.469422+00,,,2026-01-08 02:45:43.469422+00,
1,88,2025-07-17,19:15:00,Nicolas Morales,1168812567,true,11000,19:45:00,6,2026-01-08 02:45:43.469422+00,,,2026-01-08 02:45:43.469422+00,
1,89,2025-07-17,18:30:00,Alejandro Fourcade,1165151718,true,11000,19:15:00,3,2026-01-08 02:45:43.469422+00,,,2026-01-08 02:45:43.469422+00,
4,90,2025-07-18,16:00:00,Juan Di Tocco,1169539200,true,12500,16:30:00,6,2026-01-08 02:45:43.469422+00,,,2026-01-08 02:45:43.469422+00,
1,91,2025-07-18,13:30:00,Virginia Luna,1156381619,true,12000,14:00:00,6,2026-01-08 02:45:43.469422+00,,,2026-01-08 02:45:43.469422+00,
1,92,2025-07-15,16:15:00,Loren Ariotti,1149177040,true,12500,16:45:00,6,2026-01-08 02:45:43.469422+00,,,2026-01-08 02:45:43.469422+00,
1,93,2025-07-16,11:00:00,"Turno Médico ",0000000000,false,,13:30:00,1,2026-01-08 02:45:43.469422+00,,,2026-01-08 02:45:43.469422+00,
1,94,2025-07-18,12:15:00,Valentino Ariotti,1167869617,true,12500,13:00:00,3,2026-01-08 02:45:43.469422+00,,,2026-01-08 02:45:43.469422+00,
1,95,2025-07-18,18:30:00,Gustavo Campos,1166508056,true,12500,19:00:00,6,2026-01-08 02:45:43.469422+00,,,2026-01-08 02:45:43.469422+00,
1,96,2025-07-16,16:15:00,Adrian Zalazar,5491162544401,true,15000,17:00:00,3,2026-01-08 02:45:43.469422+00,,,2026-01-08 02:45:43.469422+00,
1,97,2025-07-18,17:15:00,Octavio Gonzalez,1135129571,true,12500,17:45:00,6,2026-01-08 02:45:43.469422+00,,,2026-01-08 02:45:43.469422+00,
4,98,2025-07-18,11:00:00,Federico Perez,1136334843,true,15000,11:45:00,3,2026-01-08 02:45:43.469422+00,,,2026-01-08 02:45:43.469422+00,
1,99,2025-07-22,16:00:00,Benjamin Pieruzzini,1150102008,true,12500,16:30:00,6,2026-01-08 02:45:43.469422+00,,,2026-01-08 02:45:43.469422+00,
1,100,2025-07-17,16:30:00,Benja 🦑 ( Hijo Patricio),1162295382,true,12500,17:15:00,3,2026-01-08 02:45:43.469422+00,,,2026-01-08 02:45:43.469422+00,
1,101,2025-07-15,19:30:00,Roberto,1162077265,true,12500,20:00:00,6,2026-01-08 02:45:43.469422+00,,,2026-01-08 02:45:43.469422+00,
1,102,2025-07-18,11:45:00,Will wright,136896784,true,12500,12:15:00,6,2026-01-08 02:45:43.469422+00,,,2026-01-08 02:45:43.469422+00,
1,104,2025-07-16,14:30:00,Benja (Hijo Peter),1169632799,true,12500,15:00:00,6,2026-01-08 02:45:43.469422+00,,,2026-01-08 02:45:43.469422+00,
1,106,2025-07-16,17:15:00,Santiago TBJ,1155861910,true,12500,17:45:00,6,2026-01-08 02:45:43.469422+00,,,2026-01-08 02:45:43.469422+00,
1,107,2025-07-16,19:00:00,Axel,1166575461,false,,19:30:00,6,2026-01-08 02:45:43.469422+00,,,2026-01-08 02:45:43.469422+00,
1,108,2025-07-16,18:30:00,Ignacio Martinez Peralta,3513850960,true,12500,19:00:00,6,2026-01-08 02:45:43.469422+00,,,2026-01-08 02:45:43.469422+00,
4,109,2025-07-17,13:30:00,Almuerzo,0000000000,false,,14:30:00,1,2026-01-08 02:45:43.469422+00,,,2026-01-08 02:45:43.469422+00,
4,110,2025-07-18,13:30:00,ALMUERZO,0000000000,false,,14:30:00,1,2026-01-08 02:45:43.469422+00,,,2026-01-08 02:45:43.469422+00,
4,111,2025-07-19,13:00:00,ALMUERZO,0000000000,false,,14:00:00,1,2026-01-08 02:45:43.469422+00,,,2026-01-08 02:45:43.469422+00,
1,112,2025-07-16,19:30:00,Esteban,1,true,7000,20:00:00,1,2026-01-08 02:45:43.469422+00,,,2026-01-08 02:45:43.469422+00,
1,113,2025-07-17,16:00:00,Nassutiiii,1126467659,false,,16:30:00,4,2026-01-08 02:45:43.469422+00,,,2026-01-08 02:45:43.469422+00,
1,114,2025-07-17,11:00:00,ezequiel fernandez,1167219400,true,12500,11:45:00,3,2026-01-08 02:45:43.469422+00,,,2026-01-08 02:45:43.469422+00,
4,115,2025-07-18,17:30:00,Tomas Lafalce,113681390,true,12000,18:15:00,3,2026-01-08 02:45:43.469422+00,,,2026-01-08 02:45:43.469422+00,
4,116,2025-07-18,18:15:00,"thiago ",1134696158,true,10000,18:45:00,4,2026-01-08 02:45:43.469422+00,,,2026-01-08 02:45:43.469422+00,
1,117,2025-07-17,12:00:00,.,1,true,12500,12:30:00,6,2026-01-08 02:45:43.469422+00,,,2026-01-08 02:45:43.469422+00,
1,118,2025-07-18,11:00:00,bruno burgos,1145288974,true,12500,11:30:00,6,2026-01-08 02:45:43.469422+00,,,2026-01-08 02:45:43.469422+00,
4,119,2025-07-17,14:30:00,A,1,true,12500,15:00:00,6,2026-01-08 02:45:43.469422+00,,,2026-01-08 02:45:43.469422+00,
4,120,2025-07-18,15:00:00,Nachoto,1144485246,false,,15:30:00,6,2026-01-08 02:45:43.469422+00,,,2026-01-08 02:45:43.469422+00,
4,121,2025-07-19,14:45:00,nicolas rizzo,1126151251,false,,15:15:00,4,2026-01-08 02:45:43.469422+00,,,2026-01-08 02:45:43.469422+00,
4,122,2025-07-18,18:45:00,Franco Giovanazzi,1170261893,true,10000,19:15:00,6,2026-01-08 02:45:43.469422+00,,,2026-01-08 02:45:43.469422+00,
4,123,2025-07-19,11:00:00,.,0000000000,false,,13:00:00,1,2026-01-08 02:45:43.469422+00,,,2026-01-08 02:45:43.469422+00,
4,124,2025-07-18,14:30:00,Pedro,1164115200,true,12500,15:00:00,6,2026-01-08 02:45:43.469422+00,,,2026-01-08 02:45:43.469422+00,
1,125,2025-07-18,16:45:00,Daniel Gutierrez,290115619968,true,12500,17:15:00,6,2026-01-08 02:45:43.469422+00,,,2026-01-08 02:45:43.469422+00,
1,126,2025-07-18,17:45:00,Matias Guarela,,true,15000,18:30:00,3,2026-01-08 02:45:43.469422+00,,,2026-01-08 02:45:43.469422+00,
4,127,2025-07-19,14:00:00,Agustin,1133072674,true,12500,14:45:00,3,2026-01-08 02:45:43.469422+00,,,2026-01-08 02:45:43.469422+00,
1,128,2025-07-22,11:15:00,Manuel Peral,1123405689,true,11000,12:00:00,3,2026-01-08 02:45:43.469422+00,,,2026-01-08 02:45:43.469422+00,
1,130,2025-07-22,13:30:00,ALMUERZO,0000000000,false,,14:30:00,1,2026-01-08 02:45:43.469422+00,,,2026-01-08 02:45:43.469422+00,
1,131,2025-07-24,17:30:00,Alejandro Fourcade,1165151718,true,11000,18:15:00,3,2026-01-08 02:45:43.469422+00,,,2026-01-08 02:45:43.469422+00,
1,132,2025-07-25,17:00:00,Nicolas Morales,1168812567,true,11000,17:30:00,6,2026-01-08 02:45:43.469422+00,,,2026-01-08 02:45:43.469422+00,
1,133,2025-07-24,12:30:00,Virginia Luna,1156381619,true,11000,13:00:00,6,2026-01-08 02:45:43.469422+00,,,2026-01-08 02:45:43.469422+00,
1,135,2025-07-22,15:00:00,"Papá Barbero ",1124612329,true,12500,15:30:00,6,2026-01-08 02:45:43.469422+00,,,2026-01-08 02:45:43.469422+00,
1,136,2025-07-25,12:00:00,Lucas gnoffo,1135235520,true,11000,12:30:00,6,2026-01-08 02:45:43.469422+00,,,2026-01-08 02:45:43.469422+00,
1,137,2025-07-22,12:30:00,Lucas Fabre,1165008315,true,12500,13:00:00,6,2026-01-08 02:45:43.469422+00,,,2026-01-08 02:45:43.469422+00,
1,138,2025-07-22,13:00:00,Marcelo Ajedrez,1136905715,true,15000,13:30:00,6,2026-01-08 02:45:43.469422+00,,,2026-01-08 02:45:43.469422+00,
1,139,2025-07-22,14:30:00,Hijo Sonia,1171787768,true,12500,15:00:00,6,2026-01-08 02:45:43.469422+00,,,2026-01-08 02:45:43.469422+00,
4,140,2025-07-22,11:00:00,.,1,true,12500,11:30:00,6,2026-01-08 02:45:43.469422+00,,,2026-01-08 02:45:43.469422+00,
1,141,2025-07-24,17:00:00,Mauricio Oubiña,1134701110,true,11000,17:30:00,6,2026-01-08 02:45:43.469422+00,,,2026-01-08 02:45:43.469422+00,
1,142,2025-07-22,17:15:00,Federico Gago,1124735550,true,12500,17:45:00,6,2026-01-08 02:45:43.469422+00,,,2026-01-08 02:45:43.469422+00,
1,143,2025-07-23,15:00:00,Juan Di Tocco,51169539200,true,12500,15:30:00,6,2026-01-08 02:45:43.469422+00,,,2026-01-08 02:45:43.469422+00,
1,144,2025-07-23,13:30:00,"ALMUERZO ",0000000000,false,,14:30:00,1,2026-01-08 02:45:43.469422+00,,,2026-01-08 02:45:43.469422+00,
1,145,2025-07-25,18:45:00,Nacho Crespo,1155840256,true,12500,19:30:00,3,2026-01-08 02:45:43.469422+00,,,2026-01-08 02:45:43.469422+00,
1,146,2025-07-22,16:30:00,Papá de Augusto Suppa,1,true,12500,17:15:00,3,2026-01-08 02:45:43.469422+00,,,2026-01-08 02:45:43.469422+00,
1,147,2025-07-22,17:45:00,Alejandro,1,true,12500,18:15:00,6,2026-01-08 02:45:43.469422+00,,,2026-01-08 02:45:43.469422+00,
1,148,2025-07-22,19:00:00,Bati Rodriguez,1126486557,true,12500,19:30:00,6,2026-01-08 02:45:43.469422+00,,,2026-01-08 02:45:43.469422+00,
1,149,2025-07-25,12:30:00,Federico De Carli,1132784225,true,12500,13:15:00,3,2026-01-08 02:45:43.469422+00,,,2026-01-08 02:45:43.469422+00,
1,150,2025-07-25,17:30:00,Nazareno Gnoffo,1126467659,false,,18:00:00,6,2026-01-08 02:45:43.469422+00,,,2026-01-08 02:45:43.469422+00,
1,151,2025-07-25,18:00:00,Me corto yo,0000000000,false,,18:45:00,1,2026-01-08 02:45:43.469422+00,,,2026-01-08 02:45:43.469422+00,
1,153,2025-07-25,14:00:00,"ALMUERZO ",0000000000,false,,15:00:00,1,2026-01-08 02:45:43.469422+00,,,2026-01-08 02:45:43.469422+00,
1,154,2025-07-24,13:30:00,ALMUERZO,0000000000,false,,14:30:00,1,2026-01-08 02:45:43.469422+00,,,2026-01-08 02:45:43.469422+00,
1,155,2025-07-22,19:30:00,Cristiaan,1137287913,true,12500,20:00:00,6,2026-01-08 02:45:43.469422+00,,,2026-01-08 02:45:43.469422+00,
1,156,2025-07-23,12:45:00,Lucas De Carli,1123192159,true,12500,13:30:00,3,2026-01-08 02:45:43.469422+00,,,2026-01-08 02:45:43.469422+00,
1,157,2025-07-24,19:30:00,Julian Aslaterra,1168538538,true,12500,20:00:00,6,2026-01-08 02:45:43.469422+00,,,2026-01-08 02:45:43.469422+00,
1,158,2025-07-23,19:00:00,Franco,1162857682,true,12500,19:30:00,6,2026-01-08 02:45:43.469422+00,,,2026-01-08 02:45:43.469422+00,
1,159,2025-07-23,18:30:00,Gabriel Zelaschi,1156998828,true,12500,19:00:00,6,2026-01-08 02:45:43.469422+00,,,2026-01-08 02:45:43.469422+00,
1,160,2025-07-23,19:30:00,Martin Virtuani,1164072556,true,12500,20:00:00,6,2026-01-08 02:45:43.469422+00,,,2026-01-08 02:45:43.469422+00,
1,161,2025-07-23,17:00:00,Augusto Suppa,5491165353553,true,12500,17:30:00,6,2026-01-08 02:45:43.469422+00,,,2026-01-08 02:45:43.469422+00,
1,162,2025-07-24,11:45:00,"Geremias Alegre ",1176211111,true,12500,12:15:00,6,2026-01-08 02:45:43.469422+00,,,2026-01-08 02:45:43.469422+00,
1,163,2025-07-24,13:00:00,Estanislao Stocca,1158580371,true,7000,13:30:00,6,2026-01-08 02:45:43.469422+00,,,2026-01-08 02:45:43.469422+00,
1,164,2025-07-24,19:00:00,Matias De Carli,1121938635,true,12500,19:30:00,6,2026-01-08 02:45:43.469422+00,,,2026-01-08 02:45:43.469422+00,
1,165,2025-07-24,14:30:00,Martin BM,1138295288,true,12500,15:00:00,6,2026-01-08 02:45:43.469422+00,,,2026-01-08 02:45:43.469422+00,
1,167,2025-07-24,15:00:00,Hijo Martin BM,1138295288,true,12500,15:30:00,6,2026-01-08 02:45:43.469422+00,,,2026-01-08 02:45:43.469422+00,
1,168,2025-07-25,16:30:00,"Hernán Tonellotto ",2914269335,true,12500,17:00:00,6,2026-01-08 02:45:43.469422+00,,,2026-01-08 02:45:43.469422+00,
1,169,2025-07-25,13:15:00,"Hermanito  Fede ",1,true,12500,14:00:00,3,2026-01-08 02:45:43.469422+00,,,2026-01-08 02:45:43.469422+00,
1,170,2025-07-25,15:30:00,Juan Ignacio,1169710302,true,12500,16:00:00,6,2026-01-08 02:45:43.469422+00,,,2026-01-08 02:45:43.469422+00,
1,171,2025-07-26,12:00:00,"Mariano ",1150624000,true,15000,12:45:00,3,2026-01-08 02:45:43.469422+00,,,2026-01-08 02:45:43.469422+00,
1,172,2025-07-25,16:00:00,José Luis,1134091327,true,12500,16:30:00,6,2026-01-08 02:45:43.469422+00,,,2026-01-08 02:45:43.469422+00,
1,173,2025-07-26,11:15:00,benicio buschiazzo,1162290038,true,12500,11:45:00,6,2026-01-08 02:45:43.469422+00,,,2026-01-08 02:45:43.469422+00,
1,174,2025-07-26,12:45:00,Adrian Rodriguez,1,true,12500,13:15:00,6,2026-01-08 02:45:43.469422+00,,,2026-01-08 02:45:43.469422+00,
1,175,2025-07-31,18:30:00,Mateo Patroni,1150043635,true,12500,19:00:00,6,2026-01-08 02:45:43.469422+00,,,2026-01-08 02:45:43.469422+00,
1,176,2025-07-31,15:00:00,"Juani Molina ",1168820931,true,12500,15:30:00,6,2026-01-08 02:45:43.469422+00,,,2026-01-08 02:45:43.469422+00,
1,177,2025-07-29,15:00:00,"Marcos Gari ",1165690551,true,12500,15:30:00,6,2026-01-08 02:45:43.469422+00,,,2026-01-08 02:45:43.469422+00,
1,178,2025-07-29,17:00:00,Franco Concaro,1165121999,true,15000,17:30:00,6,2026-01-08 02:45:43.469422+00,,,2026-01-08 02:45:43.469422+00,
1,179,2025-07-29,11:00:00,Chapista,0000000000,false,,13:30:00,1,2026-01-08 02:45:43.469422+00,,,2026-01-08 02:45:43.469422+00,
1,180,2025-07-30,17:45:00,"Lucas Santillan ",1156639446,true,12500,18:15:00,6,2026-01-08 02:45:43.469422+00,,,2026-01-08 02:45:43.469422+00,
1,181,2025-07-29,15:30:00,Esteban Malvinas,1155795596,true,15000,16:15:00,3,2026-01-08 02:45:43.469422+00,,,2026-01-08 02:45:43.469422+00,
1,182,2025-07-29,13:30:00,ALMUERZO,0000000000,false,,14:30:00,1,2026-01-08 02:45:43.469422+00,,,2026-01-08 02:45:43.469422+00,
1,183,2025-07-29,18:00:00,Nacho Lamamith,1158774966,true,12500,18:45:00,3,2026-01-08 02:45:43.469422+00,,,2026-01-08 02:45:43.469422+00,
1,184,2025-07-29,18:45:00,Guillermo Gaetan,1167136256,true,12500,19:15:00,6,2026-01-08 02:45:43.469422+00,,,2026-01-08 02:45:43.469422+00,
1,185,2025-07-29,16:15:00,Gabriel urinovsky,1167332798,true,7000,16:45:00,1,2026-01-08 02:45:43.469422+00,,,2026-01-08 02:45:43.469422+00,
1,186,2025-08-01,19:00:00,Máximo,1134177907,true,12500,19:30:00,6,2026-01-08 02:45:43.469422+00,,,2026-01-08 02:45:43.469422+00,
1,187,2025-08-01,19:30:00,Christian,1134177907,true,15000,20:00:00,1,2026-01-08 02:45:43.469422+00,,,2026-01-08 02:45:43.469422+00,
1,188,2025-08-01,17:30:00,Nicolas Morales,1168812567,true,11000,18:00:00,6,2026-01-08 02:45:43.469422+00,,,2026-01-08 02:45:43.469422+00,
1,189,2025-07-31,17:45:00,Ale Fourcade,1165151718,true,11000,18:30:00,3,2026-01-08 02:45:43.469422+00,,,2026-01-08 02:45:43.469422+00,
1,190,2025-08-02,14:00:00,Matias Navarro,1135907229,true,12500,14:45:00,3,2026-01-08 02:45:43.469422+00,,,2026-01-08 02:45:43.469422+00,
1,191,2025-07-30,13:30:00,ALMUERZO,0000000000,false,,14:30:00,1,2026-01-08 02:45:43.469422+00,,,2026-01-08 02:45:43.469422+00,
1,192,2025-07-31,13:30:00,ALMUERZO,0000000000,false,,14:30:00,1,2026-01-08 02:45:43.469422+00,,,2026-01-08 02:45:43.469422+00,
1,193,2025-08-01,13:00:00,ALMUERZO,0000000000,false,,14:00:00,1,2026-01-08 02:45:43.469422+00,,,2026-01-08 02:45:43.469422+00,
1,194,2025-08-02,13:00:00,ALMUERZO,0000000000,false,,14:00:00,1,2026-01-08 02:45:43.469422+00,,,2026-01-08 02:45:43.469422+00,
1,195,2025-08-02,14:45:00,Virginia Luna,1156381619,true,12500,15:15:00,6,2026-01-08 02:45:43.469422+00,,,2026-01-08 02:45:43.469422+00,
1,196,2025-08-02,11:00:00,.,0000000000,false,,12:00:00,1,2026-01-08 02:45:43.469422+00,,,2026-01-08 02:45:43.469422+00,
1,201,2025-07-30,18:45:00,"Matías Butti ",1160567617,true,12500,19:15:00,6,2026-01-08 02:45:43.469422+00,,,2026-01-08 02:45:43.469422+00,
1,202,2025-07-29,17:30:00,Nene Taiwan,1,true,12500,18:00:00,6,2026-01-08 02:45:43.469422+00,,,2026-01-08 02:45:43.469422+00,
1,204,2025-07-29,19:15:00,Juanca Taiwan,1131208899,true,12500,19:45:00,6,2026-01-08 02:45:43.469422+00,,,2026-01-08 02:45:43.469422+00,
1,205,2025-07-31,11:30:00,Franco Funes,1134353579,true,12500,12:15:00,3,2026-01-08 02:45:43.469422+00,,,2026-01-08 02:45:43.469422+00,
1,206,2025-07-29,19:45:00,.,1,true,7000,20:15:00,1,2026-01-08 02:45:43.469422+00,,,2026-01-08 02:45:43.469422+00,
1,207,2025-07-30,18:15:00,Mauro Duarte,1126352241,true,12500,18:45:00,4,2026-01-08 02:45:43.469422+00,,,2026-01-08 02:45:43.469422+00,
1,208,2025-07-30,16:45:00,Hector,1111111111,true,12500,17:15:00,6,2026-01-08 02:45:43.469422+00,,,2026-01-08 02:45:43.469422+00,
1,209,2025-07-31,19:00:00,Matias De Carli,1121938635,true,12500,19:30:00,6,2026-01-08 02:45:43.469422+00,,,2026-01-08 02:45:43.469422+00,
1,211,2025-08-01,11:00:00,.,0000000000,false,,13:00:00,1,2026-01-08 02:45:43.469422+00,,,2026-01-08 02:45:43.469422+00,
1,212,2025-07-30,11:00:00,.,0000000000,false,,13:30:00,1,2026-01-08 02:45:43.469422+00,,,2026-01-08 02:45:43.469422+00,
1,213,2025-07-31,16:30:00,Juan di tocco,1169539200,true,12500,17:00:00,4,2026-01-08 02:45:43.469422+00,,,2026-01-08 02:45:43.469422+00,
1,214,2025-07-31,15:45:00,Quintin pozo,1140864708,true,12500,16:15:00,4,2026-01-08 02:45:43.469422+00,,,2026-01-08 02:45:43.469422+00,
1,215,2025-07-30,16:00:00,Nacho LAV,1153135037,true,12500,16:30:00,6,2026-01-08 02:45:43.469422+00,,,2026-01-08 02:45:43.469422+00,
1,216,2025-07-30,17:15:00,"Papá Lucía ",1139279936,true,12500,17:45:00,6,2026-01-08 02:45:43.469422+00,,,2026-01-08 02:45:43.469422+00,
1,217,2025-08-02,15:30:00,David ramirez,1168902879,true,15000,16:15:00,3,2026-01-08 02:45:43.469422+00,,,2026-01-08 02:45:43.469422+00,
1,219,2025-07-31,14:30:00,Tato Lopez,1162950947,true,12500,15:00:00,6,2026-01-08 02:45:43.469422+00,,,2026-01-08 02:45:43.469422+00,
1,221,2025-08-01,14:30:00,"Rebolo Gaston ",1133150679,true,12500,15:00:00,6,2026-01-08 02:45:43.469422+00,,,2026-01-08 02:45:43.469422+00,
1,222,2025-08-01,15:00:00,Nachoto,1144485246,true,0,15:30:00,6,2026-01-08 02:45:43.469422+00,,,2026-01-08 02:45:43.469422+00,
1,223,2025-08-01,15:45:00,Lautaro,1164115200,true,12500,16:15:00,6,2026-01-08 02:45:43.469422+00,,,2026-01-08 02:45:43.469422+00,
1,224,2025-08-01,16:15:00,Juan,1164115200,true,12500,16:45:00,6,2026-01-08 02:45:43.469422+00,,,2026-01-08 02:45:43.469422+00,
1,225,2025-08-01,16:45:00,Lucas gnoffo,1135235520,true,11000,17:15:00,6,2026-01-08 02:45:43.469422+00,,,2026-01-08 02:45:43.469422+00,
1,226,2025-08-01,18:00:00,Keki,1136525482,true,12500,18:30:00,4,2026-01-08 02:45:43.469422+00,,,2026-01-08 02:45:43.469422+00,
1,227,2025-08-01,14:00:00,Nahuel ingravallo,1162036432,true,12500,14:30:00,6,2026-01-08 02:45:43.469422+00,,,2026-01-08 02:45:43.469422+00,
1,228,2025-08-01,18:30:00,Tony (Tapari),1157181566,true,12500,19:00:00,6,2026-01-08 02:45:43.469422+00,,,2026-01-08 02:45:43.469422+00,
1,229,2025-08-02,12:30:00,Daniel Signori,51157496405,true,12500,13:00:00,6,2026-01-08 02:45:43.469422+00,,,2026-01-08 02:45:43.469422+00,
1,230,2025-08-02,16:15:00,.,0000000000,false,,18:30:00,1,2026-01-08 02:45:43.469422+00,,,2026-01-08 02:45:43.469422+00,
1,233,2025-08-05,11:00:00,.,0000000000,false,,17:30:00,1,2026-01-08 02:45:43.469422+00,,,2026-01-08 02:45:43.469422+00,
1,236,2025-08-02,12:00:00,A,1,true,12500,12:30:00,6,2026-01-08 02:45:43.469422+00,,,2026-01-08 02:45:43.469422+00,
1,237,2025-08-02,19:30:00,Gabi,1145268611,true,12500,20:00:00,6,2026-01-08 02:45:43.469422+00,,,2026-01-08 02:45:43.469422+00,
1,238,2025-08-09,14:00:00,Emiliano Guareschi,1141596914,true,12500,14:30:00,6,2026-01-08 02:45:43.469422+00,,,2026-01-08 02:45:43.469422+00,
1,239,2025-08-07,14:30:00,Pablo Ivanoff,1122828251,true,12500,15:00:00,6,2026-01-08 02:45:43.469422+00,,,2026-01-08 02:45:43.469422+00,
1,240,2025-08-07,18:30:00,Nacho Lamamith,1158774966,true,12500,19:15:00,3,2026-01-08 02:45:43.469422+00,,,2026-01-08 02:45:43.469422+00,
1,241,2025-08-08,15:30:00,Gustavo Campos,1166508056,true,12500,16:00:00,6,2026-01-08 02:45:43.469422+00,,,2026-01-08 02:45:43.469422+00,
1,242,2025-08-08,14:30:00,Ale Mansilla,1141440900,true,12500,15:00:00,6,2026-01-08 02:45:43.469422+00,,,2026-01-08 02:45:43.469422+00,
1,243,2025-08-05,18:00:00,Sergio JMI,1122897972,true,12500,18:30:00,6,2026-01-08 02:45:43.469422+00,,,2026-01-08 02:45:43.469422+00,
1,244,2025-08-05,19:00:00,.,0000000000,false,,19:45:00,1,2026-01-08 02:45:43.469422+00,,,2026-01-08 02:45:43.469422+00,
1,245,2025-08-06,11:00:00,.,0000000000,false,,19:45:00,1,2026-01-08 02:45:43.469422+00,,,2026-01-08 02:45:43.469422+00,
1,246,2025-08-07,13:30:00,ALMUERZO,0000000000,false,,14:30:00,1,2026-01-08 02:45:43.469422+00,,,2026-01-08 02:45:43.469422+00,
1,247,2025-08-08,13:30:00,"ALMUERZO ",0000000000,false,,14:30:00,1,2026-01-08 02:45:43.469422+00,,,2026-01-08 02:45:43.469422+00,
1,248,2025-08-09,13:00:00,ALMUERZO,0000000000,false,,14:00:00,1,2026-01-08 02:45:43.469422+00,,,2026-01-08 02:45:43.469422+00,
1,249,2025-08-05,17:30:00,Juan Manuel,5491158207385,true,12500,18:00:00,6,2026-01-08 02:45:43.469422+00,,,2026-01-08 02:45:43.469422+00,
1,250,2025-08-07,19:15:00,Daniel,1144385749,true,15000,20:00:00,3,2026-01-08 02:45:43.469422+00,,,2026-01-08 02:45:43.469422+00,
1,252,2025-08-07,17:30:00,"Nicolas Morales ",1168812567,true,11000,18:00:00,6,2026-01-08 02:45:43.469422+00,,,2026-01-08 02:45:43.469422+00,
1,253,2025-08-08,18:00:00,Lucas gnoffo,1135235520,true,11000,18:30:00,6,2026-01-08 02:45:43.469422+00,,,2026-01-08 02:45:43.469422+00,
1,255,2025-08-07,15:30:00,ArIel PEÑA CAP,1156069076,true,12500,16:00:00,6,2026-01-08 02:45:43.469422+00,,,2026-01-08 02:45:43.469422+00,
1,256,2025-08-05,18:30:00,.,1,true,12500,19:00:00,6,2026-01-08 02:45:43.469422+00,,,2026-01-08 02:45:43.469422+00,
1,257,2025-09-03,18:30:00,Nasuti,1126467659,true,14000,19:00:00,6,2026-01-08 02:45:43.469422+00,,,2026-01-08 02:45:43.469422+00,
1,258,2025-08-02,19:00:00,Fede De Carli,1,true,12500,19:30:00,6,2026-01-08 02:45:43.469422+00,,,2026-01-08 02:45:43.469422+00,
1,259,2025-08-07,11:15:00,Valentino Ariotti,1167869617,true,12500,12:00:00,3,2026-01-08 02:45:43.469422+00,,,2026-01-08 02:45:43.469422+00,
1,260,2025-08-07,16:00:00,Benicio buschiazzo,1162290038,true,12500,16:30:00,6,2026-01-08 02:45:43.469422+00,,,2026-01-08 02:45:43.469422+00,
1,261,2025-08-09,11:00:00,Hernan Cantamessi,1161647789,true,15000,11:45:00,3,2026-01-08 02:45:43.469422+00,,,2026-01-08 02:45:43.469422+00,
1,262,2025-08-07,12:00:00,Eduardo Carr,1,true,12500,12:30:00,6,2026-01-08 02:45:43.469422+00,,,2026-01-08 02:45:43.469422+00,
1,263,2025-08-08,15:00:00,Juan di tocco,1169539200,true,12500,15:30:00,4,2026-01-08 02:45:43.469422+00,,,2026-01-08 02:45:43.469422+00,
1,264,2025-08-08,16:00:00,Adrian Zalazar,1162544401,true,15000,16:45:00,3,2026-01-08 02:45:43.469422+00,,,2026-01-08 02:45:43.469422+00,
1,265,2025-08-08,17:15:00,Pancho palencia,1151224036,true,12500,18:00:00,3,2026-01-08 02:45:43.469422+00,,,2026-01-08 02:45:43.469422+00,
1,266,2025-08-08,11:00:00,". ",0000000000,false,,12:00:00,1,2026-01-08 02:45:43.469422+00,,,2026-01-08 02:45:43.469422+00,
1,267,2025-08-07,15:00:00,Fabian Induti,1150550453,true,12500,15:30:00,6,2026-01-08 02:45:43.469422+00,,,2026-01-08 02:45:43.469422+00,
1,268,2025-08-07,16:45:00,"Lucho Schomvetter ",1168156898,true,12500,17:15:00,6,2026-01-08 02:45:43.469422+00,,,2026-01-08 02:45:43.469422+00,
1,269,2025-08-07,13:00:00,"Ezequiel ",1124612329,true,12500,13:30:00,6,2026-01-08 02:45:43.469422+00,,,2026-01-08 02:45:43.469422+00,
1,270,2025-08-07,18:00:00,Ezequiel TBJ,1167219400,true,15000,18:30:00,6,2026-01-08 02:45:43.469422+00,,,2026-01-08 02:45:43.469422+00,
1,271,2025-08-08,12:15:00,Virginia Luna,1156381619,true,12500,12:45:00,6,2026-01-08 02:45:43.469422+00,,,2026-01-08 02:45:43.469422+00,
1,272,2025-08-07,12:30:00,A,1,true,12500,13:00:00,6,2026-01-08 02:45:43.469422+00,,,2026-01-08 02:45:43.469422+00,
1,273,2025-08-08,19:00:00,Ruben,1168930636,true,12500,19:30:00,6,2026-01-08 02:45:43.469422+00,,,2026-01-08 02:45:43.469422+00,
1,274,2025-08-09,14:30:00,Augusto Marchese,1157512705,true,12500,15:00:00,6,2026-01-08 02:45:43.469422+00,,,2026-01-08 02:45:43.469422+00,
1,275,2025-08-08,12:45:00,Mauricio Oubiña,1134701110,true,11000,13:30:00,3,2026-01-08 02:45:43.469422+00,,,2026-01-08 02:45:43.469422+00,
1,276,2025-08-08,18:30:00,Nazareno gnoffo,1126467659,true,11000,19:00:00,6,2026-01-08 02:45:43.469422+00,,,2026-01-08 02:45:43.469422+00,
1,277,2025-08-09,15:30:00,Agustin Ledesma,1154764865,true,12500,16:00:00,6,2026-01-08 02:45:43.469422+00,,,2026-01-08 02:45:43.469422+00,
1,278,2025-08-09,15:00:00,Santiago Cywilco,1,true,12500,15:30:00,6,2026-01-08 02:45:43.469422+00,,,2026-01-08 02:45:43.469422+00,
1,279,2025-08-08,16:45:00,Augusto Suppa,1165353553,true,12500,17:15:00,6,2026-01-08 02:45:43.469422+00,,,2026-01-08 02:45:43.469422+00,
1,280,2025-08-09,12:30:00,Estanislao Stocca,5491158580371,true,8000,13:00:00,1,2026-01-08 02:45:43.469422+00,,,2026-01-08 02:45:43.469422+00,
1,281,2025-08-09,11:45:00,Hijo Menor Mariano,1,true,12500,12:30:00,3,2026-01-08 02:45:43.469422+00,,,2026-01-08 02:45:43.469422+00,
1,282,2025-08-09,19:00:00,Tomas Kaufman,1123825066,true,12500,19:45:00,3,2026-01-08 02:45:43.469422+00,,,2026-01-08 02:45:43.469422+00,
1,283,2025-08-12,14:00:00,DOCTOR,0000000000,false,,16:00:00,1,2026-01-08 02:45:43.469422+00,,,2026-01-08 02:45:43.469422+00,
1,284,2025-08-09,17:00:00,Alejandro Cicero,1140810108,true,12500,17:30:00,6,2026-01-08 02:45:43.469422+00,,,2026-01-08 02:45:43.469422+00,
1,285,2025-08-09,16:00:00,Ignacio Stocca,1165805936,true,15000,16:45:00,3,2026-01-08 02:45:43.469422+00,,,2026-01-08 02:45:43.469422+00,
1,286,2025-08-09,17:30:00,"geremias ",1176211111,true,12500,18:00:00,6,2026-01-08 02:45:43.469422+00,,,2026-01-08 02:45:43.469422+00,
1,287,2025-08-09,18:00:00,Tío Ariel,1,true,12500,18:30:00,6,2026-01-08 02:45:43.469422+00,,,2026-01-08 02:45:43.469422+00,
1,288,2025-08-15,11:15:00,Julian Hoistacher,123914276,true,12500,12:00:00,3,2026-01-08 02:45:43.469422+00,,,2026-01-08 02:45:43.469422+00,
1,289,2025-08-13,18:30:00,"Ariel Bortolotti ",1168562561,true,12500,19:00:00,6,2026-01-08 02:45:43.469422+00,,,2026-01-08 02:45:43.469422+00,
1,290,2025-08-13,18:00:00,"Joaquín Bortolotti ",1125295415,true,12500,18:30:00,6,2026-01-08 02:45:43.469422+00,,,2026-01-08 02:45:43.469422+00,
1,291,2025-08-12,12:00:00,Agustin Zaragoci,,true,12500,12:45:00,3,2026-01-08 02:45:43.469422+00,,,2026-01-08 02:45:43.469422+00,
1,292,2025-08-16,11:00:00,CANCHA,0000000000,false,,18:00:00,1,2026-01-08 02:45:43.469422+00,,,2026-01-08 02:45:43.469422+00,
1,293,2025-08-13,13:30:00,ALMUERZO,0000000000,false,,14:30:00,1,2026-01-08 02:45:43.469422+00,,,2026-01-08 02:45:43.469422+00,
1,294,2025-08-14,13:30:00,ALMUERZO,0000000000,false,,14:30:00,1,2026-01-08 02:45:43.469422+00,,,2026-01-08 02:45:43.469422+00,
1,296,2025-08-12,11:15:00,"bruno burgos ",1145288974,true,12500,11:45:00,4,2026-01-08 02:45:43.469422+00,,,2026-01-08 02:45:43.469422+00,
1,297,2025-08-14,19:15:00,Franco,1162857682,true,12500,20:00:00,3,2026-01-08 02:45:43.469422+00,,,2026-01-08 02:45:43.469422+00,
1,298,2025-08-13,17:30:00,Nicolas Morales,1168812567,true,11000,18:00:00,6,2026-01-08 02:45:43.469422+00,,,2026-01-08 02:45:43.469422+00,
1,299,2025-08-13,14:45:00,Virginia,1,true,12500,15:15:00,6,2026-01-08 02:45:43.469422+00,,,2026-01-08 02:45:43.469422+00,
1,300,2025-08-14,18:30:00,Matias Navarro,1,true,12500,19:15:00,3,2026-01-08 02:45:43.469422+00,,,2026-01-08 02:45:43.469422+00,
1,301,2025-08-13,19:30:00,Alejandro Fourcade,1,true,11000,20:00:00,6,2026-01-08 02:45:43.469422+00,,,2026-01-08 02:45:43.469422+00,
1,302,2025-08-13,12:15:00,De Carli Federico,1132784225,true,12500,13:00:00,3,2026-01-08 02:45:43.469422+00,,,2026-01-08 02:45:43.469422+00,
1,303,2025-08-15,18:00:00,Lucas gnoffo,1135235520,true,12500,18:30:00,6,2026-01-08 02:45:43.469422+00,,,2026-01-08 02:45:43.469422+00,
1,304,2025-08-12,18:30:00,Pedro,1161332650,true,12500,19:15:00,3,2026-01-08 02:45:43.469422+00,,,2026-01-08 02:45:43.469422+00,
1,305,2025-08-12,16:45:00,"Miguel Iñiguez ",1159631963,true,12500,17:15:00,6,2026-01-08 02:45:43.469422+00,,,2026-01-08 02:45:43.469422+00,
1,306,2025-08-14,18:00:00,Alicia,1154135906,true,12500,18:30:00,6,2026-01-08 02:45:43.469422+00,,,2026-01-08 02:45:43.469422+00,
1,307,2025-08-12,13:00:00,ALMUERZO,0000000000,false,,14:00:00,1,2026-01-08 02:45:43.469422+00,,,2026-01-08 02:45:43.469422+00,
1,308,2025-08-13,16:15:00,Alfredo,1155770044,true,15000,17:00:00,3,2026-01-08 02:45:43.469422+00,,,2026-01-08 02:45:43.469422+00,
1,309,2025-08-12,19:30:00,Juan (Vero),1162877887,true,12500,20:00:00,6,2026-01-08 02:45:43.469422+00,,,2026-01-08 02:45:43.469422+00,
1,311,2025-08-13,17:00:00,"Quintin pozo ",1140864708,true,12500,17:30:00,4,2026-01-08 02:45:43.469422+00,,,2026-01-08 02:45:43.469422+00,
1,312,2025-08-13,11:30:00,Diego Eusebio,1131397489,true,12500,12:00:00,6,2026-01-08 02:45:43.469422+00,,,2026-01-08 02:45:43.469422+00,
1,313,2025-08-13,15:15:00,Oscar (Horacio),1140855573,true,15000,15:45:00,6,2026-01-08 02:45:43.469422+00,,,2026-01-08 02:45:43.469422+00,
1,314,2025-08-14,14:30:00,Rodrigo F Llanos,1164505064,true,12500,15:00:00,6,2026-01-08 02:45:43.469422+00,,,2026-01-08 02:45:43.469422+00,
1,315,2025-08-19,16:00:00,Benjamin Pieruzzini,1150102008,true,12500,16:30:00,6,2026-01-08 02:45:43.469422+00,,,2026-01-08 02:45:43.469422+00,
1,316,2025-08-13,19:00:00,A,1,true,12500,19:30:00,6,2026-01-08 02:45:43.469422+00,,,2026-01-08 02:45:43.469422+00,
1,317,2025-08-14,12:00:00,Tomas Suarez,1165779969,true,12500,12:30:00,6,2026-01-08 02:45:43.469422+00,,,2026-01-08 02:45:43.469422+00,
1,321,2025-08-15,12:30:00,Clari Carruthers,1134663030,true,12500,13:15:00,3,2026-01-08 02:45:43.469422+00,,,2026-01-08 02:45:43.469422+00,
1,322,2025-08-14,17:30:00,Nachoto,5491144485246,true,11000,18:00:00,6,2026-01-08 02:45:43.469422+00,,,2026-01-08 02:45:43.469422+00,
1,323,2025-08-14,17:00:00,Juan Di Tocco,1169539200,true,12500,17:30:00,6,2026-01-08 02:45:43.469422+00,,,2026-01-08 02:45:43.469422+00,
1,324,2025-08-15,16:15:00,Juanchi Sambuceti,1123050417,true,15000,17:00:00,3,2026-01-08 02:45:43.469422+00,,,2026-01-08 02:45:43.469422+00,
1,325,2025-08-15,14:45:00,Ariel Peña,1156069076,true,12500,15:15:00,6,2026-01-08 02:45:43.469422+00,,,2026-01-08 02:45:43.469422+00,
1,326,2025-08-15,17:00:00,"Benicio buschiazzo ",1162290038,true,12500,17:45:00,3,2026-01-08 02:45:43.469422+00,,,2026-01-08 02:45:43.469422+00,
1,327,2025-08-15,12:00:00,Victor,1162558007,true,12500,12:30:00,6,2026-01-08 02:45:43.469422+00,,,2026-01-08 02:45:43.469422+00,
1,328,2025-08-15,13:15:00,Fede Gago,1,true,12500,13:45:00,6,2026-01-08 02:45:43.469422+00,,,2026-01-08 02:45:43.469422+00,
1,331,2025-08-15,18:30:00,Nazareno gnoffo,1135235520,true,12500,19:00:00,6,2026-01-08 02:45:43.469422+00,,,2026-01-08 02:45:43.469422+00,
1,332,2025-08-15,19:30:00,Lauti Davila,1,true,12500,20:00:00,6,2026-01-08 02:45:43.469422+00,,,2026-01-08 02:45:43.469422+00,
1,333,2025-08-19,14:00:00,"Ezequiel ",1124612329,true,12500,14:30:00,6,2026-01-08 02:45:43.469422+00,,,2026-01-08 02:45:43.469422+00,
1,334,2025-08-19,13:00:00,ALMUERZO,0000000000,false,,14:00:00,1,2026-01-08 02:45:43.469422+00,,,2026-01-08 02:45:43.469422+00,
1,335,2025-08-20,13:30:00,ALMUERZO,0000000000,false,,14:30:00,1,2026-01-08 02:45:43.469422+00,,,2026-01-08 02:45:43.469422+00,
1,336,2025-08-21,13:30:00,ALMUERZO,0000000000,false,,14:30:00,1,2026-01-08 02:45:43.469422+00,,,2026-01-08 02:45:43.469422+00,
1,337,2025-08-22,13:30:00,ALMUERZO,0000000000,false,,14:30:00,1,2026-01-08 02:45:43.469422+00,,,2026-01-08 02:45:43.469422+00,
1,338,2025-08-23,13:00:00,ALMUERZO,0000000000,false,,14:00:00,1,2026-01-08 02:45:43.469422+00,,,2026-01-08 02:45:43.469422+00,
1,339,2025-08-20,14:30:00,Francisco Montaldo,5491154842834,true,12500,15:00:00,6,2026-01-08 02:45:43.469422+00,,,2026-01-08 02:45:43.469422+00,
1,340,2025-08-22,11:00:00,Adrian COLO,5491162415406,true,15000,11:45:00,3,2026-01-08 02:45:43.469422+00,,,2026-01-08 02:45:43.469422+00,
1,341,2025-08-19,14:30:00,Fernando Sosa,1130617895,true,15000,15:15:00,3,2026-01-08 02:45:43.469422+00,,,2026-01-08 02:45:43.469422+00,
1,342,2025-08-22,17:30:00,Nicolas Morales,1,true,12500,18:15:00,3,2026-01-08 02:45:43.469422+00,,,2026-01-08 02:45:43.469422+00,
1,344,2025-08-19,15:30:00,Peter,5491169632799,true,12500,16:00:00,6,2026-01-08 02:45:43.469422+00,,,2026-01-08 02:45:43.469422+00,
1,345,2025-08-19,16:30:00,A,1,true,12500,17:00:00,6,2026-01-08 02:45:43.469422+00,,,2026-01-08 02:45:43.469422+00,
1,347,2025-08-22,14:30:00,Benicio Buschiazzo,1162290038,true,12500,15:15:00,3,2026-01-08 02:45:43.469422+00,,,2026-01-08 02:45:43.469422+00,
1,348,2025-08-22,13:00:00,Virginia,1,true,12500,13:30:00,6,2026-01-08 02:45:43.469422+00,,,2026-01-08 02:45:43.469422+00,
1,350,2025-08-21,17:00:00,Lucas gnoffo,1135235520,true,11000,17:30:00,6,2026-01-08 02:45:43.469422+00,,,2026-01-08 02:45:43.469422+00,
1,352,2025-08-23,15:30:00,ME CORTO YO,0000000000,false,,16:00:00,1,2026-01-08 02:45:43.469422+00,,,2026-01-08 02:45:43.469422+00,
1,353,2025-08-23,19:00:00,🎂,0000000000,false,,19:45:00,1,2026-01-08 02:45:43.469422+00,,,2026-01-08 02:45:43.469422+00,
1,354,2025-08-16,18:00:00,Geremias,1,true,12500,18:30:00,6,2026-01-08 02:45:43.469422+00,,,2026-01-08 02:45:43.469422+00,
1,355,2025-08-23,18:15:00,Juani Niveyro,1,true,12500,19:00:00,3,2026-01-08 02:45:43.469422+00,,,2026-01-08 02:45:43.469422+00,
1,356,2025-08-20,15:00:00,A,1,true,15000,15:45:00,3,2026-01-08 02:45:43.469422+00,,,2026-01-08 02:45:43.469422+00,
1,357,2025-08-21,18:15:00,Joaco Primak,5491137030270,true,12500,18:45:00,6,2026-01-08 02:45:43.469422+00,,,2026-01-08 02:45:43.469422+00,
1,358,2025-08-20,18:45:00,Almirante Brown,1,true,12500,19:15:00,6,2026-01-08 02:45:43.469422+00,,,2026-01-08 02:45:43.469422+00,
1,360,2025-08-21,15:30:00,Federico Chavaño,1168554418,true,12500,16:00:00,6,2026-01-08 02:45:43.469422+00,,,2026-01-08 02:45:43.469422+00,
1,361,2025-08-21,18:45:00,Nacho Lamamith,1158774966,true,12500,19:30:00,3,2026-01-08 02:45:43.469422+00,,,2026-01-08 02:45:43.469422+00,
1,362,2025-08-21,16:30:00,A,1,true,12500,17:00:00,6,2026-01-08 02:45:43.469422+00,,,2026-01-08 02:45:43.469422+00,
1,363,2025-08-22,12:15:00,Federico De Carli,1,true,14000,13:00:00,3,2026-01-08 02:45:43.469422+00,,,2026-01-08 02:45:43.469422+00,
1,364,2025-08-21,19:30:00,Lucas Navarro Messina,1130965822,true,15000,20:00:00,6,2026-01-08 02:45:43.469422+00,,,2026-01-08 02:45:43.469422+00,
1,366,2025-08-22,11:45:00,A,,true,12500,12:15:00,6,2026-01-08 02:45:43.469422+00,,,2026-01-08 02:45:43.469422+00,
1,367,2025-08-22,18:15:00,Joaco,5491123405450,true,12500,18:45:00,6,2026-01-08 02:45:43.469422+00,,,2026-01-08 02:45:43.469422+00,
1,368,2025-08-23,11:00:00,.,0000000000,false,,13:00:00,1,2026-01-08 02:45:43.469422+00,,,2026-01-08 02:45:43.469422+00,
1,369,2025-08-22,15:15:00,Mauricio Oubiña,1134701110,true,11000,15:45:00,6,2026-01-08 02:45:43.469422+00,,,2026-01-08 02:45:43.469422+00,
1,370,2025-08-23,14:30:00,Mati De Carli,1121938635,true,12500,15:00:00,6,2026-01-08 02:45:43.469422+00,,,2026-01-08 02:45:43.469422+00,
1,371,2025-08-26,19:15:00,Horacio Garcia,5491138828738,true,15000,20:00:00,3,2026-01-08 02:45:43.469422+00,,,2026-01-08 02:45:43.469422+00,
1,372,2025-08-22,16:45:00,Tomi Kaufman,1,true,12500,17:30:00,3,2026-01-08 02:45:43.469422+00,,,2026-01-08 02:45:43.469422+00,
1,373,2025-08-22,15:45:00,Alberto,1,true,12500,16:15:00,6,2026-01-08 02:45:43.469422+00,,,2026-01-08 02:45:43.469422+00,
1,374,2025-08-22,16:15:00,A,,true,12500,16:45:00,6,2026-01-08 02:45:43.469422+00,,,2026-01-08 02:45:43.469422+00,
1,375,2025-08-22,18:45:00,.,,true,12500,19:15:00,6,2026-01-08 02:45:43.469422+00,,,2026-01-08 02:45:43.469422+00,
1,376,2025-08-23,16:00:00,Lauti Davila,,true,12500,16:30:00,6,2026-01-08 02:45:43.469422+00,,,2026-01-08 02:45:43.469422+00,
1,377,2025-08-27,19:15:00,Fede Perez,1136334843,true,12500,20:00:00,3,2026-01-08 02:45:43.469422+00,,,2026-01-08 02:45:43.469422+00,
1,378,2025-08-29,18:30:00,Gordito,1165151718,true,11000,19:15:00,3,2026-01-08 02:45:43.469422+00,,,2026-01-08 02:45:43.469422+00,
1,379,2025-08-26,13:00:00,Lucas Fabre,1165008315,true,12500,13:30:00,6,2026-01-08 02:45:43.469422+00,,,2026-01-08 02:45:43.469422+00,
1,380,2025-08-26,17:30:00,A,1,true,7000,18:00:00,1,2026-01-08 02:45:43.469422+00,,,2026-01-08 02:45:43.469422+00,
1,381,2025-08-26,13:30:00,ALMUERZO,0000000000,false,,14:30:00,1,2026-01-08 02:45:43.469422+00,,,2026-01-08 02:45:43.469422+00,
1,382,2025-08-26,14:30:00,MEDICO,0000000000,false,,16:00:00,1,2026-01-08 02:45:43.469422+00,,,2026-01-08 02:45:43.469422+00,
1,383,2025-08-27,13:00:00,Franco Palencia,1151224036,true,12500,13:30:00,2,2026-01-08 02:45:43.469422+00,,,2026-01-08 02:45:43.469422+00,
1,384,2025-08-26,18:30:00,"Franco Concaro ",1165121999,true,15000,19:15:00,3,2026-01-08 02:45:43.469422+00,,,2026-01-08 02:45:43.469422+00,
1,385,2025-08-27,13:30:00,ALMUERZO,0000000000,false,,14:30:00,1,2026-01-08 02:45:43.469422+00,,,2026-01-08 02:45:43.469422+00,
1,386,2025-08-30,12:45:00,Matias Navarro,1,true,12500,13:30:00,3,2026-01-08 02:45:43.469422+00,,,2026-01-08 02:45:43.469422+00,
1,387,2025-08-29,17:30:00,"Nicolas Morales ",1,true,15000,18:00:00,6,2026-01-08 02:45:43.469422+00,,,2026-01-08 02:45:43.469422+00,
1,388,2025-08-26,16:45:00,Adrian Zalazar,1,true,15000,17:30:00,3,2026-01-08 02:45:43.469422+00,,,2026-01-08 02:45:43.469422+00,
1,389,2025-08-27,11:30:00,William Wright,1136896784,true,12500,12:00:00,6,2026-01-08 02:45:43.469422+00,,,2026-01-08 02:45:43.469422+00,
1,390,2025-08-26,16:00:00,Hijo Martin,5491132531536,true,12500,16:45:00,3,2026-01-08 02:45:43.469422+00,,,2026-01-08 02:45:43.469422+00,
1,395,2025-08-15,19:00:00,"Marido Alicia ",,true,12500,19:30:00,6,2026-01-08 02:45:43.469422+00,,,2026-01-08 02:45:43.469422+00,
1,396,2025-08-27,18:00:00,Norman Minnell,5491158027743,true,15000,18:45:00,3,2026-01-08 02:45:43.469422+00,,,2026-01-08 02:45:43.469422+00,
1,397,2025-08-27,12:00:00,Matias Guarella,5491157686690,true,15000,12:45:00,3,2026-01-08 02:45:43.469422+00,,,2026-01-08 02:45:43.469422+00,
1,398,2025-08-28,11:30:00,Lucas gnoffo,1135235520,true,11000,12:00:00,6,2026-01-08 02:45:43.469422+00,,,2026-01-08 02:45:43.469422+00,
1,399,2025-08-29,18:00:00,Juan Ignacio Sambuceti,1123050417,true,15000,18:30:00,6,2026-01-08 02:45:43.469422+00,,,2026-01-08 02:45:43.469422+00,
1,400,2025-08-27,18:45:00,Matias Butti,1160567617,true,12500,19:15:00,6,2026-01-08 02:45:43.469422+00,,,2026-01-08 02:45:43.469422+00,
1,401,2025-08-29,15:45:00,"Diego Moizello ",1156341039,true,12500,16:15:00,6,2026-01-08 02:45:43.469422+00,,,2026-01-08 02:45:43.469422+00,
1,402,2025-08-27,15:00:00,Sergio JMI,5491122897972,true,12500,15:45:00,3,2026-01-08 02:45:43.469422+00,,,2026-01-08 02:45:43.469422+00,
1,403,2025-08-28,12:30:00,Estsnislao Stocca,1,true,7000,13:00:00,1,2026-01-08 02:45:43.469422+00,,,2026-01-08 02:45:43.469422+00,
1,404,2025-08-28,13:30:00,AMUERZO,0000000000,false,,14:30:00,1,2026-01-08 02:45:43.469422+00,,,2026-01-08 02:45:43.469422+00,
1,405,2025-08-29,13:45:00,ALMUERZO,0000000000,false,,14:45:00,1,2026-01-08 02:45:43.469422+00,,,2026-01-08 02:45:43.469422+00,
1,406,2025-08-30,11:00:00,.,0000000000,false,,12:30:00,1,2026-01-08 02:45:43.469422+00,,,2026-01-08 02:45:43.469422+00,
1,408,2025-08-27,15:45:00,Juan,1,true,12500,16:15:00,6,2026-01-08 02:45:43.469422+00,,,2026-01-08 02:45:43.469422+00,
1,409,2025-08-28,15:00:00,Benicio buschiazzo,1162290038,true,11000,15:45:00,3,2026-01-08 02:45:43.469422+00,,,2026-01-08 02:45:43.469422+00,
1,410,2025-08-30,13:30:00,Mateo Patroni,1150043635,true,12500,14:00:00,6,2026-01-08 02:45:43.469422+00,,,2026-01-08 02:45:43.469422+00,
1,411,2025-08-27,17:30:00,Augusto Suppa,1,true,12500,18:00:00,6,2026-01-08 02:45:43.469422+00,,,2026-01-08 02:45:43.469422+00,
1,412,2025-08-28,12:00:00,Juan Di tocco,1169539200,true,12500,12:30:00,4,2026-01-08 02:45:43.469422+00,,,2026-01-08 02:45:43.469422+00,
1,413,2025-08-28,14:30:00,Virginia,,true,11000,15:00:00,6,2026-01-08 02:45:43.469422+00,,,2026-01-08 02:45:43.469422+00,
1,414,2025-08-30,14:00:00,ALMUERZO,0000000000,false,,15:00:00,1,2026-01-08 02:45:43.469422+00,,,2026-01-08 02:45:43.469422+00,
1,415,2025-08-29,13:00:00,Julian Aslaterra,5491168538538,true,12500,13:30:00,6,2026-01-08 02:45:43.469422+00,,,2026-01-08 02:45:43.469422+00,
1,416,2025-08-28,17:00:00,Benja 🦑 (hijo de Patricio),5491162295382,true,12500,17:45:00,3,2026-01-08 02:45:43.469422+00,,,2026-01-08 02:45:43.469422+00,
1,417,2025-08-30,15:00:00,David Ramirez,1168902879,true,15000,15:45:00,3,2026-01-08 02:45:43.469422+00,,,2026-01-08 02:45:43.469422+00,
1,418,2025-08-29,19:30:00,Quintin pozo,1140864708,true,12500,20:00:00,4,2026-01-08 02:45:43.469422+00,,,2026-01-08 02:45:43.469422+00,
1,419,2025-08-28,18:00:00,Gabriel Zelaschi,1,true,12500,18:30:00,6,2026-01-08 02:45:43.469422+00,,,2026-01-08 02:45:43.469422+00,
1,420,2025-08-29,12:30:00,Ariel PEÑA,1,true,12500,13:00:00,6,2026-01-08 02:45:43.469422+00,,,2026-01-08 02:45:43.469422+00,
1,421,2025-08-29,16:15:00,"geremias alegre ",1176211111,true,12500,16:45:00,6,2026-01-08 02:45:43.469422+00,,,2026-01-08 02:45:43.469422+00,
1,422,2025-08-30,15:45:00,Daniel Alberto Venialgo,1144385749,true,15000,16:30:00,3,2026-01-08 02:45:43.469422+00,,,2026-01-08 02:45:43.469422+00,
1,423,2025-08-29,16:45:00,Gustavo Weber,1,true,12500,17:30:00,3,2026-01-08 02:45:43.469422+00,,,2026-01-08 02:45:43.469422+00,
1,424,2025-08-29,15:00:00,Hernan López,5492914269335,true,12500,15:30:00,6,2026-01-08 02:45:43.469422+00,,,2026-01-08 02:45:43.469422+00,
1,425,2025-08-29,12:00:00,A,1,true,12500,12:30:00,6,2026-01-08 02:45:43.469422+00,,,2026-01-08 02:45:43.469422+00,
1,426,2025-08-30,17:00:00,Roberto Suppa,1,true,12500,17:30:00,6,2026-01-08 02:45:43.469422+00,,,2026-01-08 02:45:43.469422+00,
1,427,2025-09-04,16:30:00,Juan Ignacio molina,1168820931,true,14000,17:00:00,6,2026-01-08 02:45:43.469422+00,,,2026-01-08 02:45:43.469422+00,
1,428,2025-09-02,11:00:00,Virginia,1,true,11900,11:45:00,3,2026-01-08 02:45:43.469422+00,,,2026-01-08 02:45:43.469422+00,
1,429,2025-09-12,13:30:00,ALMUERZO,0000000000,false,,14:30:00,1,2026-01-08 02:45:43.469422+00,,,2026-01-08 02:45:43.469422+00,
1,430,2025-09-05,18:00:00,Enzo Belo,1,true,14000,18:30:00,6,2026-01-08 02:45:43.469422+00,,,2026-01-08 02:45:43.469422+00,
1,431,2025-09-05,17:30:00,Nicolas Morales,,true,11900,18:00:00,6,2026-01-08 02:45:43.469422+00,,,2026-01-08 02:45:43.469422+00,
1,433,2025-09-02,11:45:00,Cine,,true,14000,12:15:00,6,2026-01-08 02:45:43.469422+00,,,2026-01-08 02:45:43.469422+00,
1,434,2025-09-02,12:15:00,A,1,true,11900,12:45:00,6,2026-01-08 02:45:43.469422+00,,,2026-01-08 02:45:43.469422+00,
1,435,2025-09-04,18:30:00,Pedro,5491161332650,true,14000,19:15:00,3,2026-01-08 02:45:43.469422+00,,,2026-01-08 02:45:43.469422+00,
1,436,2025-09-03,12:00:00,Estanislao Stocca,1,true,17000,12:45:00,3,2026-01-08 02:45:43.469422+00,,,2026-01-08 02:45:43.469422+00,
1,437,2025-09-02,16:45:00,Cristian,1136846891,true,14000,17:15:00,6,2026-01-08 02:45:43.469422+00,,,2026-01-08 02:45:43.469422+00,
1,438,2025-09-02,17:15:00,"Valentin Oubiña ",1166002902,true,14000,17:45:00,6,2026-01-08 02:45:43.469422+00,,,2026-01-08 02:45:43.469422+00,
1,439,2025-09-02,16:15:00,Alejandro,1,true,14000,16:45:00,6,2026-01-08 02:45:43.469422+00,,,2026-01-08 02:45:43.469422+00,
1,440,2025-09-02,18:00:00,"Ezequiel ",1124612329,true,14000,18:30:00,6,2026-01-08 02:45:43.469422+00,,,2026-01-08 02:45:43.469422+00,
1,441,2025-09-02,18:30:00,Vidrieria Villate,1169165180,true,14000,19:00:00,6,2026-01-08 02:45:43.469422+00,,,2026-01-08 02:45:43.469422+00,
1,442,2025-09-02,19:15:00,Nahuel Ingravallo,1162036432,true,14000,19:45:00,6,2026-01-08 02:45:43.469422+00,,,2026-01-08 02:45:43.469422+00,
1,443,2025-09-06,18:30:00,Juan Niveyro,1138646614,true,14000,19:15:00,3,2026-01-08 02:45:43.469422+00,,,2026-01-08 02:45:43.469422+00,
1,444,2025-09-03,19:00:00,Lucas gnoffo,1135235520,true,11900,19:45:00,3,2026-01-08 02:45:43.469422+00,,,2026-01-08 02:45:43.469422+00,
1,445,2025-09-06,19:15:00,Ivan Faggionato,1138646614,true,14000,20:00:00,3,2026-01-08 02:45:43.469422+00,,,2026-01-08 02:45:43.469422+00,
1,446,2025-09-04,14:45:00,Benicio buschiazzo,1162290038,true,11900,15:30:00,3,2026-01-08 02:45:43.469422+00,,,2026-01-08 02:45:43.469422+00,
1,448,2025-09-04,12:30:00,"Valentino ",1167869617,true,14000,13:00:00,6,2026-01-08 02:45:43.469422+00,,,2026-01-08 02:45:43.469422+00,
1,449,2025-09-03,15:30:00,Adrian RR,1,true,14000,16:00:00,6,2026-01-08 02:45:43.469422+00,,,2026-01-08 02:45:43.469422+00,
1,450,2025-09-04,19:15:00,A,1,true,14000,20:00:00,3,2026-01-08 02:45:43.469422+00,,,2026-01-08 02:45:43.469422+00,
1,451,2025-09-05,18:30:00,Ale Fourcade,1,true,11900,19:15:00,3,2026-01-08 02:45:43.469422+00,,,2026-01-08 02:45:43.469422+00,
1,453,2025-09-06,17:45:00,Nahuel Moizello,1,true,14000,18:30:00,3,2026-01-08 02:45:43.469422+00,,,2026-01-08 02:45:43.469422+00,
1,454,2025-09-04,17:00:00,Juanro de leon,1134648488,true,14000,17:30:00,6,2026-01-08 02:45:43.469422+00,,,2026-01-08 02:45:43.469422+00,
1,455,2025-09-06,11:00:00,A,0000000000,false,,12:00:00,1,2026-01-08 02:45:43.469422+00,,,2026-01-08 02:45:43.469422+00,
1,456,2025-09-05,12:30:00,Virginia Luna,1,true,11900,13:15:00,3,2026-01-08 02:45:43.469422+00,,,2026-01-08 02:45:43.469422+00,
1,458,2025-09-05,15:30:00,Nachoto,1,true,10000,16:00:00,6,2026-01-08 02:45:43.469422+00,,,2026-01-08 02:45:43.469422+00,
1,460,2025-09-05,11:45:00,Nacho Crespo,1,true,17000,12:30:00,3,2026-01-08 02:45:43.469422+00,,,2026-01-08 02:45:43.469422+00,
1,462,2025-09-04,18:00:00,Alejandro Cicero,1,true,14000,18:30:00,6,2026-01-08 02:45:43.469422+00,,,2026-01-08 02:45:43.469422+00,
1,463,2025-09-05,15:00:00,Juan Di Tocco,1169539200,true,14000,15:30:00,4,2026-01-08 02:45:43.469422+00,,,2026-01-08 02:45:43.469422+00,
1,465,2025-09-05,16:30:00,"Emiliano ",1141596914,true,14000,17:00:00,6,2026-01-08 02:45:43.469422+00,,,2026-01-08 02:45:43.469422+00,
1,466,2025-09-06,16:30:00,Gustavo Campos,5491166508056,true,17000,17:00:00,6,2026-01-08 02:45:43.469422+00,,,2026-01-08 02:45:43.469422+00,
1,467,2025-09-04,17:30:00,Japo,1,true,14000,18:00:00,6,2026-01-08 02:45:43.469422+00,,,2026-01-08 02:45:43.469422+00,
1,468,2025-09-05,11:15:00,bruno burgos,1145288974,true,14000,11:45:00,4,2026-01-08 02:45:43.469422+00,,,2026-01-08 02:45:43.469422+00,
1,473,2025-10-03,18:30:00,Alejandro Fourcade,1165151718,true,11900,19:15:00,3,2026-01-08 02:45:43.469422+00,,,2026-01-08 02:45:43.469422+00,
1,474,2025-09-05,19:30:00,A,1,true,14000,20:00:00,6,2026-01-08 02:45:43.469422+00,,,2026-01-08 02:45:43.469422+00,
1,475,2025-09-05,17:00:00,A,1,true,14000,17:30:00,6,2026-01-08 02:45:43.469422+00,,,2026-01-08 02:45:43.469422+00,
1,476,2025-09-06,12:00:00,"Gabriel ",5491145268611,true,14000,12:30:00,6,2026-01-08 02:45:43.469422+00,,,2026-01-08 02:45:43.469422+00,
1,477,2025-09-06,15:00:00,Nacho Stocca,5491165805936,true,17000,15:45:00,3,2026-01-08 02:45:43.469422+00,,,2026-01-08 02:45:43.469422+00,
1,478,2025-09-05,16:00:00,Pablo Podesta,1,true,14000,16:30:00,6,2026-01-08 02:45:43.469422+00,,,2026-01-08 02:45:43.469422+00,
1,479,2025-09-09,16:45:00,Octavio Gonzalez,1135129571,true,14000,17:15:00,6,2026-01-08 02:45:43.469422+00,,,2026-01-08 02:45:43.469422+00,
1,480,2025-09-10,18:30:00,Christian Thomsen Hall,1134177907,true,14000,19:15:00,3,2026-01-08 02:45:43.469422+00,,,2026-01-08 02:45:43.469422+00,
1,482,2025-09-10,19:15:00,Máximo Thomsen Hall,1134177907,true,17000,19:45:00,6,2026-01-08 02:45:43.469422+00,,,2026-01-08 02:45:43.469422+00,
1,483,2025-09-09,15:00:00,Franco Funes,5491134353579,true,14000,15:45:00,3,2026-01-08 02:45:43.469422+00,,,2026-01-08 02:45:43.469422+00,
1,484,2025-09-12,17:30:00,Nicolas Morales,1,true,11900,18:00:00,6,2026-01-08 02:45:43.469422+00,,,2026-01-08 02:45:43.469422+00,
1,485,2025-09-12,19:15:00,Agustin Ledesma,5491154764865,true,14000,19:45:00,6,2026-01-08 02:45:43.469422+00,,,2026-01-08 02:45:43.469422+00,
1,486,2025-09-10,19:45:00,Franco W,5491162857682,true,14000,20:15:00,6,2026-01-08 02:45:43.469422+00,,,2026-01-08 02:45:43.469422+00,
1,487,2025-09-09,11:30:00,Juan Manuel VILO,1158207385,true,14000,12:00:00,6,2026-01-08 02:45:43.469422+00,,,2026-01-08 02:45:43.469422+00,
1,488,2025-09-09,12:00:00,Benja Pieruzzini,1,true,14000,12:30:00,6,2026-01-08 02:45:43.469422+00,,,2026-01-08 02:45:43.469422+00,
1,490,2025-09-09,17:45:00,Augusto Suppa,1,true,14000,18:15:00,6,2026-01-08 02:45:43.469422+00,,,2026-01-08 02:45:43.469422+00,
1,491,2025-09-10,13:00:00,Mauricio Oubiña,1134701110,true,14000,13:30:00,6,2026-01-08 02:45:43.469422+00,,,2026-01-08 02:45:43.469422+00,
1,492,2025-09-10,11:00:00,1,0000000000,false,,12:30:00,1,2026-01-08 02:45:43.469422+00,,,2026-01-08 02:45:43.469422+00,
1,493,2025-09-10,16:00:00,Alfredo,1155770044,true,17000,16:30:00,6,2026-01-08 02:45:43.469422+00,,,2026-01-08 02:45:43.469422+00,
1,494,2025-09-11,16:30:00,Naza Gnoffo,1,true,14000,17:15:00,3,2026-01-08 02:45:43.469422+00,,,2026-01-08 02:45:43.469422+00,
1,495,2025-09-11,14:45:00,Benicio buschiazzo,1162290038,true,11900,15:30:00,3,2026-01-08 02:45:43.469422+00,,,2026-01-08 02:45:43.469422+00,
1,496,2025-09-10,15:30:00,Alejandro,1,true,14000,16:00:00,6,2026-01-08 02:45:43.469422+00,,,2026-01-08 02:45:43.469422+00,
1,497,2025-09-11,15:30:00,Ariel Peña,1,true,14000,16:00:00,6,2026-01-08 02:45:43.469422+00,,,2026-01-08 02:45:43.469422+00,
1,498,2025-09-12,17:00:00,"Tato López ",1162950947,true,14000,17:30:00,6,2026-01-08 02:45:43.469422+00,,,2026-01-08 02:45:43.469422+00,
1,499,2025-09-10,17:00:00,A,1,true,14000,17:30:00,6,2026-01-08 02:45:43.469422+00,,,2026-01-08 02:45:43.469422+00,
1,500,2025-09-11,16:00:00,Rebolo Gaston,1133150679,true,14000,16:30:00,6,2026-01-08 02:45:43.469422+00,,,2026-01-08 02:45:43.469422+00,
1,501,2025-09-12,18:30:00,federico de carli,1132784225,true,14000,19:15:00,3,2026-01-08 02:45:43.469422+00,,,2026-01-08 02:45:43.469422+00,
1,502,2025-09-11,12:15:00,Andrea Perez ( Agustín),1153846974,true,14000,12:45:00,6,2026-01-08 02:45:43.469422+00,,,2026-01-08 02:45:43.469422+00,
1,503,2025-09-11,12:45:00,Will,136896784,true,14000,13:15:00,6,2026-01-08 02:45:43.469422+00,,,2026-01-08 02:45:43.469422+00,
1,504,2025-09-11,18:15:00,Nacho Lamamith,1,true,14000,19:00:00,3,2026-01-08 02:45:43.469422+00,,,2026-01-08 02:45:43.469422+00,
1,506,2025-09-11,17:15:00,Lucas gnoffo,1135235520,true,11900,17:45:00,6,2026-01-08 02:45:43.469422+00,,,2026-01-08 02:45:43.469422+00,
1,507,2025-09-11,19:00:00,Hector,1,true,14000,19:30:00,6,2026-01-08 02:45:43.469422+00,,,2026-01-08 02:45:43.469422+00,
1,508,2025-09-11,19:30:00,Ferreteria,1,true,14000,20:00:00,6,2026-01-08 02:45:43.469422+00,,,2026-01-08 02:45:43.469422+00,
1,509,2025-09-12,14:30:00,Cento,1,true,14000,15:00:00,6,2026-01-08 02:45:43.469422+00,,,2026-01-08 02:45:43.469422+00,
1,510,2025-09-12,11:00:00,"geremias alegre ",1176211111,true,14000,11:30:00,6,2026-01-08 02:45:43.469422+00,,,2026-01-08 02:45:43.469422+00,
1,511,2025-09-13,14:00:00,Virginia Luna,1,true,11900,14:30:00,6,2026-01-08 02:45:43.469422+00,,,2026-01-08 02:45:43.469422+00,
1,512,2025-09-13,11:00:00,.,0000000000,false,,13:00:00,1,2026-01-08 02:45:43.469422+00,,,2026-01-08 02:45:43.469422+00,
1,513,2025-09-21,13:30:00,ALMUERZO,0000000000,false,,14:30:00,1,2026-01-08 02:45:43.469422+00,,,2026-01-08 02:45:43.469422+00,
1,514,2025-09-13,18:00:00,.,0000000000,false,,19:45:00,1,2026-01-08 02:45:43.469422+00,,,2026-01-08 02:45:43.469422+00,
1,515,2025-09-13,14:30:00,Mati De Carli,1,true,14000,15:00:00,6,2026-01-08 02:45:43.469422+00,,,2026-01-08 02:45:43.469422+00,
1,516,2025-09-12,18:00:00,1,,true,14000,18:30:00,6,2026-01-08 02:45:43.469422+00,,,2026-01-08 02:45:43.469422+00,
1,517,2025-09-13,15:30:00,Milo,1,true,14000,16:00:00,6,2026-01-08 02:45:43.469422+00,,,2026-01-08 02:45:43.469422+00,
1,518,2025-09-13,15:00:00,Diego de carli,1149928129,true,14000,15:30:00,6,2026-01-08 02:45:43.469422+00,,,2026-01-08 02:45:43.469422+00,
1,519,2025-09-13,16:00:00,Hijo Peter,1,true,14000,16:30:00,6,2026-01-08 02:45:43.469422+00,,,2026-01-08 02:45:43.469422+00,
1,520,2025-09-16,19:00:00,Mauro Duarte,1126352241,true,14000,19:30:00,4,2026-01-08 02:45:43.469422+00,,,2026-01-08 02:45:43.469422+00,
1,521,2025-09-16,12:30:00,"Adrian Zalazar ",1162544401,true,17000,13:15:00,3,2026-01-08 02:45:43.469422+00,,,2026-01-08 02:45:43.469422+00,
1,522,2025-09-16,11:00:00,ezequiel fernandez,1167219400,true,17000,11:45:00,3,2026-01-08 02:45:43.469422+00,,,2026-01-08 02:45:43.469422+00,
1,523,2025-09-16,18:15:00,Gordi,1165151718,true,11900,19:00:00,3,2026-01-08 02:45:43.469422+00,,,2026-01-08 02:45:43.469422+00,
1,524,2025-09-16,15:45:00,marcos gari,1165690551,true,14000,16:15:00,6,2026-01-08 02:45:43.469422+00,,,2026-01-08 02:45:43.469422+00,
1,525,2025-09-19,14:00:00,Francisco Montaldo,1154842834,true,14000,14:30:00,6,2026-01-08 02:45:43.469422+00,,,2026-01-08 02:45:43.469422+00,
1,526,2025-10-09,13:00:00,ALMUERZO,0000000000,false,,14:00:00,1,2026-01-08 02:45:43.469422+00,,,2026-01-08 02:45:43.469422+00,
1,527,2025-09-18,19:30:00,.,0000000000,false,,19:45:00,1,2026-01-08 02:45:43.469422+00,,,2026-01-08 02:45:43.469422+00,
1,528,2025-09-18,17:30:00,Nicolas Morales,,true,11900,18:00:00,6,2026-01-08 02:45:43.469422+00,,,2026-01-08 02:45:43.469422+00,
1,529,2025-09-16,15:15:00,José Luis,5491134091327,true,14000,15:45:00,6,2026-01-08 02:45:43.469422+00,,,2026-01-08 02:45:43.469422+00,
1,530,2025-09-16,16:30:00,Atilio Sosa,1130617895,true,14000,17:00:00,6,2026-01-08 02:45:43.469422+00,,,2026-01-08 02:45:43.469422+00,
1,531,2025-09-16,17:00:00,Fernando Sosa,1130617895,true,14000,17:30:00,6,2026-01-08 02:45:43.469422+00,,,2026-01-08 02:45:43.469422+00,
1,532,2025-09-17,12:30:00,Pablo Ivanoff,1,true,14000,13:00:00,6,2026-01-08 02:45:43.469422+00,,,2026-01-08 02:45:43.469422+00,
1,533,2025-09-16,17:30:00,Daniel,1,true,14000,18:00:00,6,2026-01-08 02:45:43.469422+00,,,2026-01-08 02:45:43.469422+00,
1,534,2025-09-17,17:30:00,Simon (Hijo Agustina),5491135658725,true,14000,18:00:00,6,2026-01-08 02:45:43.469422+00,,,2026-01-08 02:45:43.469422+00,
1,535,2025-09-19,16:00:00,Matias Guarella,1,true,17000,16:45:00,3,2026-01-08 02:45:43.469422+00,,,2026-01-08 02:45:43.469422+00,
1,536,2025-09-18,14:30:00,Lucas gnoffo,1135235520,true,11900,15:15:00,3,2026-01-08 02:45:43.469422+00,,,2026-01-08 02:45:43.469422+00,
1,537,2025-09-17,12:00:00,Diego Eusebio,5491131397489,true,17000,12:30:00,6,2026-01-08 02:45:43.469422+00,,,2026-01-08 02:45:43.469422+00,
1,538,2025-09-17,15:30:00,"Franco Concaro ",165121999,true,17000,16:15:00,3,2026-01-08 02:45:43.469422+00,,,2026-01-08 02:45:43.469422+00,
1,539,2025-09-20,15:45:00,Matias Navarro,1,true,14000,16:30:00,3,2026-01-08 02:45:43.469422+00,,,2026-01-08 02:45:43.469422+00,
1,540,2025-09-18,18:00:00,Lorenzo Ariotti,1149177040,true,14000,18:30:00,6,2026-01-08 02:45:43.469422+00,,,2026-01-08 02:45:43.469422+00,
1,541,2025-09-20,14:30:00,"Geremias ",,true,11900,15:00:00,6,2026-01-08 02:45:43.469422+00,,,2026-01-08 02:45:43.469422+00,
1,542,2025-09-18,18:30:00,Virginia Luna,1,true,14000,19:00:00,6,2026-01-08 02:45:43.469422+00,,,2026-01-08 02:45:43.469422+00,
1,543,2025-09-18,12:30:00,Nachoto,1,true,10000,13:00:00,6,2026-01-08 02:45:43.469422+00,,,2026-01-08 02:45:43.469422+00,
1,544,2025-09-19,18:00:00,Juanchi Moizello,1,true,17000,18:30:00,6,2026-01-08 02:45:43.469422+00,,,2026-01-08 02:45:43.469422+00,
1,545,2025-09-17,18:15:00,"Ezequiel ",1124612329,true,14000,18:45:00,6,2026-01-08 02:45:43.469422+00,,,2026-01-08 02:45:43.469422+00,
1,546,2025-09-17,16:15:00,Down,1,true,14000,16:45:00,6,2026-01-08 02:45:43.469422+00,,,2026-01-08 02:45:43.469422+00,
1,547,2025-09-17,16:45:00,a,,true,14000,17:15:00,6,2026-01-08 02:45:43.469422+00,,,2026-01-08 02:45:43.469422+00,
1,548,2025-09-17,15:00:00,AA,,true,14000,15:30:00,6,2026-01-08 02:45:43.469422+00,,,2026-01-08 02:45:43.469422+00,
1,550,2025-09-20,15:00:00,Mati De Carli,1,true,14000,15:45:00,3,2026-01-08 02:45:43.469422+00,,,2026-01-08 02:45:43.469422+00,
1,551,2025-09-18,17:00:00,Juan Di Tocco,1169539200,true,14000,17:30:00,4,2026-01-08 02:45:43.469422+00,,,2026-01-08 02:45:43.469422+00,
1,554,2025-09-18,15:15:00,Nasuti,1,true,14000,15:45:00,6,2026-01-08 02:45:43.469422+00,,,2026-01-08 02:45:43.469422+00,
1,555,2025-09-18,16:15:00,Gabriel  Urinovsky,1167332798,true,17000,17:00:00,3,2026-01-08 02:45:43.469422+00,,,2026-01-08 02:45:43.469422+00,
1,557,2025-09-19,13:00:00,Pipe Signori,1,false,,13:30:00,6,2026-01-08 02:45:43.469422+00,,,2026-01-08 02:45:43.469422+00,
1,558,2025-09-18,15:45:00,Fabian Induti,1150550453,true,14000,16:15:00,6,2026-01-08 02:45:43.469422+00,,,2026-01-08 02:45:43.469422+00,
1,559,2025-09-19,18:30:00,"Quintin pozo ",1140864708,true,14000,19:00:00,4,2026-01-08 02:45:43.469422+00,,,2026-01-08 02:45:43.469422+00,
1,560,2025-09-19,19:00:00,"Burgos bruno ",1145288974,true,14000,19:30:00,4,2026-01-08 02:45:43.469422+00,,,2026-01-08 02:45:43.469422+00,
1,561,2025-09-18,19:00:00,Augusto Suppa,1,true,14000,19:30:00,6,2026-01-08 02:45:43.469422+00,,,2026-01-08 02:45:43.469422+00,
1,562,2025-09-19,16:45:00,Nahuel Moizello,1,true,17000,17:30:00,3,2026-01-08 02:45:43.469422+00,,,2026-01-08 02:45:43.469422+00,
1,564,2025-09-20,17:00:00,Franz x2,,true,14000,17:30:00,4,2026-01-08 02:45:43.469422+00,,,2026-01-08 02:45:43.469422+00,
1,565,2025-09-19,13:30:00,Dolape,,true,14000,14:00:00,6,2026-01-08 02:45:43.469422+00,,,2026-01-08 02:45:43.469422+00,
1,566,2025-09-20,19:15:00,A,,true,17000,20:00:00,3,2026-01-08 02:45:43.469422+00,,,2026-01-08 02:45:43.469422+00,
1,567,2025-09-20,16:30:00,Augusto Marchese,,true,14000,17:00:00,6,2026-01-08 02:45:43.469422+00,,,2026-01-08 02:45:43.469422+00,
1,568,2025-09-19,12:30:00,Exa,,true,14000,13:00:00,6,2026-01-08 02:45:43.469422+00,,,2026-01-08 02:45:43.469422+00,
1,569,2025-09-19,19:30:00,Ponja,,true,14000,20:00:00,6,2026-01-08 02:45:43.469422+00,,,2026-01-08 02:45:43.469422+00,
1,570,2025-09-19,17:30:00,Hijo Ponja,,true,14000,18:00:00,6,2026-01-08 02:45:43.469422+00,,,2026-01-08 02:45:43.469422+00,
1,571,2025-09-19,12:00:00,Bebe Hijo Ponja,1,true,11900,12:30:00,6,2026-01-08 02:45:43.469422+00,,,2026-01-08 02:45:43.469422+00,
1,572,2025-09-20,17:30:00,Franz,,true,14000,18:15:00,3,2026-01-08 02:45:43.469422+00,,,2026-01-08 02:45:43.469422+00,
1,573,2025-09-20,14:00:00,A,,true,14000,14:30:00,6,2026-01-08 02:45:43.469422+00,,,2026-01-08 02:45:43.469422+00,
1,574,2025-09-20,18:15:00,A,1,true,14000,18:45:00,6,2026-01-08 02:45:43.469422+00,,,2026-01-08 02:45:43.469422+00,
1,575,2025-09-23,14:45:00,Benicio buschiazzo,1162290038,true,11900,15:15:00,6,2026-01-08 02:45:43.469422+00,,,2026-01-08 02:45:43.469422+00,
1,576,2025-09-23,11:30:00,Keki,136525482,true,14000,12:00:00,6,2026-01-08 02:45:43.469422+00,,,2026-01-08 02:45:43.469422+00,
1,577,2025-09-23,12:00:00,Marto,1136525482,true,14000,12:45:00,3,2026-01-08 02:45:43.469422+00,,,2026-01-08 02:45:43.469422+00,
1,578,2025-09-24,18:30:00,Mateo Patroni,1150043635,true,14000,19:00:00,6,2026-01-08 02:45:43.469422+00,,,2026-01-08 02:45:43.469422+00,
1,579,2025-09-23,18:00:00,Tomi Kaufman,1,true,14000,18:30:00,6,2026-01-08 02:45:43.469422+00,,,2026-01-08 02:45:43.469422+00,
1,580,2025-09-27,11:00:00,Julian Hoistacher,1123914276,true,14000,11:45:00,3,2026-01-08 02:45:43.469422+00,,,2026-01-08 02:45:43.469422+00,
1,581,2025-09-23,11:00:00,"Martín Urinovsky ",1161673315,true,5000,11:30:00,2,2026-01-08 02:45:43.469422+00,,,2026-01-08 02:45:43.469422+00,
1,583,2025-09-26,16:30:00,PLATENSE,0000000000,false,,19:45:00,1,2026-01-08 02:45:43.469422+00,,,2026-01-08 02:45:43.469422+00,
1,584,2025-09-13,13:00:00,ALMUERZO,0000000000,false,,14:00:00,1,2026-01-08 02:45:43.469422+00,,,2026-01-08 02:45:43.469422+00,
1,585,2025-09-25,17:30:00,Nicolas Morales,1,true,11900,18:00:00,6,2026-01-08 02:45:43.469422+00,,,2026-01-08 02:45:43.469422+00,
1,586,2025-09-23,12:45:00,Rodrigo F Llanos,,true,14000,13:15:00,6,2026-01-08 02:45:43.469422+00,,,2026-01-08 02:45:43.469422+00,
1,587,2025-09-23,15:15:00,Andres,1133534300,true,17000,15:45:00,6,2026-01-08 02:45:43.469422+00,,,2026-01-08 02:45:43.469422+00,
1,588,2025-09-23,16:30:00,Kitas,1,true,17000,17:15:00,3,2026-01-08 02:45:43.469422+00,,,2026-01-08 02:45:43.469422+00,
1,589,2025-09-23,18:30:00,Chileno,1,true,14000,19:00:00,6,2026-01-08 02:45:43.469422+00,,,2026-01-08 02:45:43.469422+00,
1,590,2025-09-25,11:00:00,Ariel Peña,,true,14000,11:30:00,6,2026-01-08 02:45:43.469422+00,,,2026-01-08 02:45:43.469422+00,
1,591,2025-09-24,19:30:00,Franco WEED,,true,14000,20:00:00,6,2026-01-08 02:45:43.469422+00,,,2026-01-08 02:45:43.469422+00,
1,592,2025-09-26,13:00:00,Lucas gnoffo,1135235520,true,11900,13:45:00,3,2026-01-08 02:45:43.469422+00,,,2026-01-08 02:45:43.469422+00,
1,593,2025-09-24,12:00:00,Pancho Palencia,,true,14000,12:45:00,3,2026-01-08 02:45:43.469422+00,,,2026-01-08 02:45:43.469422+00,
1,594,2025-09-25,11:30:00,Naza Gnoffo,,true,14000,12:15:00,3,2026-01-08 02:45:43.469422+00,,,2026-01-08 02:45:43.469422+00,
1,595,2025-09-24,17:00:00,"Lauti Davila ",,true,14000,17:30:00,6,2026-01-08 02:45:43.469422+00,,,2026-01-08 02:45:43.469422+00,
1,596,2025-10-08,13:30:00,ALMUERZO,0000000000,false,,14:30:00,1,2026-01-08 02:45:43.469422+00,,,2026-01-08 02:45:43.469422+00,
1,597,2025-09-24,12:45:00,Will,136896784,true,14000,13:15:00,6,2026-01-08 02:45:43.469422+00,,,2026-01-08 02:45:43.469422+00,
1,598,2025-09-24,15:30:00,Fede Gago,1,true,14000,16:00:00,6,2026-01-08 02:45:43.469422+00,,,2026-01-08 02:45:43.469422+00,
1,599,2025-09-25,12:45:00,Jose Ignacio Ezquerra,1166046526,true,14000,13:15:00,4,2026-01-08 02:45:43.469422+00,,,2026-01-08 02:45:43.469422+00,
1,600,2025-09-24,14:30:00,Sergio JMI,,true,14000,15:00:00,6,2026-01-08 02:45:43.469422+00,,,2026-01-08 02:45:43.469422+00,
1,601,2025-09-26,12:30:00,Benjamin Pieruzzini,1150102008,true,14000,13:00:00,6,2026-01-08 02:45:43.469422+00,,,2026-01-08 02:45:43.469422+00,
1,602,2025-09-24,17:45:00,Jony Vecino,,true,17000,18:30:00,3,2026-01-08 02:45:43.469422+00,,,2026-01-08 02:45:43.469422+00,
1,603,2025-09-24,19:00:00,Pedro,1,true,14000,19:30:00,6,2026-01-08 02:45:43.469422+00,,,2026-01-08 02:45:43.469422+00,
1,604,2025-09-27,15:00:00,Federico Perez,1136334843,true,14000,15:30:00,6,2026-01-08 02:45:43.469422+00,,,2026-01-08 02:45:43.469422+00,
1,605,2025-09-25,15:00:00,A,,true,14000,15:30:00,6,2026-01-08 02:45:43.469422+00,,,2026-01-08 02:45:43.469422+00,
1,606,2025-09-25,18:30:00,Matias Butti,1160567617,true,14000,19:00:00,6,2026-01-08 02:45:43.469422+00,,,2026-01-08 02:45:43.469422+00,
1,609,2025-09-25,12:15:00,A,,true,14000,12:45:00,6,2026-01-08 02:45:43.469422+00,,,2026-01-08 02:45:43.469422+00,
1,610,2025-09-25,15:30:00,Ricardo,,true,14000,16:00:00,6,2026-01-08 02:45:43.469422+00,,,2026-01-08 02:45:43.469422+00,
1,611,2025-12-16,13:30:00,ALMUERZO,0000000000,false,,14:30:00,1,2026-01-08 02:45:43.469422+00,,,2026-01-08 02:45:43.469422+00,
1,612,2025-09-26,15:00:00,Virginia Luna,,true,11900,15:30:00,6,2026-01-08 02:45:43.469422+00,,,2026-01-08 02:45:43.469422+00,
1,613,2025-09-25,18:00:00,A,,true,14000,18:30:00,6,2026-01-08 02:45:43.469422+00,,,2026-01-08 02:45:43.469422+00,
1,614,2025-09-26,15:30:00,nicolas rizzo,1126151251,true,14000,16:00:00,4,2026-01-08 02:45:43.469422+00,,,2026-01-08 02:45:43.469422+00,
1,615,2025-09-27,14:30:00,Juan cruz,1164115200,true,14000,15:00:00,6,2026-01-08 02:45:43.469422+00,,,2026-01-08 02:45:43.469422+00,
1,617,2025-09-27,17:30:00,"Juan cruz di Felice ",1164115200,true,14000,18:00:00,6,2026-01-08 02:45:43.469422+00,,,2026-01-08 02:45:43.469422+00,
1,618,2025-09-27,15:30:00,David TBJ,,true,17000,16:15:00,3,2026-01-08 02:45:43.469422+00,,,2026-01-08 02:45:43.469422+00,
1,619,2025-09-27,17:00:00,Horacio Garcia,,true,17000,17:30:00,6,2026-01-08 02:45:43.469422+00,,,2026-01-08 02:45:43.469422+00,
1,621,2025-09-27,11:45:00,Lucas Fabre,1165008315,true,14000,12:15:00,6,2026-01-08 02:45:43.469422+00,,,2026-01-08 02:45:43.469422+00,
1,622,2025-09-27,12:15:00,Guillermo Patroni,,true,14000,12:45:00,6,2026-01-08 02:45:43.469422+00,,,2026-01-08 02:45:43.469422+00,
1,623,2025-09-27,13:00:00,Geremias,,true,14000,13:30:00,6,2026-01-08 02:45:43.469422+00,,,2026-01-08 02:45:43.469422+00,
1,624,2025-09-30,15:30:00,Esteban MALVINAS,,true,8000,16:00:00,6,2026-01-08 02:45:43.469422+00,,,2026-01-08 02:45:43.469422+00,
1,625,2025-09-27,18:00:00,Ivan ASTURIANO,,true,14000,18:30:00,6,2026-01-08 02:45:43.469422+00,,,2026-01-08 02:45:43.469422+00,
1,626,2025-10-01,17:00:00,Juan Di Tocco,1169539200,true,14000,17:30:00,4,2026-01-08 02:45:43.469422+00,,,2026-01-08 02:45:43.469422+00,
1,627,2025-09-30,14:45:00,Benicio buschiazzo,1162290038,true,11900,15:30:00,3,2026-01-08 02:45:43.469422+00,,,2026-01-08 02:45:43.469422+00,
1,628,2025-10-10,13:30:00,ALMUERZO,0000000000,false,,14:30:00,1,2026-01-08 02:45:43.469422+00,,,2026-01-08 02:45:43.469422+00,
1,629,2025-09-30,14:30:00,Peter,,true,14000,15:00:00,6,2026-01-08 02:45:43.469422+00,,,2026-01-08 02:45:43.469422+00,
1,630,2025-10-04,14:45:00,HOCKEY CAP,0000000000,false,,19:45:00,1,2026-01-08 02:45:43.469422+00,,,2026-01-08 02:45:43.469422+00,
1,631,2025-10-02,11:15:00,Lucas gnoffo,1135235520,true,11900,11:45:00,6,2026-01-08 02:45:43.469422+00,,,2026-01-08 02:45:43.469422+00,
1,632,2025-09-30,13:00:00,Alejandro Longhini,,true,14000,13:30:00,6,2026-01-08 02:45:43.469422+00,,,2026-01-08 02:45:43.469422+00,
1,633,2025-09-30,16:15:00,Tomas Suarez,,true,14000,16:45:00,6,2026-01-08 02:45:43.469422+00,,,2026-01-08 02:45:43.469422+00,
1,634,2025-09-30,17:30:00,Federico Chavano,,true,14000,18:00:00,6,2026-01-08 02:45:43.469422+00,,,2026-01-08 02:45:43.469422+00,
1,635,2025-10-01,18:30:00,Agus Zara,,true,14000,19:15:00,3,2026-01-08 02:45:43.469422+00,,,2026-01-08 02:45:43.469422+00,
1,636,2025-10-04,12:00:00,Hijo - (Mariano N),,true,14000,12:45:00,3,2026-01-08 02:45:43.469422+00,,,2026-01-08 02:45:43.469422+00,
1,637,2025-10-03,19:15:00,Juanchi Sambucetti,,true,17000,20:00:00,3,2026-01-08 02:45:43.469422+00,,,2026-01-08 02:45:43.469422+00,
1,638,2025-10-03,17:30:00,Nicolas Morales,,true,11900,18:00:00,6,2026-01-08 02:45:43.469422+00,,,2026-01-08 02:45:43.469422+00,
1,639,2025-10-03,16:30:00,Virginia Luna,,true,11900,17:00:00,6,2026-01-08 02:45:43.469422+00,,,2026-01-08 02:45:43.469422+00,
1,641,2025-10-04,12:45:00,Geremias (*),,true,11900,13:15:00,6,2026-01-08 02:45:43.469422+00,,,2026-01-08 02:45:43.469422+00,
1,642,2025-10-02,15:15:00,Naza Gnoffo,,true,14000,16:00:00,3,2026-01-08 02:45:43.469422+00,,,2026-01-08 02:45:43.469422+00,
5,643,2025-12-19,13:30:00,ALMUERZO,0000000000,false,,14:30:00,1,2026-01-08 02:45:43.469422+00,,,2026-01-08 02:45:43.469422+00,
1,644,2025-10-07,13:30:00,ALMUERZO,0000000000,false,,14:30:00,1,2026-01-08 02:45:43.469422+00,,,2026-01-08 02:45:43.469422+00,
1,653,2025-10-01,18:00:00,Lucas Santillan,1156639446,true,14000,18:30:00,6,2026-01-08 02:45:43.469422+00,,,2026-01-08 02:45:43.469422+00,
1,654,2025-10-02,12:15:00,"Valentino ",1167869617,true,14000,13:00:00,3,2026-01-08 02:45:43.469422+00,,,2026-01-08 02:45:43.469422+00,
1,655,2025-10-01,12:30:00,Eduardo Carr,,true,14000,13:00:00,6,2026-01-08 02:45:43.469422+00,,,2026-01-08 02:45:43.469422+00,
1,656,2025-10-02,14:30:00,Sonia,,true,14000,15:15:00,3,2026-01-08 02:45:43.469422+00,,,2026-01-08 02:45:43.469422+00,
1,657,2025-10-02,13:00:00,Mauri Oubiña,1134701110,true,14000,13:30:00,6,2026-01-08 02:45:43.469422+00,,,2026-01-08 02:45:43.469422+00,
1,658,2025-10-01,19:45:00,Emi Morales,,true,14000,20:15:00,6,2026-01-08 02:45:43.469422+00,,,2026-01-08 02:45:43.469422+00,
1,659,2025-10-01,16:15:00,Franco Eusebio,,true,11900,17:00:00,3,2026-01-08 02:45:43.469422+00,,,2026-01-08 02:45:43.469422+00,
1,660,2025-10-03,14:30:00,Tincho,1136300996,true,14000,15:00:00,6,2026-01-08 02:45:43.469422+00,,,2026-01-08 02:45:43.469422+00,
1,661,2025-10-02,19:15:00,Juani Niveyro,,true,14000,20:00:00,3,2026-01-08 02:45:43.469422+00,,,2026-01-08 02:45:43.469422+00,
1,662,2025-10-01,17:30:00,Diego Eusebio,,true,6800,18:00:00,1,2026-01-08 02:45:43.469422+00,,,2026-01-08 02:45:43.469422+00,
1,663,2025-10-04,11:30:00,Vero,5491162877887,true,14000,12:00:00,6,2026-01-08 02:45:43.469422+00,,,2026-01-08 02:45:43.469422+00,
1,664,2025-10-02,18:00:00,Lorenzo Ariotti,1149177040,true,14000,18:30:00,6,2026-01-08 02:45:43.469422+00,,,2026-01-08 02:45:43.469422+00,
1,665,2025-10-02,18:30:00,Nacho Lamamith,,true,14000,19:15:00,3,2026-01-08 02:45:43.469422+00,,,2026-01-08 02:45:43.469422+00,
1,666,2025-10-02,16:00:00,Luciano Schomvetter,1168156898,true,14000,16:30:00,6,2026-01-08 02:45:43.469422+00,,,2026-01-08 02:45:43.469422+00,
1,667,2025-10-02,11:45:00,Raul,,true,14000,12:15:00,6,2026-01-08 02:45:43.469422+00,,,2026-01-08 02:45:43.469422+00,
1,668,2025-10-03,18:00:00,Hernan Cantamessi,1133534300,true,17000,18:30:00,6,2026-01-08 02:45:43.469422+00,,,2026-01-08 02:45:43.469422+00,
1,669,2025-10-03,17:00:00,"Quintin ",1140864708,true,14000,17:30:00,4,2026-01-08 02:45:43.469422+00,,,2026-01-08 02:45:43.469422+00,
1,670,2025-10-02,16:30:00,Augusto Suppa,,true,14000,17:00:00,6,2026-01-08 02:45:43.469422+00,,,2026-01-08 02:45:43.469422+00,
1,671,2025-10-02,17:15:00,"Ezequiel ",1124612329,true,14000,17:45:00,6,2026-01-08 02:45:43.469422+00,,,2026-01-08 02:45:43.469422+00,
1,672,2025-10-03,12:30:00,Gustavo Campos,,true,14000,13:00:00,6,2026-01-08 02:45:43.469422+00,,,2026-01-08 02:45:43.469422+00,
1,673,2025-10-02,17:00:00,VILO,,true,14000,17:30:00,6,2026-01-08 02:45:43.469422+00,,,2026-01-08 02:45:43.469422+00,
1,675,2025-10-07,11:00:00,Ruben,1168930636,true,14000,11:30:00,6,2026-01-08 02:45:43.469422+00,,,2026-01-08 02:45:43.469422+00,
1,677,2025-10-03,15:15:00,Nahuel Ingravallo,,true,14000,15:45:00,6,2026-01-08 02:45:43.469422+00,,,2026-01-08 02:45:43.469422+00,
1,678,2025-10-04,13:15:00,"Diego ",1,true,14000,13:45:00,6,2026-01-08 02:45:43.469422+00,,,2026-01-08 02:45:43.469422+00,
1,679,2025-10-04,11:00:00,Medico,,true,14000,11:30:00,6,2026-01-08 02:45:43.469422+00,,,2026-01-08 02:45:43.469422+00,
1,680,2025-10-07,14:45:00,Benicio buschiazzo,1162290038,true,11900,15:15:00,6,2026-01-08 02:45:43.469422+00,,,2026-01-08 02:45:43.469422+00,
1,681,2025-10-08,19:00:00,Juan Ignacio molina,1168820931,true,14000,19:30:00,6,2026-01-08 02:45:43.469422+00,,,2026-01-08 02:45:43.469422+00,
1,682,2025-10-07,12:00:00,Ale Mansilla,,true,14000,12:30:00,6,2026-01-08 02:45:43.469422+00,,,2026-01-08 02:45:43.469422+00,
1,683,2025-10-09,19:30:00,Matias Navarro,,true,14000,20:15:00,3,2026-01-08 02:45:43.469422+00,,,2026-01-08 02:45:43.469422+00,
1,684,2025-10-09,16:45:00,Nicolas Morales,,true,11900,17:15:00,6,2026-01-08 02:45:43.469422+00,,,2026-01-08 02:45:43.469422+00,
1,685,2025-10-11,16:00:00,Geremias,,true,11900,16:30:00,6,2026-01-08 02:45:43.469422+00,,,2026-01-08 02:45:43.469422+00,
1,687,2025-10-07,11:30:00,Hector,,true,14000,12:00:00,6,2026-01-08 02:45:43.469422+00,,,2026-01-08 02:45:43.469422+00,
1,688,2025-10-09,11:00:00,Franco Weed,,true,14000,11:30:00,6,2026-01-08 02:45:43.469422+00,,,2026-01-08 02:45:43.469422+00,
1,689,2025-10-10,11:00:00,.,0000000000,false,,12:00:00,1,2026-01-08 02:45:43.469422+00,,,2026-01-08 02:45:43.469422+00,
1,690,2025-10-11,11:00:00," ",0000000000,false,,12:00:00,1,2026-01-08 02:45:43.469422+00,,,2026-01-08 02:45:43.469422+00,
1,691,2025-10-07,13:00:00,A,,true,14000,13:30:00,6,2026-01-08 02:45:43.469422+00,,,2026-01-08 02:45:43.469422+00,
1,692,2025-10-08,18:00:00,Ariel Hernan Bortolotti,1168562561,true,14000,18:30:00,6,2026-01-08 02:45:43.469422+00,,,2026-01-08 02:45:43.469422+00,
1,693,2025-10-08,18:30:00,"Joaquín Bortolotti ",1168562561,true,14000,19:00:00,6,2026-01-08 02:45:43.469422+00,,,2026-01-08 02:45:43.469422+00,
1,694,2025-10-09,11:30:00,Lucas gnoffo,1135235520,true,11900,12:00:00,6,2026-01-08 02:45:43.469422+00,,,2026-01-08 02:45:43.469422+00,
1,695,2025-10-07,18:00:00,Miguel Iñiguez,,true,14000,18:30:00,6,2026-01-08 02:45:43.469422+00,,,2026-01-08 02:45:43.469422+00,
1,696,2025-10-07,17:00:00,Roque,1,true,14000,17:30:00,6,2026-01-08 02:45:43.469422+00,,,2026-01-08 02:45:43.469422+00,
1,697,2025-10-08,11:00:00,Facu,5491157183743,true,14000,11:30:00,6,2026-01-08 02:45:43.469422+00,,,2026-01-08 02:45:43.469422+00,
1,698,2025-10-10,18:00:00,Joaco Longhini,5491123405450,true,14000,18:30:00,6,2026-01-08 02:45:43.469422+00,,,2026-01-08 02:45:43.469422+00,
1,699,2025-10-08,12:30:00,A,,true,14000,13:00:00,6,2026-01-08 02:45:43.469422+00,,,2026-01-08 02:45:43.469422+00,
1,700,2025-10-08,13:00:00,B,,true,14000,13:30:00,6,2026-01-08 02:45:43.469422+00,,,2026-01-08 02:45:43.469422+00,
1,701,2025-10-09,18:30:00,Pedro,,true,14000,19:00:00,6,2026-01-08 02:45:43.469422+00,,,2026-01-08 02:45:43.469422+00,
1,702,2025-10-09,15:30:00,Franco Funes,,true,14000,16:00:00,6,2026-01-08 02:45:43.469422+00,,,2026-01-08 02:45:43.469422+00,
1,703,2025-10-09,14:00:00,Nachoto,1,true,11900,14:30:00,6,2026-01-08 02:45:43.469422+00,,,2026-01-08 02:45:43.469422+00,
1,704,2025-10-09,16:00:00,Nene CAP,,true,14000,16:45:00,3,2026-01-08 02:45:43.469422+00,,,2026-01-08 02:45:43.469422+00,
1,706,2025-10-09,18:00:00,bruno burgos,1145288974,true,14000,18:30:00,4,2026-01-08 02:45:43.469422+00,,,2026-01-08 02:45:43.469422+00,
1,707,2025-10-09,12:30:00,Pablo Ivanoff,,true,14000,13:00:00,6,2026-01-08 02:45:43.469422+00,,,2026-01-08 02:45:43.469422+00,
1,708,2025-10-09,19:00:00,Pancho Palencia,,true,14000,19:30:00,6,2026-01-08 02:45:43.469422+00,,,2026-01-08 02:45:43.469422+00,
1,709,2025-10-09,12:00:00,Fernando Mansilla,,true,14000,12:30:00,6,2026-01-08 02:45:43.469422+00,,,2026-01-08 02:45:43.469422+00,
1,710,2025-10-10,12:15:00,Gordo,1165151718,true,11900,12:45:00,6,2026-01-08 02:45:43.469422+00,,,2026-01-08 02:45:43.469422+00,
1,711,2025-10-10,14:30:00,Franco Concaro,1165121999,true,17000,15:15:00,3,2026-01-08 02:45:43.469422+00,,,2026-01-08 02:45:43.469422+00,
1,712,2025-10-09,14:30:00,Hotelero,,true,14000,15:00:00,6,2026-01-08 02:45:43.469422+00,,,2026-01-08 02:45:43.469422+00,
1,713,2025-10-09,15:00:00,Tío Ariel,,true,11900,15:30:00,6,2026-01-08 02:45:43.469422+00,,,2026-01-08 02:45:43.469422+00,
1,714,2025-10-10,13:00:00,Ariel Peña,,true,14000,13:30:00,6,2026-01-08 02:45:43.469422+00,,,2026-01-08 02:45:43.469422+00,
1,715,2025-10-10,13:00:00,ALMUERZO,0000000000,false,,14:00:00,1,2026-01-08 02:45:43.469422+00,,,2026-01-08 02:45:43.469422+00,
1,716,2025-10-10,15:30:00,Gabriel Cordobes,,true,17000,16:15:00,3,2026-01-08 02:45:43.469422+00,,,2026-01-08 02:45:43.469422+00,
1,717,2025-10-10,16:15:00,Mariano Netflix,,true,17000,17:00:00,3,2026-01-08 02:45:43.469422+00,,,2026-01-08 02:45:43.469422+00,
1,718,2025-10-10,12:45:00,Barba,,true,8000,13:15:00,1,2026-01-08 02:45:43.469422+00,,,2026-01-08 02:45:43.469422+00,
1,719,2025-10-11,15:00:00,ME CORTO YO,0000000000,false,,15:45:00,1,2026-01-08 02:45:43.469422+00,,,2026-01-08 02:45:43.469422+00,
1,720,2025-10-11,12:00:00,Miguel Angel,,true,14000,12:30:00,6,2026-01-08 02:45:43.469422+00,,,2026-01-08 02:45:43.469422+00,
1,721,2025-10-11,12:30:00,"Octavio ",1135129571,true,14000,13:00:00,6,2026-01-08 02:45:43.469422+00,,,2026-01-08 02:45:43.469422+00,
1,722,2025-10-11,17:00:00,Augusto Suppa,,true,14000,17:30:00,6,2026-01-08 02:45:43.469422+00,,,2026-01-08 02:45:43.469422+00,
1,723,2025-10-11,17:30:00,Mati De Carli,,true,14000,18:00:00,6,2026-01-08 02:45:43.469422+00,,,2026-01-08 02:45:43.469422+00,
1,724,2025-10-11,16:30:00,Gabriel Zelaschi,,true,14000,17:00:00,6,2026-01-08 02:45:43.469422+00,,,2026-01-08 02:45:43.469422+00,
1,725,2025-10-11,14:00:00,a,,true,14000,14:30:00,6,2026-01-08 02:45:43.469422+00,,,2026-01-08 02:45:43.469422+00,
1,726,2025-10-14,14:30:00,Juan Di Tocco,1169539200,true,14000,15:00:00,4,2026-01-08 02:45:43.469422+00,,,2026-01-08 02:45:43.469422+00,
1,727,2025-10-14,15:00:00,Benicio buschiazzo,1162290038,true,11900,15:30:00,6,2026-01-08 02:45:43.469422+00,,,2026-01-08 02:45:43.469422+00,
1,729,2025-10-14,11:30:00,Will,136896784,true,14000,12:00:00,6,2026-01-08 02:45:43.469422+00,,,2026-01-08 02:45:43.469422+00,
1,730,2025-10-14,17:00:00,"Hernán Tonellotto ",2914269335,true,14000,17:30:00,6,2026-01-08 02:45:43.469422+00,,,2026-01-08 02:45:43.469422+00,
1,731,2025-10-14,15:30:00,Guillermo Martello,,true,17000,16:00:00,6,2026-01-08 02:45:43.469422+00,,,2026-01-08 02:45:43.469422+00,
1,732,2025-12-02,19:00:00,.,0000000000,false,,19:45:00,1,2026-01-08 02:45:43.469422+00,,,2026-01-08 02:45:43.469422+00,
5,733,2025-12-13,13:00:00,ALMUERZO,0000000000,false,,14:00:00,1,2026-01-08 02:45:43.469422+00,,,2026-01-08 02:45:43.469422+00,
5,734,2025-10-15,15:45:00,Marcos Marenco,,true,12000,16:15:00,6,2026-01-08 02:45:43.469422+00,,,2026-01-08 02:45:43.469422+00,
5,735,2025-10-15,17:15:00,Feli,,true,12000,17:45:00,6,2026-01-08 02:45:43.469422+00,,,2026-01-08 02:45:43.469422+00,
5,739,2025-12-05,17:00:00,.,0000000000,false,,19:45:00,1,2026-01-08 02:45:43.469422+00,,,2026-01-08 02:45:43.469422+00,
1,741,2025-10-14,18:00:00,Hermano Marto,,true,14000,18:30:00,6,2026-01-08 02:45:43.469422+00,,,2026-01-08 02:45:43.469422+00,
5,742,2025-12-06,18:00:00,A,0000000000,false,,19:45:00,1,2026-01-08 02:45:43.469422+00,,,2026-01-08 02:45:43.469422+00,
1,743,2025-10-14,14:00:00,"Ezequiel ",1124612329,true,14000,14:30:00,6,2026-01-08 02:45:43.469422+00,,,2026-01-08 02:45:43.469422+00,
5,744,2025-10-15,18:00:00,Mate,,true,12000,18:30:00,6,2026-01-08 02:45:43.469422+00,,,2026-01-08 02:45:43.469422+00,
5,745,2025-10-15,16:45:00,Santiago TBJ,,true,14000,17:15:00,6,2026-01-08 02:45:43.469422+00,,,2026-01-08 02:45:43.469422+00,
1,746,2025-10-14,17:30:00,Federico Gago,,true,14000,18:00:00,6,2026-01-08 02:45:43.469422+00,,,2026-01-08 02:45:43.469422+00,
1,748,2025-10-14,18:30:00,Gabriel Racing,,true,17000,19:00:00,6,2026-01-08 02:45:43.469422+00,,,2026-01-08 02:45:43.469422+00,
1,749,2025-10-16,15:00:00,Lucas gnoffo,1135235520,true,11900,15:30:00,6,2026-01-08 02:45:43.469422+00,,,2026-01-08 02:45:43.469422+00,
1,750,2025-10-14,19:00:00,A,,true,14000,19:30:00,6,2026-01-08 02:45:43.469422+00,,,2026-01-08 02:45:43.469422+00,
1,751,2025-10-15,16:00:00,Benjamin Pieruzzini,1150102008,true,14000,16:30:00,6,2026-01-08 02:45:43.469422+00,,,2026-01-08 02:45:43.469422+00,
1,752,2025-10-15,12:45:00,Rodrigo F Llanos,,true,14000,13:15:00,6,2026-01-08 02:45:43.469422+00,,,2026-01-08 02:45:43.469422+00,
5,753,2025-10-18,15:00:00,Lucas,1111111111,true,12000,15:30:00,6,2026-01-08 02:45:43.469422+00,,,2026-01-08 02:45:43.469422+00,
1,754,2025-12-20,11:00:00,ALMUERZO,0000000000,false,,19:45:00,1,2026-01-08 02:45:43.469422+00,,,2026-01-08 02:45:43.469422+00,
5,755,2025-12-30,15:30:00,CORTE VALEN Y FABRI,0000000000,false,,16:30:00,1,2026-01-08 02:45:43.469422+00,,,2026-01-08 02:45:43.469422+00,
1,759,2025-10-17,16:30:00,Nicolas Morales,,true,11900,17:00:00,6,2026-01-08 02:45:43.469422+00,,,2026-01-08 02:45:43.469422+00,
1,760,2025-10-18,14:30:00,Geremias,,true,14000,15:00:00,6,2026-01-08 02:45:43.469422+00,,,2026-01-08 02:45:43.469422+00,
1,761,2025-10-15,18:30:00,Nacho Lamamith,,true,14000,19:15:00,3,2026-01-08 02:45:43.469422+00,,,2026-01-08 02:45:43.469422+00,
1,762,2025-10-16,18:30:00,Pedro,,true,14000,19:00:00,6,2026-01-08 02:45:43.469422+00,,,2026-01-08 02:45:43.469422+00,
1,763,2025-10-15,17:45:00,Juani Niveyro,,true,14000,18:30:00,3,2026-01-08 02:45:43.469422+00,,,2026-01-08 02:45:43.469422+00,
5,764,2025-10-15,16:15:00,Juan,,true,14000,16:45:00,6,2026-01-08 02:45:43.469422+00,,,2026-01-08 02:45:43.469422+00,
1,765,2025-10-15,17:15:00,Maxi,,true,14000,17:45:00,6,2026-01-08 02:45:43.469422+00,,,2026-01-08 02:45:43.469422+00,
1,766,2025-10-15,19:15:00,Suegro Napoli,,true,8000,19:45:00,1,2026-01-08 02:45:43.469422+00,,,2026-01-08 02:45:43.469422+00,
1,767,2025-10-15,19:45:00,a,,true,14000,20:15:00,6,2026-01-08 02:45:43.469422+00,,,2026-01-08 02:45:43.469422+00,
1,768,2025-10-16,16:30:00,Santi Sziwilko,,true,14000,17:00:00,6,2026-01-08 02:45:43.469422+00,,,2026-01-08 02:45:43.469422+00,
5,769,2025-10-24,16:00:00,CORTE SEBA,0000000000,false,,16:30:00,1,2026-01-08 02:45:43.469422+00,,,2026-01-08 02:45:43.469422+00,
5,770,2025-10-17,17:00:00,Nacho,,true,12000,17:30:00,6,2026-01-08 02:45:43.469422+00,,,2026-01-08 02:45:43.469422+00,
1,773,2025-10-16,17:30:00,Virginia Luna,,true,11900,18:00:00,6,2026-01-08 02:45:43.469422+00,,,2026-01-08 02:45:43.469422+00,
1,774,2025-10-16,15:30:00,Naza Gnoffo,,true,14000,16:00:00,6,2026-01-08 02:45:43.469422+00,,,2026-01-08 02:45:43.469422+00,
1,775,2025-10-17,15:00:00,Francisco Montaldo,1154842834,true,14000,15:30:00,6,2026-01-08 02:45:43.469422+00,,,2026-01-08 02:45:43.469422+00,
1,778,2025-10-16,19:00:00,Matias Guarella,,true,17000,19:45:00,3,2026-01-08 02:45:43.469422+00,,,2026-01-08 02:45:43.469422+00,
1,779,2025-10-17,12:00:00,Martin Petrignani,1130061487,true,14000,12:30:00,6,2026-01-08 02:45:43.469422+00,,,2026-01-08 02:45:43.469422+00,
5,780,2025-10-17,17:30:00,Benja,,true,12000,18:00:00,6,2026-01-08 02:45:43.469422+00,,,2026-01-08 02:45:43.469422+00,
1,781,2025-10-17,12:45:00,"tato lopez ",1162950947,true,14000,13:15:00,6,2026-01-08 02:45:43.469422+00,,,2026-01-08 02:45:43.469422+00,
1,783,2025-10-18,11:00:00,Tio de Marcelo Origoni,1,true,17000,11:45:00,3,2026-01-08 02:45:43.469422+00,,,2026-01-08 02:45:43.469422+00,
1,784,2025-10-17,18:45:00,"Quintin pozo ",1140864708,true,14000,19:15:00,4,2026-01-08 02:45:43.469422+00,,,2026-01-08 02:45:43.469422+00,
5,785,2025-10-17,18:15:00,Jose luis,,true,17000,19:00:00,3,2026-01-08 02:45:43.469422+00,,,2026-01-08 02:45:43.469422+00,
1,786,2025-10-17,18:15:00,Real Marsalla,,true,14000,18:45:00,6,2026-01-08 02:45:43.469422+00,,,2026-01-08 02:45:43.469422+00,
1,787,2025-10-18,15:00:00,Tomi Kaufman,,true,14000,15:30:00,6,2026-01-08 02:45:43.469422+00,,,2026-01-08 02:45:43.469422+00,
1,788,2025-10-18,15:30:00,Benicio Buschiazzo,,true,11900,16:00:00,6,2026-01-08 02:45:43.469422+00,,,2026-01-08 02:45:43.469422+00,
1,789,2025-10-18,16:00:00,Alejandro Cicero,,true,14000,16:30:00,6,2026-01-08 02:45:43.469422+00,,,2026-01-08 02:45:43.469422+00,
5,790,2025-10-18,14:00:00,a,,true,14000,14:30:00,6,2026-01-08 02:45:43.469422+00,,,2026-01-08 02:45:43.469422+00,
5,791,2025-10-18,14:30:00,b,,true,14000,15:00:00,6,2026-01-08 02:45:43.469422+00,,,2026-01-08 02:45:43.469422+00,
5,792,2025-10-18,15:30:00,C,,true,14000,16:00:00,6,2026-01-08 02:45:43.469422+00,,,2026-01-08 02:45:43.469422+00,
5,793,2025-10-22,16:30:00,Bauti,,true,12000,17:00:00,6,2026-01-08 02:45:43.469422+00,,,2026-01-08 02:45:43.469422+00,
1,794,2025-10-21,19:15:00,David TBJ,,true,17000,20:00:00,3,2026-01-08 02:45:43.469422+00,,,2026-01-08 02:45:43.469422+00,
5,795,2025-10-24,17:30:00,Santi,,true,12000,18:00:00,6,2026-01-08 02:45:43.469422+00,,,2026-01-08 02:45:43.469422+00,
5,796,2025-10-23,17:30:00,Juan,,true,12000,18:00:00,6,2026-01-08 02:45:43.469422+00,,,2026-01-08 02:45:43.469422+00,
1,797,2025-10-21,16:30:00,Adrian,1162544401,true,17000,17:15:00,3,2026-01-08 02:45:43.469422+00,,,2026-01-08 02:45:43.469422+00,
1,798,2025-10-21,18:00:00,Joaco Primak,,true,14000,18:30:00,6,2026-01-08 02:45:43.469422+00,,,2026-01-08 02:45:43.469422+00,
1,800,2025-10-24,18:30:00,Ale Fourcade,,true,11900,19:15:00,3,2026-01-08 02:45:43.469422+00,,,2026-01-08 02:45:43.469422+00,
1,801,2025-10-22,17:30:00,Nicolas Morales,,true,11900,18:00:00,6,2026-01-08 02:45:43.469422+00,,,2026-01-08 02:45:43.469422+00,
1,802,2025-10-25,16:00:00,Virginia Luna,,true,12000,16:45:00,3,2026-01-08 02:45:43.469422+00,,,2026-01-08 02:45:43.469422+00,
1,803,2025-10-25,14:30:00,Geronimo,,true,12000,15:00:00,6,2026-01-08 02:45:43.469422+00,,,2026-01-08 02:45:43.469422+00,
1,805,2025-10-21,17:30:00,Gastón Rebolo,1533150679,true,14000,18:00:00,6,2026-01-08 02:45:43.469422+00,,,2026-01-08 02:45:43.469422+00,
1,806,2025-10-24,15:30:00,Ariel (PENIA),,true,14000,16:00:00,6,2026-01-08 02:45:43.469422+00,,,2026-01-08 02:45:43.469422+00,
1,807,2025-10-21,18:30:00,Bolita Menor,,true,14000,19:00:00,6,2026-01-08 02:45:43.469422+00,,,2026-01-08 02:45:43.469422+00,
1,808,2025-10-22,13:00:00,Mauri Oubiña,1134701110,true,14000,13:30:00,6,2026-01-08 02:45:43.469422+00,,,2026-01-08 02:45:43.469422+00,
1,809,2025-10-23,15:00:00,Lucas gnoffo,1135235520,true,11900,15:30:00,6,2026-01-08 02:45:43.469422+00,,,2026-01-08 02:45:43.469422+00,
1,810,2025-10-22,18:00:00,Alicia,,true,14000,18:30:00,6,2026-01-08 02:45:43.469422+00,,,2026-01-08 02:45:43.469422+00,
5,811,2025-10-22,17:00:00,Augusto Suppa,12000,true,14000,17:30:00,6,2026-01-08 02:45:43.469422+00,,,2026-01-08 02:45:43.469422+00,
1,812,2025-10-23,15:30:00,Naza Gnoffo,,true,14000,16:00:00,6,2026-01-08 02:45:43.469422+00,,,2026-01-08 02:45:43.469422+00,
1,814,2025-10-22,16:00:00,"Ezequiel ",1124612329,true,14000,16:30:00,6,2026-01-08 02:45:43.469422+00,,,2026-01-08 02:45:43.469422+00,
5,815,2025-10-24,18:30:00,Julian Aslaterra,,true,14000,19:00:00,6,2026-01-08 02:45:43.469422+00,,,2026-01-08 02:45:43.469422+00,
1,816,2025-10-23,16:15:00,Juan di tocco,1169539200,true,14000,16:45:00,4,2026-01-08 02:45:43.469422+00,,,2026-01-08 02:45:43.469422+00,
1,817,2025-10-24,17:45:00,Sambuceti juan ignacio,1123050417,true,17000,18:30:00,3,2026-01-08 02:45:43.469422+00,,,2026-01-08 02:45:43.469422+00,
1,819,2025-10-24,15:00:00,Keki,1136525482,true,14000,15:30:00,6,2026-01-08 02:45:43.469422+00,,,2026-01-08 02:45:43.469422+00,
1,820,2025-10-24,12:30:00,Jose ignacio ezquerra,1166046526,true,14000,13:00:00,4,2026-01-08 02:45:43.469422+00,,,2026-01-08 02:45:43.469422+00,
1,821,2025-10-23,14:30:00,Hotelero,,true,17000,15:15:00,3,2026-01-08 02:45:43.469422+00,,,2026-01-08 02:45:43.469422+00,
5,822,2025-10-24,16:00:00,Nachoto,,true,14000,16:30:00,6,2026-01-08 02:45:43.469422+00,,,2026-01-08 02:45:43.469422+00,
1,823,2025-10-24,17:00:00,Nacho Stocca,,true,17000,17:45:00,3,2026-01-08 02:45:43.469422+00,,,2026-01-08 02:45:43.469422+00,
5,824,2025-10-24,17:00:00,Matías Butti,1160567617,true,14000,17:30:00,6,2026-01-08 02:45:43.469422+00,,,2026-01-08 02:45:43.469422+00,
1,825,2025-10-25,13:00:00,Emiliano Guareschi,1141596914,true,14000,13:30:00,6,2026-01-08 02:45:43.469422+00,,,2026-01-08 02:45:43.469422+00,
1,828,2025-12-26,13:30:00,ALMUERZO,0000000000,false,,14:30:00,1,2026-01-08 02:45:43.469422+00,,,2026-01-08 02:45:43.469422+00,
5,830,2025-10-24,15:15:00,Cristian Peña,,true,17000,16:00:00,3,2026-01-08 02:45:43.469422+00,,,2026-01-08 02:45:43.469422+00,
5,831,2025-10-24,18:00:00,Marido Alicia,,true,14000,18:30:00,6,2026-01-08 02:45:43.469422+00,,,2026-01-08 02:45:43.469422+00,
1,832,2025-10-25,12:30:00,Lautaro,1164115200,true,14000,13:00:00,6,2026-01-08 02:45:43.469422+00,,,2026-01-08 02:45:43.469422+00,
5,833,2025-10-25,15:00:00,Juan spregiato,,true,12000,15:30:00,6,2026-01-08 02:45:43.469422+00,,,2026-01-08 02:45:43.469422+00,
1,834,2025-10-25,15:30:00,"Julian ",1123914276,true,14000,16:00:00,6,2026-01-08 02:45:43.469422+00,,,2026-01-08 02:45:43.469422+00,
1,835,2025-10-24,19:15:00,A,,true,14000,19:45:00,6,2026-01-08 02:45:43.469422+00,,,2026-01-08 02:45:43.469422+00,
5,836,2025-10-25,16:45:00,Agustin,1153846974,true,14000,17:15:00,6,2026-01-08 02:45:43.469422+00,,,2026-01-08 02:45:43.469422+00,
1,838,2025-10-25,15:00:00,Valentino Ariotti,1167869617,true,14000,15:30:00,6,2026-01-08 02:45:43.469422+00,,,2026-01-08 02:45:43.469422+00,
5,839,2025-10-25,15:30:00,Marcelo spregiato,,true,12000,16:00:00,6,2026-01-08 02:45:43.469422+00,,,2026-01-08 02:45:43.469422+00,
5,840,2025-10-25,14:30:00,Tomas alconi,,true,12000,15:00:00,2,2026-01-08 02:45:43.469422+00,,,2026-01-08 02:45:43.469422+00,
1,841,2025-10-25,17:15:00,"Máximo ",1,true,14000,18:00:00,3,2026-01-08 02:45:43.469422+00,,,2026-01-08 02:45:43.469422+00,
1,842,2025-10-25,16:45:00,Hector,,true,14000,17:15:00,6,2026-01-08 02:45:43.469422+00,,,2026-01-08 02:45:43.469422+00,
5,844,2025-10-29,16:00:00,Bauti firpo,,true,12000,16:30:00,6,2026-01-08 02:45:43.469422+00,,,2026-01-08 02:45:43.469422+00,
5,846,2025-10-31,16:30:00,Ignacio Araque,1150181962,true,12000,17:00:00,6,2026-01-08 02:45:43.469422+00,,,2026-01-08 02:45:43.469422+00,
5,847,2025-10-31,17:00:00,Luca Morandi,1126429963,true,12000,17:30:00,6,2026-01-08 02:45:43.469422+00,,,2026-01-08 02:45:43.469422+00,
5,848,2025-10-29,16:30:00,Iñaki Sarria,1144106691,true,12000,17:00:00,6,2026-01-08 02:45:43.469422+00,,,2026-01-08 02:45:43.469422+00,
1,850,2025-10-28,18:00:00,Benicio buschiazzo,1162290038,true,12000,18:30:00,6,2026-01-08 02:45:43.469422+00,,,2026-01-08 02:45:43.469422+00,
1,851,2025-10-28,15:00:00,Juan,1164115200,true,14000,15:30:00,6,2026-01-08 02:45:43.469422+00,,,2026-01-08 02:45:43.469422+00,
1,852,2025-10-25,18:00:00,Fede De Carli,,true,14000,18:30:00,6,2026-01-08 02:45:43.469422+00,,,2026-01-08 02:45:43.469422+00,
1,853,2025-10-25,18:30:00,Nahuel Moizello,,true,17000,19:00:00,6,2026-01-08 02:45:43.469422+00,,,2026-01-08 02:45:43.469422+00,
1,854,2025-10-28,18:30:00,Enzo Belo,,true,14000,19:00:00,6,2026-01-08 02:45:43.469422+00,,,2026-01-08 02:45:43.469422+00,
1,855,2025-10-28,17:15:00,Agus Ledesma,,true,14000,18:00:00,3,2026-01-08 02:45:43.469422+00,,,2026-01-08 02:45:43.469422+00,
5,856,2025-10-30,17:30:00,CORTE SEBA,0000000000,false,,18:00:00,1,2026-01-08 02:45:43.469422+00,,,2026-01-08 02:45:43.469422+00,
1,857,2025-10-30,18:30:00,Ale Fourcade,,true,11900,19:15:00,3,2026-01-08 02:45:43.469422+00,,,2026-01-08 02:45:43.469422+00,
1,858,2025-10-30,18:00:00,Nicolas Morales,,true,11900,18:30:00,6,2026-01-08 02:45:43.469422+00,,,2026-01-08 02:45:43.469422+00,
1,859,2025-10-31,19:30:00,Matias Navarro,,true,14000,20:15:00,3,2026-01-08 02:45:43.469422+00,,,2026-01-08 02:45:43.469422+00,
1,860,2025-10-28,12:30:00,Sergio JMI,,true,14000,13:00:00,6,2026-01-08 02:45:43.469422+00,,,2026-01-08 02:45:43.469422+00,
1,861,2025-10-30,11:30:00,Federico Chavaño,,true,14000,12:00:00,6,2026-01-08 02:45:43.469422+00,,,2026-01-08 02:45:43.469422+00,
1,862,2025-10-28,19:00:00,Nacho Lamamith,,true,14000,19:45:00,3,2026-01-08 02:45:43.469422+00,,,2026-01-08 02:45:43.469422+00,
1,863,2025-10-28,13:00:00,Gustavo Weber,,true,14000,13:30:00,6,2026-01-08 02:45:43.469422+00,,,2026-01-08 02:45:43.469422+00,
1,864,2025-11-01,14:30:00,Geremias,,true,11900,15:00:00,6,2026-01-08 02:45:43.469422+00,,,2026-01-08 02:45:43.469422+00,
1,866,2026-01-09,11:30:00,Corte Seba,0000000000,false,,12:00:00,1,2026-01-08 02:45:43.469422+00,,,2026-01-08 02:45:43.469422+00,
1,867,2025-10-28,16:15:00,Juan JAPONES,,true,14000,16:45:00,6,2026-01-08 02:45:43.469422+00,,,2026-01-08 02:45:43.469422+00,
1,869,2025-10-29,11:00:00,Joel Kriguer,1127496359,true,14000,11:30:00,6,2026-01-08 02:45:43.469422+00,,,2026-01-08 02:45:43.469422+00,
1,870,2025-10-29,19:00:00,Mateo Patroni,1150043635,true,14000,19:30:00,6,2026-01-08 02:45:43.469422+00,,,2026-01-08 02:45:43.469422+00,
1,871,2025-10-28,16:45:00,Franz,,true,14000,17:15:00,6,2026-01-08 02:45:43.469422+00,,,2026-01-08 02:45:43.469422+00,
1,872,2025-10-28,19:45:00,Nahuel Ingravallo,,true,14000,20:15:00,6,2026-01-08 02:45:43.469422+00,,,2026-01-08 02:45:43.469422+00,
5,874,2025-10-31,19:00:00,Navho obaya,,true,12000,19:30:00,6,2026-01-08 02:45:43.469422+00,,,2026-01-08 02:45:43.469422+00,
1,875,2025-10-29,16:00:00,Alfredo,1155770044,true,17000,16:45:00,3,2026-01-08 02:45:43.469422+00,,,2026-01-08 02:45:43.469422+00,
1,876,2025-10-29,11:45:00,William Wright,1136896784,true,14000,12:15:00,6,2026-01-08 02:45:43.469422+00,,,2026-01-08 02:45:43.469422+00,
1,877,2025-10-29,13:00:00,Pablo Ivanoff,,true,14000,13:30:00,6,2026-01-08 02:45:43.469422+00,,,2026-01-08 02:45:43.469422+00,
1,879,2025-10-29,18:30:00,Pedro,1161332650,true,14000,19:00:00,6,2026-01-08 02:45:43.469422+00,,,2026-01-08 02:45:43.469422+00,
5,880,2025-11-05,16:00:00,Mateo zega,,true,12000,16:30:00,6,2026-01-08 02:45:43.469422+00,,,2026-01-08 02:45:43.469422+00,
1,881,2025-10-29,19:30:00,"Franco ",,true,14000,20:00:00,6,2026-01-08 02:45:43.469422+00,,,2026-01-08 02:45:43.469422+00,
1,884,2025-10-30,15:30:00,Naza Gnoffo,,true,14000,16:00:00,6,2026-01-08 02:45:43.469422+00,,,2026-01-08 02:45:43.469422+00,
1,885,2025-10-30,15:00:00,Lucas Gnoffo,,true,11900,15:30:00,6,2026-01-08 02:45:43.469422+00,,,2026-01-08 02:45:43.469422+00,
5,886,2025-10-29,17:45:00,a,,true,14000,18:15:00,6,2026-01-08 02:45:43.469422+00,,,2026-01-08 02:45:43.469422+00,
1,887,2025-10-31,18:30:00,Nacho Crespo,,true,14000,19:00:00,6,2026-01-08 02:45:43.469422+00,,,2026-01-08 02:45:43.469422+00,
5,888,2025-10-30,18:30:00,Joaco azorero,549116,true,12000,19:00:00,6,2026-01-08 02:45:43.469422+00,,,2026-01-08 02:45:43.469422+00,
5,889,2025-11-05,16:30:00,Marcos marenco,,true,12000,17:00:00,6,2026-01-08 02:45:43.469422+00,,,2026-01-08 02:45:43.469422+00,
5,891,2025-10-30,18:00:00,Lolo,,true,12000,18:30:00,6,2026-01-08 02:45:43.469422+00,,,2026-01-08 02:45:43.469422+00,
1,892,2025-10-31,15:30:00,Lorenzo ariotti,1149177040,true,14000,16:00:00,6,2026-01-08 02:45:43.469422+00,,,2026-01-08 02:45:43.469422+00,
1,894,2025-10-30,12:30:00,Pintor,,true,14000,13:00:00,6,2026-01-08 02:45:43.469422+00,,,2026-01-08 02:45:43.469422+00,
5,895,2025-11-01,14:00:00,Markus friedrich,,true,12000,14:30:00,6,2026-01-08 02:45:43.469422+00,,,2026-01-08 02:45:43.469422+00,
1,896,2025-10-31,18:00:00,Virginia Luna,,true,11900,18:30:00,6,2026-01-08 02:45:43.469422+00,,,2026-01-08 02:45:43.469422+00,
1,897,2025-10-30,17:30:00,"Ezequiel ",1124612329,true,14000,18:00:00,6,2026-01-08 02:45:43.469422+00,,,2026-01-08 02:45:43.469422+00,
5,898,2025-10-30,17:00:00,a,,true,14000,17:30:00,6,2026-01-08 02:45:43.469422+00,,,2026-01-08 02:45:43.469422+00,
1,899,2025-10-30,19:15:00,a,,true,14000,19:45:00,6,2026-01-08 02:45:43.469422+00,,,2026-01-08 02:45:43.469422+00,
1,900,2025-10-31,14:30:00,Juani Niveyro,,true,14000,15:00:00,6,2026-01-08 02:45:43.469422+00,,,2026-01-08 02:45:43.469422+00,
1,901,2025-10-31,12:00:00,"Victor ",,true,14000,12:30:00,6,2026-01-08 02:45:43.469422+00,,,2026-01-08 02:45:43.469422+00,
5,902,2025-10-31,18:00:00,Nacho prior,,true,12000,18:30:00,6,2026-01-08 02:45:43.469422+00,,,2026-01-08 02:45:43.469422+00,
5,903,2025-11-05,17:00:00,Benja panza,,true,12000,17:30:00,6,2026-01-08 02:45:43.469422+00,,,2026-01-08 02:45:43.469422+00,
5,904,2025-10-31,15:00:00,Franco pal,1151224036,true,14000,15:30:00,2,2026-01-08 02:45:43.469422+00,,,2026-01-08 02:45:43.469422+00,
5,905,2025-10-31,16:00:00,Augusto Suppa,,true,14000,16:30:00,6,2026-01-08 02:45:43.469422+00,,,2026-01-08 02:45:43.469422+00,
5,906,2025-10-31,17:30:00,Fabian Induti,1150550453,true,14000,18:00:00,6,2026-01-08 02:45:43.469422+00,,,2026-01-08 02:45:43.469422+00,
5,907,2025-10-31,15:30:00,a,,true,14000,16:00:00,6,2026-01-08 02:45:43.469422+00,,,2026-01-08 02:45:43.469422+00,
1,908,2025-11-01,15:00:00,"Franco Concaro ",165121999,true,17000,15:45:00,3,2026-01-08 02:45:43.469422+00,,,2026-01-08 02:45:43.469422+00,
1,909,2025-11-01,11:30:00,Quintin,,true,14000,12:00:00,6,2026-01-08 02:45:43.469422+00,,,2026-01-08 02:45:43.469422+00,
1,910,2025-11-01,14:00:00,Mauro Duarte,1126352241,true,14000,14:30:00,4,2026-01-08 02:45:43.469422+00,,,2026-01-08 02:45:43.469422+00,
5,911,2025-11-01,14:30:00,Daniel,,true,17000,15:15:00,3,2026-01-08 02:45:43.469422+00,,,2026-01-08 02:45:43.469422+00,
5,912,2025-11-01,16:00:00,mariano,,true,14000,16:45:00,3,2026-01-08 02:45:43.469422+00,,,2026-01-08 02:45:43.469422+00,
5,914,2025-11-01,18:30:00,agustin zaragoci,1157813054,true,14000,19:00:00,6,2026-01-08 02:45:43.469422+00,,,2026-01-08 02:45:43.469422+00,
1,917,2025-11-04,19:00:00,Federico Perez,1136334843,true,17000,19:30:00,6,2026-01-08 02:45:43.469422+00,,,2026-01-08 02:45:43.469422+00,
1,918,2025-11-04,14:30:00,Esteban Malvinas,,true,17000,15:00:00,6,2026-01-08 02:45:43.469422+00,,,2026-01-08 02:45:43.469422+00,
1,922,2025-11-04,16:30:00,"Lauti Davila ",,true,14000,17:15:00,3,2026-01-08 02:45:43.469422+00,,,2026-01-08 02:45:43.469422+00,
1,924,2025-11-07,15:15:00,Diego,5491158449805,true,14000,15:45:00,6,2026-01-08 02:45:43.469422+00,,,2026-01-08 02:45:43.469422+00,
1,927,2025-11-07,17:30:00,"Nicolas Morales ",,true,12000,18:00:00,6,2026-01-08 02:45:43.469422+00,,,2026-01-08 02:45:43.469422+00,
1,928,2025-11-06,16:00:00,Benicio buschiazzo,1162290038,true,12000,16:30:00,6,2026-01-08 02:45:43.469422+00,,,2026-01-08 02:45:43.469422+00,
1,929,2025-11-06,15:00:00,Lucas gnoffo,1135235520,true,12000,15:30:00,6,2026-01-08 02:45:43.469422+00,,,2026-01-08 02:45:43.469422+00,
1,930,2025-11-04,17:45:00,Fernando sosa,1130617895,true,14000,18:15:00,4,2026-01-08 02:45:43.469422+00,,,2026-01-08 02:45:43.469422+00,
1,931,2025-11-04,17:15:00,Japo,,true,14000,17:45:00,6,2026-01-08 02:45:43.469422+00,,,2026-01-08 02:45:43.469422+00,
1,932,2025-11-05,17:30:00,milo,,true,14000,18:00:00,6,2026-01-08 02:45:43.469422+00,,,2026-01-08 02:45:43.469422+00,
1,933,2025-11-06,19:30:00,Naza Gnoffo,,true,14000,20:00:00,6,2026-01-08 02:45:43.469422+00,,,2026-01-08 02:45:43.469422+00,
5,934,2025-11-07,18:00:00,bruno burgos,1145288974,true,14000,18:30:00,4,2026-01-08 02:45:43.469422+00,,,2026-01-08 02:45:43.469422+00,
1,935,2025-11-05,13:00:00,Ale Mansilla,,true,14000,13:30:00,6,2026-01-08 02:45:43.469422+00,,,2026-01-08 02:45:43.469422+00,
1,936,2025-11-06,12:30:00,Oscar (Horacio),,true,17000,13:00:00,6,2026-01-08 02:45:43.469422+00,,,2026-01-08 02:45:43.469422+00,
1,937,2025-11-06,17:00:00,Juan di tocco,1169539200,true,14000,17:30:00,6,2026-01-08 02:45:43.469422+00,,,2026-01-08 02:45:43.469422+00,
1,938,2025-11-05,15:00:00,Peter,,true,14000,15:30:00,6,2026-01-08 02:45:43.469422+00,,,2026-01-08 02:45:43.469422+00,
1,939,2025-11-05,15:30:00,Hijo Peter,,true,14000,16:00:00,6,2026-01-08 02:45:43.469422+00,,,2026-01-08 02:45:43.469422+00,
5,940,2025-11-08,14:00:00,Geremias,,true,12000,14:30:00,6,2026-01-08 02:45:43.469422+00,,,2026-01-08 02:45:43.469422+00,
1,941,2025-11-08,14:00:00,Mati De Carli,,true,14000,14:45:00,3,2026-01-08 02:45:43.469422+00,,,2026-01-08 02:45:43.469422+00,
1,942,2025-11-06,16:30:00,Octavio,1135129571,true,14000,17:00:00,6,2026-01-08 02:45:43.469422+00,,,2026-01-08 02:45:43.469422+00,
1,943,2025-11-05,18:00:00,Gabriel urinovsky,1169325047,true,17000,18:45:00,3,2026-01-08 02:45:43.469422+00,,,2026-01-08 02:45:43.469422+00,
5,944,2025-11-05,17:30:00,nene,,true,14000,18:00:00,6,2026-01-08 02:45:43.469422+00,,,2026-01-08 02:45:43.469422+00,
5,945,2025-11-05,18:00:00,a,,true,14000,18:30:00,6,2026-01-08 02:45:43.469422+00,,,2026-01-08 02:45:43.469422+00,
1,946,2025-11-06,14:30:00,Alejandro Fourcade,1165151718,true,12000,15:00:00,6,2026-01-08 02:45:43.469422+00,,,2026-01-08 02:45:43.469422+00,
1,947,2025-11-07,14:45:00,Diego Moizello,,true,14000,15:15:00,6,2026-01-08 02:45:43.469422+00,,,2026-01-08 02:45:43.469422+00,
1,948,2025-11-06,18:00:00,CORTE VALEN,0000000000,false,,18:30:00,1,2026-01-08 02:45:43.469422+00,,,2026-01-08 02:45:43.469422+00,
5,949,2025-11-06,18:00:00,Corte Seba,0000000000,false,,18:30:00,1,2026-01-08 02:45:43.469422+00,,,2026-01-08 02:45:43.469422+00,
1,950,2025-11-07,16:00:00,Ariel PEÑA,,true,14000,16:30:00,6,2026-01-08 02:45:43.469422+00,,,2026-01-08 02:45:43.469422+00,
5,951,2025-11-06,17:30:00,Joelkriguer,1127496359,true,14000,18:00:00,6,2026-01-08 02:45:43.469422+00,,,2026-01-08 02:45:43.469422+00,
1,952,2025-11-06,17:30:00,a,,true,14000,18:00:00,6,2026-01-08 02:45:43.469422+00,,,2026-01-08 02:45:43.469422+00,
1,953,2025-11-07,12:30:00,"Tato López ",1162950947,true,14000,13:00:00,4,2026-01-08 02:45:43.469422+00,,,2026-01-08 02:45:43.469422+00,
1,954,2025-11-08,12:00:00,Virginia Luna,,true,12000,12:30:00,6,2026-01-08 02:45:43.469422+00,,,2026-01-08 02:45:43.469422+00,
1,955,2025-11-08,12:30:00,Nacho Stocca,,true,17000,13:00:00,6,2026-01-08 02:45:43.469422+00,,,2026-01-08 02:45:43.469422+00,
5,956,2025-11-08,14:30:00,Axel,,true,12000,15:00:00,6,2026-01-08 02:45:43.469422+00,,,2026-01-08 02:45:43.469422+00,
1,957,2025-11-08,17:00:00,Quintin pozo,1140864708,true,14000,17:45:00,3,2026-01-08 02:45:43.469422+00,,,2026-01-08 02:45:43.469422+00,
1,958,2025-11-08,14:45:00,Amigo Mati De Carli,,true,14000,15:15:00,6,2026-01-08 02:45:43.469422+00,,,2026-01-08 02:45:43.469422+00,
1,959,2025-11-08,15:15:00,Amigo Mati De Carli 2,,true,14000,15:45:00,6,2026-01-08 02:45:43.469422+00,,,2026-01-08 02:45:43.469422+00,
5,960,2025-11-15,15:00:00,Lucas hileni,,true,12000,15:30:00,6,2026-01-08 02:45:43.469422+00,,,2026-01-08 02:45:43.469422+00,
5,961,2025-11-08,16:00:00,Gabriel,,true,14000,16:30:00,6,2026-01-08 02:45:43.469422+00,,,2026-01-08 02:45:43.469422+00,
1,962,2025-11-08,17:45:00,Caoba,1,true,14000,18:15:00,6,2026-01-08 02:45:43.469422+00,,,2026-01-08 02:45:43.469422+00,
5,963,2025-11-08,15:00:00,Amigo Valen,,true,12000,15:30:00,6,2026-01-08 02:45:43.469422+00,,,2026-01-08 02:45:43.469422+00,
1,964,2025-11-08,18:15:00,Lucas Fabre,1165008315,true,14000,18:45:00,6,2026-01-08 02:45:43.469422+00,,,2026-01-08 02:45:43.469422+00,
1,965,2025-11-14,15:00:00,"Juan Ignacio Molina ",1168820931,true,14000,15:30:00,6,2026-01-08 02:45:43.469422+00,,,2026-01-08 02:45:43.469422+00,
1,966,2025-11-15,15:00:00,.,0000000000,false,,19:45:00,1,2026-01-08 02:45:43.469422+00,,,2026-01-08 02:45:43.469422+00,
1,967,2025-11-11,11:00:00,Nachoto,,true,10000,11:30:00,6,2026-01-08 02:45:43.469422+00,,,2026-01-08 02:45:43.469422+00,
1,968,2025-11-13,17:30:00,Nicolas Morales,,true,12000,18:00:00,6,2026-01-08 02:45:43.469422+00,,,2026-01-08 02:45:43.469422+00,
1,969,2025-11-14,19:15:00,Fede De Carli,,true,14000,20:00:00,3,2026-01-08 02:45:43.469422+00,,,2026-01-08 02:45:43.469422+00,
1,970,2025-11-14,18:30:00,Alejandro Fourcade,,true,12000,19:15:00,3,2026-01-08 02:45:43.469422+00,,,2026-01-08 02:45:43.469422+00,
1,972,2025-11-13,18:30:00,Nacho Lamamith,,true,14000,19:15:00,3,2026-01-08 02:45:43.469422+00,,,2026-01-08 02:45:43.469422+00,
1,975,2025-11-13,18:00:00,Virginia Luna,,true,12000,18:30:00,6,2026-01-08 02:45:43.469422+00,,,2026-01-08 02:45:43.469422+00,
1,976,2025-11-11,11:30:00,Nahuel Moizello,,true,14000,12:15:00,3,2026-01-08 02:45:43.469422+00,,,2026-01-08 02:45:43.469422+00,
1,977,2025-11-11,12:30:00,"Roberto Garcia ",,true,14000,13:00:00,6,2026-01-08 02:45:43.469422+00,,,2026-01-08 02:45:43.469422+00,
1,978,2025-11-11,19:30:00,Lucas Vecino,,true,14000,20:00:00,6,2026-01-08 02:45:43.469422+00,,,2026-01-08 02:45:43.469422+00,
1,979,2025-11-11,14:30:00,A,,true,14000,15:00:00,6,2026-01-08 02:45:43.469422+00,,,2026-01-08 02:45:43.469422+00,
1,980,2025-11-11,18:45:00,Horacio TBJ,,true,17000,19:30:00,3,2026-01-08 02:45:43.469422+00,,,2026-01-08 02:45:43.469422+00,
1,981,2025-11-13,11:00:00,Will,1136896784,true,14000,11:30:00,6,2026-01-08 02:45:43.469422+00,,,2026-01-08 02:45:43.469422+00,
1,982,2025-11-11,17:00:00,Facundo BASQUET CAP,1136135631,true,14000,17:30:00,6,2026-01-08 02:45:43.469422+00,,,2026-01-08 02:45:43.469422+00,
1,983,2025-11-11,18:15:00,La Salle,,true,14000,18:45:00,6,2026-01-08 02:45:43.469422+00,,,2026-01-08 02:45:43.469422+00,
5,985,2025-11-12,16:30:00,Bauti oliva,,true,12000,17:00:00,6,2026-01-08 02:45:43.469422+00,,,2026-01-08 02:45:43.469422+00,
1,986,2025-11-15,12:15:00,Augusto Marchese,,true,14000,13:00:00,3,2026-01-08 02:45:43.469422+00,,,2026-01-08 02:45:43.469422+00,
1,987,2025-11-13,19:15:00,Hijo Cristian Penia,,true,14000,19:45:00,6,2026-01-08 02:45:43.469422+00,,,2026-01-08 02:45:43.469422+00,
1,988,2025-11-12,12:00:00,Santiago TELO,1124061740,true,14000,12:45:00,3,2026-01-08 02:45:43.469422+00,,,2026-01-08 02:45:43.469422+00,
1,989,2025-11-12,14:45:00,Adrian,1162544401,true,17000,15:30:00,3,2026-01-08 02:45:43.469422+00,,,2026-01-08 02:45:43.469422+00,
5,990,2025-11-12,18:00:00,A,,true,14000,18:30:00,6,2026-01-08 02:45:43.469422+00,,,2026-01-08 02:45:43.469422+00,
5,992,2025-11-14,18:00:00,"Joaquín Bortolotti ",1168562561,true,14000,18:30:00,6,2026-01-08 02:45:43.469422+00,,,2026-01-08 02:45:43.469422+00,
5,993,2025-11-12,19:15:00,Patricio,1150086591,true,14000,19:45:00,6,2026-01-08 02:45:43.469422+00,,,2026-01-08 02:45:43.469422+00,
1,994,2025-11-12,19:15:00,Nacho (Patricio),,true,14000,19:45:00,6,2026-01-08 02:45:43.469422+00,,,2026-01-08 02:45:43.469422+00,
1,995,2025-11-13,17:00:00,Lucas gnoffo,1135235520,true,12000,17:30:00,6,2026-01-08 02:45:43.469422+00,,,2026-01-08 02:45:43.469422+00,
5,996,2025-11-15,11:30:00,Tomas alconi,,true,14000,12:00:00,6,2026-01-08 02:45:43.469422+00,,,2026-01-08 02:45:43.469422+00,
5,997,2025-11-14,18:30:00,Gere,,true,12000,19:00:00,6,2026-01-08 02:45:43.469422+00,,,2026-01-08 02:45:43.469422+00,
1,998,2025-11-13,12:30:00,Gustavo Campos,,true,14000,13:00:00,6,2026-01-08 02:45:43.469422+00,,,2026-01-08 02:45:43.469422+00,
5,999,2025-11-13,18:30:00,Pedro,,true,14000,19:00:00,6,2026-01-08 02:45:43.469422+00,,,2026-01-08 02:45:43.469422+00,
1,1001,2025-11-14,15:30:00,Juan di tocco,1169539200,true,14000,16:00:00,4,2026-01-08 02:45:43.469422+00,,,2026-01-08 02:45:43.469422+00,
5,1002,2025-11-15,11:00:00,Matías Butti,,true,14000,11:30:00,6,2026-01-08 02:45:43.469422+00,,,2026-01-08 02:45:43.469422+00,
1,1003,2025-11-14,17:45:00,"Juan Ignacio Sambuceti ",1123050417,true,17000,18:30:00,3,2026-01-08 02:45:43.469422+00,,,2026-01-08 02:45:43.469422+00,
5,1004,2025-11-13,18:00:00,Juan,1151649514,true,14000,18:30:00,6,2026-01-08 02:45:43.469422+00,,,2026-01-08 02:45:43.469422+00,
5,1005,2025-11-13,16:30:00,Matias VIDRIERIA,,true,14000,17:00:00,6,2026-01-08 02:45:43.469422+00,,,2026-01-08 02:45:43.469422+00,
5,1006,2025-11-13,17:00:00,Oscar,,true,14000,17:30:00,6,2026-01-08 02:45:43.469422+00,,,2026-01-08 02:45:43.469422+00,
5,1007,2025-11-13,17:30:00,Cristian Penia,,true,17000,18:15:00,3,2026-01-08 02:45:43.469422+00,,,2026-01-08 02:45:43.469422+00,
1,1008,2025-11-13,19:45:00,Matias Guarella,,true,17000,20:15:00,6,2026-01-08 02:45:43.469422+00,,,2026-01-08 02:45:43.469422+00,
5,1009,2025-11-21,12:30:00,CORTE SEBA,0000000000,false,,13:00:00,1,2026-01-08 02:45:43.469422+00,,,2026-01-08 02:45:43.469422+00,
1,1010,2025-11-21,12:30:00,CORTE SEBA,0000000000,false,,13:00:00,1,2026-01-08 02:45:43.469422+00,,,2026-01-08 02:45:43.469422+00,
5,1012,2025-11-14,17:00:00,Giovanni,,true,12000,17:30:00,6,2026-01-08 02:45:43.469422+00,,,2026-01-08 02:45:43.469422+00,
5,1013,2025-11-14,17:30:00,Mateo maidana,,true,12000,18:00:00,6,2026-01-08 02:45:43.469422+00,,,2026-01-08 02:45:43.469422+00,
1,1014,2025-11-14,11:30:00,a,,true,14000,12:00:00,6,2026-01-08 02:45:43.469422+00,,,2026-01-08 02:45:43.469422+00,
1,1015,2025-11-14,12:30:00,DT VILO,,true,14000,13:00:00,6,2026-01-08 02:45:43.469422+00,,,2026-01-08 02:45:43.469422+00,
1,1016,2025-11-15,14:00:00,Jose ignacio ezquerra,1166046526,true,14000,14:30:00,4,2026-01-08 02:45:43.469422+00,,,2026-01-08 02:45:43.469422+00,
1,1018,2025-11-14,14:30:00,LAV,,true,14000,15:00:00,6,2026-01-08 02:45:43.469422+00,,,2026-01-08 02:45:43.469422+00,
1,1019,2025-11-14,16:00:00,Joan,,true,14000,16:30:00,6,2026-01-08 02:45:43.469422+00,,,2026-01-08 02:45:43.469422+00,
1,1021,2025-11-15,11:45:00,A,,true,14000,12:15:00,6,2026-01-08 02:45:43.469422+00,,,2026-01-08 02:45:43.469422+00,
5,1022,2025-11-15,16:00:00,Gabriel,,true,17000,16:30:00,6,2026-01-08 02:45:43.469422+00,,,2026-01-08 02:45:43.469422+00,
1,1023,2025-11-18,18:45:00,Benicio buschiazzo,1162290038,true,13000,19:15:00,6,2026-01-08 02:45:43.469422+00,,,2026-01-08 02:45:43.469422+00,
1,1024,2025-11-18,18:15:00,Emiliano Guareschi,1141596914,true,16000,18:45:00,6,2026-01-08 02:45:43.469422+00,,,2026-01-08 02:45:43.469422+00,
1,1025,2025-11-19,19:30:00,Laureano ezquerra,1140584208,true,15000,20:00:00,6,2026-01-08 02:45:43.469422+00,,,2026-01-08 02:45:43.469422+00,
1,1026,2025-11-20,18:00:00,Matias Navarro,,true,18000,18:45:00,3,2026-01-08 02:45:43.469422+00,,,2026-01-08 02:45:43.469422+00,
1,1027,2025-11-18,14:30:00,Esteban MALVINAS,1111111111,true,10000,15:00:00,6,2026-01-08 02:45:43.469422+00,,,2026-01-08 02:45:43.469422+00,
1,1029,2025-11-21,16:00:00,Franco,1162857682,true,15000,16:30:00,6,2026-01-08 02:45:43.469422+00,,,2026-01-08 02:45:43.469422+00,
1,1030,2025-11-21,16:30:00,Nicolas Morales,,true,12000,17:00:00,6,2026-01-08 02:45:43.469422+00,,,2026-01-08 02:45:43.469422+00,
1,1031,2025-11-15,14:30:00,Virginia Luna,,true,10000,15:00:00,6,2026-01-08 02:45:43.469422+00,,,2026-01-08 02:45:43.469422+00,
1,1032,2025-11-15,19:45:00,Nahuel Ingravallo,,true,14000,20:15:00,6,2026-01-08 02:45:43.469422+00,,,2026-01-08 02:45:43.469422+00,
1,1033,2025-11-18,13:00:00,Joaquin,1121599603,true,15000,13:30:00,6,2026-01-08 02:45:43.469422+00,,,2026-01-08 02:45:43.469422+00,
1,1034,2025-11-18,15:00:00,"Benjamin Pieruzzini ",1150102008,true,15000,15:30:00,6,2026-01-08 02:45:43.469422+00,,,2026-01-08 02:45:43.469422+00,
5,1036,2025-11-19,18:30:00,Tincho,5491136300,true,16000,19:00:00,6,2026-01-08 02:45:43.469422+00,,,2026-01-08 02:45:43.469422+00,
1,1037,2025-11-20,11:30:00,Nacho Stocca,1,true,19000,12:15:00,3,2026-01-08 02:45:43.469422+00,,,2026-01-08 02:45:43.469422+00,
5,1039,2025-11-20,17:00:00,Nacho prior,,true,12500,17:30:00,6,2026-01-08 02:45:43.469422+00,,,2026-01-08 02:45:43.469422+00,
5,1040,2025-11-20,19:30:00,Iñaki Sarria,,true,12500,20:00:00,6,2026-01-08 02:45:43.469422+00,,,2026-01-08 02:45:43.469422+00,
1,1041,2025-11-18,19:15:00,David TBJ,,true,19000,20:00:00,3,2026-01-08 02:45:43.469422+00,,,2026-01-08 02:45:43.469422+00,
1,1042,2025-11-18,16:15:00,"Ezequiel ",1124612329,true,15000,16:45:00,6,2026-01-08 02:45:43.469422+00,,,2026-01-08 02:45:43.469422+00,
5,1043,2025-11-20,17:30:00,Juan zumel,,true,13000,18:00:00,6,2026-01-08 02:45:43.469422+00,,,2026-01-08 02:45:43.469422+00,
5,1044,2025-11-20,16:00:00,Luca morandi,,true,13000,16:30:00,6,2026-01-08 02:45:43.469422+00,,,2026-01-08 02:45:43.469422+00,
5,1045,2025-11-19,17:00:00,Joaco Longhini,,true,16000,17:30:00,6,2026-01-08 02:45:43.469422+00,,,2026-01-08 02:45:43.469422+00,
1,1046,2025-11-19,18:30:00,Norman Minell,1158027743,true,19000,19:15:00,3,2026-01-08 02:45:43.469422+00,,,2026-01-08 02:45:43.469422+00,
1,1047,2025-11-20,16:00:00,"Francisco Montaldo ",1154842834,true,16000,16:30:00,6,2026-01-08 02:45:43.469422+00,,,2026-01-08 02:45:43.469422+00,
1,1048,2025-11-20,13:00:00,Juan Martín Di Tocco,1169539200,true,16000,13:30:00,4,2026-01-08 02:45:43.469422+00,,,2026-01-08 02:45:43.469422+00,
1,1049,2025-11-20,17:30:00,german urrustarazu,1566863607,true,16000,18:00:00,6,2026-01-08 02:45:43.469422+00,,,2026-01-08 02:45:43.469422+00,
1,1050,2025-11-19,14:30:00,Kitas Primak,,true,16000,15:00:00,6,2026-01-08 02:45:43.469422+00,,,2026-01-08 02:45:43.469422+00,
1,1051,2025-11-20,11:00:00,Eze Fernandez tbj,,true,18000,11:30:00,6,2026-01-08 02:45:43.469422+00,,,2026-01-08 02:45:43.469422+00,
1,1052,2025-11-20,16:45:00,Lucas gnoffo,1135235520,true,12000,17:15:00,6,2026-01-08 02:45:43.469422+00,,,2026-01-08 02:45:43.469422+00,
1,1053,2025-11-22,14:00:00,Hernan Cantamessi,,true,19000,14:45:00,3,2026-01-08 02:45:43.469422+00,,,2026-01-08 02:45:43.469422+00,
1,1054,2025-11-21,11:30:00,Tomi Kaufman,,true,16000,12:00:00,6,2026-01-08 02:45:43.469422+00,,,2026-01-08 02:45:43.469422+00,
5,1055,2025-11-21,11:00:00,Julian Aslaterra,,true,16000,11:30:00,6,2026-01-08 02:45:43.469422+00,,,2026-01-08 02:45:43.469422+00,
5,1056,2025-11-22,14:30:00,Geremias,,true,12500,15:00:00,6,2026-01-08 02:45:43.469422+00,,,2026-01-08 02:45:43.469422+00,
1,1057,2025-11-19,17:00:00,Ale Cicero,,true,15000,17:30:00,6,2026-01-08 02:45:43.469422+00,,,2026-01-08 02:45:43.469422+00,
1,1059,2025-11-20,15:30:00,Martin Petrignani,1130061487,true,16000,16:00:00,6,2026-01-08 02:45:43.469422+00,,,2026-01-08 02:45:43.469422+00,
1,1060,2025-11-20,12:30:00,"Mauri Oubiña ",1134701110,true,16000,13:00:00,6,2026-01-08 02:45:43.469422+00,,,2026-01-08 02:45:43.469422+00,
1,1061,2025-11-20,18:45:00,Miguel Iniguez,,true,15000,19:15:00,6,2026-01-08 02:45:43.469422+00,,,2026-01-08 02:45:43.469422+00,
1,1062,2025-11-21,12:00:00,Estanislao Stocca,,true,19000,12:30:00,6,2026-01-08 02:45:43.469422+00,,,2026-01-08 02:45:43.469422+00,
5,1063,2025-11-21,17:00:00,Ariel PENIA,,true,16000,17:30:00,6,2026-01-08 02:45:43.469422+00,,,2026-01-08 02:45:43.469422+00,
1,1064,2025-11-21,17:30:00,"Quintin pozo ",1140864708,true,15000,18:00:00,4,2026-01-08 02:45:43.469422+00,,,2026-01-08 02:45:43.469422+00,
1,1065,2025-11-21,19:15:00,Agustin Montes,1,true,18000,20:00:00,3,2026-01-08 02:45:43.469422+00,,,2026-01-08 02:45:43.469422+00,
5,1066,2025-11-20,19:00:00,Santisgo TBJ,,true,16000,19:30:00,6,2026-01-08 02:45:43.469422+00,,,2026-01-08 02:45:43.469422+00,
5,1067,2025-11-21,11:30:00,Lolo,,true,12500,12:00:00,6,2026-01-08 02:45:43.469422+00,,,2026-01-08 02:45:43.469422+00,
1,1068,2025-11-22,14:45:00,Matias De Carli,1121938635,true,15000,15:15:00,2,2026-01-08 02:45:43.469422+00,,,2026-01-08 02:45:43.469422+00,
1,1069,2025-11-21,18:00:00,Vir Luna,,true,13000,18:30:00,6,2026-01-08 02:45:43.469422+00,,,2026-01-08 02:45:43.469422+00,
5,1070,2025-11-21,15:30:00,Hernan,,true,16000,16:00:00,6,2026-01-08 02:45:43.469422+00,,,2026-01-08 02:45:43.469422+00,
5,1071,2025-11-22,14:00:00,Daniel,,true,12500,14:30:00,6,2026-01-08 02:45:43.469422+00,,,2026-01-08 02:45:43.469422+00,
1,1072,2025-11-21,18:45:00,Guillermo,,true,15000,19:15:00,6,2026-01-08 02:45:43.469422+00,,,2026-01-08 02:45:43.469422+00,
5,1073,2025-11-21,17:45:00,Mateo,,true,13000,18:15:00,6,2026-01-08 02:45:43.469422+00,,,2026-01-08 02:45:43.469422+00,
1,1076,2025-11-22,16:15:00,Federico Gago,124735550,true,16000,16:45:00,6,2026-01-08 02:45:43.469422+00,,,2026-01-08 02:45:43.469422+00,
5,1077,2025-12-03,15:00:00,Marcos marenco,,true,12500,15:30:00,6,2026-01-08 02:45:43.469422+00,,,2026-01-08 02:45:43.469422+00,
1,1078,2025-11-22,16:45:00,Panadero,,true,15000,17:15:00,6,2026-01-08 02:45:43.469422+00,,,2026-01-08 02:45:43.469422+00,
1,1080,2025-11-25,19:30:00,Joel Kriguer,1127496359,true,0,20:00:00,6,2026-01-08 02:45:43.469422+00,,,2026-01-08 02:45:43.469422+00,
1,1081,2025-11-28,18:00:00,bruno burgos,1145288974,true,15000,18:30:00,4,2026-01-08 02:45:43.469422+00,,,2026-01-08 02:45:43.469422+00,
1,1083,2025-11-27,17:30:00,Nicolas Morales,,true,12000,18:00:00,6,2026-01-08 02:45:43.469422+00,,,2026-01-08 02:45:43.469422+00,
1,1084,2025-11-28,19:15:00,Fede De Carli,,true,16000,20:00:00,3,2026-01-08 02:45:43.469422+00,,,2026-01-08 02:45:43.469422+00,
1,1085,2025-11-28,18:30:00,Ale Fourcade,,true,13000,19:15:00,3,2026-01-08 02:45:43.469422+00,,,2026-01-08 02:45:43.469422+00,
1,1086,2025-11-29,15:00:00,Geremias,,true,13000,15:30:00,6,2026-01-08 02:45:43.469422+00,,,2026-01-08 02:45:43.469422+00,
1,1087,2025-11-25,17:30:00,Nacho Lamamith,,true,16000,18:15:00,3,2026-01-08 02:45:43.469422+00,,,2026-01-08 02:45:43.469422+00,
5,1088,2025-12-03,18:30:00,Taragan,,true,13000,19:00:00,6,2026-01-08 02:45:43.469422+00,,,2026-01-08 02:45:43.469422+00,
1,1089,2025-11-25,17:00:00,Tomas Suarez,,true,16000,17:30:00,6,2026-01-08 02:45:43.469422+00,,,2026-01-08 02:45:43.469422+00,
1,1090,2025-11-27,18:30:00,Julian Cacciola,,true,16000,19:15:00,3,2026-01-08 02:45:43.469422+00,,,2026-01-08 02:45:43.469422+00,
1,1091,2025-11-25,19:00:00,Augusto Suppa,,true,15000,19:30:00,6,2026-01-08 02:45:43.469422+00,,,2026-01-08 02:45:43.469422+00,
5,1092,2025-11-26,15:30:00,Franco pal,1151224036,true,16000,16:00:00,4,2026-01-08 02:45:43.469422+00,,,2026-01-08 02:45:43.469422+00,
1,1093,2025-11-25,16:00:00,Pablo Ivanoff,,true,19000,16:30:00,6,2026-01-08 02:45:43.469422+00,,,2026-01-08 02:45:43.469422+00,
1,1094,2025-11-25,14:30:00,Papa Suppa,,true,19000,15:15:00,3,2026-01-08 02:45:43.469422+00,,,2026-01-08 02:45:43.469422+00,
1,1095,2025-11-26,12:15:00,Julian,1123914276,true,16000,12:45:00,6,2026-01-08 02:45:43.469422+00,,,2026-01-08 02:45:43.469422+00,
5,1096,2025-11-26,18:30:00,"Mateo Patroni ",1150043635,true,16000,19:00:00,6,2026-01-08 02:45:43.469422+00,,,2026-01-08 02:45:43.469422+00,
1,1097,2025-11-25,18:30:00,A,,true,15000,19:00:00,6,2026-01-08 02:45:43.469422+00,,,2026-01-08 02:45:43.469422+00,
1,1098,2025-11-27,16:45:00,Benicio buschiazzo,1162290038,true,13000,17:15:00,6,2026-01-08 02:45:43.469422+00,,,2026-01-08 02:45:43.469422+00,
1,1100,2025-11-27,15:30:00,Juan di tocco,1169539200,true,16000,16:00:00,4,2026-01-08 02:45:43.469422+00,,,2026-01-08 02:45:43.469422+00,
1,1101,2025-11-29,14:30:00,Lucas Santillan,1156639446,true,16000,15:00:00,6,2026-01-08 02:45:43.469422+00,,,2026-01-08 02:45:43.469422+00,
5,1102,2025-11-27,16:00:00,Markus friedrich,,true,13000,16:30:00,6,2026-01-08 02:45:43.469422+00,,,2026-01-08 02:45:43.469422+00,
1,1103,2025-11-28,14:30:00,"Franco ",1165121999,true,19000,15:15:00,3,2026-01-08 02:45:43.469422+00,,,2026-01-08 02:45:43.469422+00,
1,1104,2025-11-27,12:30:00,Jose ignacio,1166046526,true,15000,13:00:00,4,2026-01-08 02:45:43.469422+00,,,2026-01-08 02:45:43.469422+00,
5,1105,2025-11-27,15:00:00,Benja,,true,16000,15:30:00,6,2026-01-08 02:45:43.469422+00,,,2026-01-08 02:45:43.469422+00,
1,1106,2025-11-27,12:00:00,Nachoto,,true,10000,12:30:00,6,2026-01-08 02:45:43.469422+00,,,2026-01-08 02:45:43.469422+00,
5,1107,2025-11-26,17:00:00,A,,true,16000,17:30:00,6,2026-01-08 02:45:43.469422+00,,,2026-01-08 02:45:43.469422+00,
5,1108,2025-11-29,15:45:00,Bauti oliva,,true,12500,16:15:00,6,2026-01-08 02:45:43.469422+00,,,2026-01-08 02:45:43.469422+00,
1,1109,2025-11-27,16:00:00,CORTE SEBA,0000000000,false,,16:30:00,1,2026-01-08 02:45:43.469422+00,,,2026-01-08 02:45:43.469422+00,
5,1110,2025-12-17,13:30:00,ALMUERZO,0000000000,false,,14:30:00,1,2026-01-08 02:45:43.469422+00,,,2026-01-08 02:45:43.469422+00,
1,1111,2025-11-26,19:30:00,A,,true,16000,20:00:00,6,2026-01-08 02:45:43.469422+00,,,2026-01-08 02:45:43.469422+00,
1,1112,2025-11-27,14:30:00,Lucas gnoffo,1135235520,true,12000,15:00:00,6,2026-01-08 02:45:43.469422+00,,,2026-01-08 02:45:43.469422+00,
1,1113,2025-11-28,12:30:00,Naza Gnoffo,,true,15000,13:00:00,6,2026-01-08 02:45:43.469422+00,,,2026-01-08 02:45:43.469422+00,
1,1114,2025-11-27,14:00:00,Will,1136896784,true,16000,14:30:00,6,2026-01-08 02:45:43.469422+00,,,2026-01-08 02:45:43.469422+00,
5,1115,2025-11-28,17:30:00,Gaston Rébolo,1533150679,true,16000,18:00:00,6,2026-01-08 02:45:43.469422+00,,,2026-01-08 02:45:43.469422+00,
1,1116,2025-11-28,11:30:00,"Valentin Oubiña ",1166002902,true,16000,12:00:00,6,2026-01-08 02:45:43.469422+00,,,2026-01-08 02:45:43.469422+00,
1,1117,2025-11-28,12:00:00,Virginia Luna,,true,13000,12:30:00,6,2026-01-08 02:45:43.469422+00,,,2026-01-08 02:45:43.469422+00,
1,1118,2025-11-28,11:00:00,.,0000000000,false,,11:30:00,1,2026-01-08 02:45:43.469422+00,,,2026-01-08 02:45:43.469422+00,
1,1119,2025-11-28,15:15:00,"Franco Funes ",,true,16000,16:00:00,3,2026-01-08 02:45:43.469422+00,,,2026-01-08 02:45:43.469422+00,
5,1120,2025-11-28,16:00:00,Franco Eusebio,,true,16000,16:30:00,6,2026-01-08 02:45:43.469422+00,,,2026-01-08 02:45:43.469422+00,
5,1121,2025-11-28,16:30:00,Hno. Franco Eusebio,,true,16000,17:15:00,3,2026-01-08 02:45:43.469422+00,,,2026-01-08 02:45:43.469422+00,
1,1123,2025-11-29,11:30:00,Lautaro,1164115200,true,16000,12:00:00,6,2026-01-08 02:45:43.469422+00,,,2026-01-08 02:45:43.469422+00,
5,1124,2025-11-29,11:00:00,Diego Santeusanio,,true,15000,11:45:00,3,2026-01-08 02:45:43.469422+00,,,2026-01-08 02:45:43.469422+00,
5,1125,2025-11-28,18:00:00,A,,true,15000,18:30:00,6,2026-01-08 02:45:43.469422+00,,,2026-01-08 02:45:43.469422+00,
5,1126,2025-11-29,15:00:00,"Daniel Venialgo ",1144385749,true,18000,15:45:00,3,2026-01-08 02:45:43.469422+00,,,2026-01-08 02:45:43.469422+00,
5,1127,2025-11-28,18:30:00,B,,true,15000,19:00:00,6,2026-01-08 02:45:43.469422+00,,,2026-01-08 02:45:43.469422+00,
1,1128,2025-11-28,17:30:00,Tarta,,true,15000,18:00:00,6,2026-01-08 02:45:43.469422+00,,,2026-01-08 02:45:43.469422+00,
5,1131,2025-11-29,14:00:00,agustin zaragoci,1157813054,true,16000,14:30:00,6,2026-01-08 02:45:43.469422+00,,,2026-01-08 02:45:43.469422+00,
5,1132,2025-11-29,11:45:00,Hijo Diego,,true,13000,12:15:00,6,2026-01-08 02:45:43.469422+00,,,2026-01-08 02:45:43.469422+00,
5,1133,2025-12-03,12:15:00,"Ruben ",1168930636,true,15000,12:45:00,6,2026-01-08 02:45:43.469422+00,,,2026-01-08 02:45:43.469422+00,
5,1134,2025-11-29,16:30:00,Joaco azorero,,true,12500,17:00:00,6,2026-01-08 02:45:43.469422+00,,,2026-01-08 02:45:43.469422+00,
5,1135,2025-12-04,16:00:00,Naz,,true,13000,16:30:00,6,2026-01-08 02:45:43.469422+00,,,2026-01-08 02:45:43.469422+00,
5,1136,2025-12-04,16:30:00,Lulu,,true,13000,17:00:00,6,2026-01-08 02:45:43.469422+00,,,2026-01-08 02:45:43.469422+00,
5,1137,2025-12-03,17:00:00,Bauti firpo,,true,12500,17:30:00,6,2026-01-08 02:45:43.469422+00,,,2026-01-08 02:45:43.469422+00,
5,1138,2025-12-03,17:30:00,Nacho obaya,,true,13000,18:00:00,6,2026-01-08 02:45:43.469422+00,,,2026-01-08 02:45:43.469422+00,
5,1139,2025-12-05,15:00:00,Zega,,true,13000,15:30:00,6,2026-01-08 02:45:43.469422+00,,,2026-01-08 02:45:43.469422+00,
5,1140,2025-12-04,15:00:00,Benja panza,,true,13000,15:30:00,6,2026-01-08 02:45:43.469422+00,,,2026-01-08 02:45:43.469422+00,
5,1141,2025-12-03,14:30:00,Edu asan,,true,15000,15:00:00,6,2026-01-08 02:45:43.469422+00,,,2026-01-08 02:45:43.469422+00,
5,1143,2025-12-04,17:00:00,Bis,,true,13000,17:30:00,6,2026-01-08 02:45:43.469422+00,,,2026-01-08 02:45:43.469422+00,
1,1144,2025-12-03,11:00:00,"Nicolas Morales ",,true,13000,11:30:00,6,2026-01-08 02:45:43.469422+00,,,2026-01-08 02:45:43.469422+00,
1,1145,2025-12-02,12:00:00,Rodrigo F. Llanos,,true,16000,12:30:00,6,2026-01-08 02:45:43.469422+00,,,2026-01-08 02:45:43.469422+00,
1,1146,2025-12-02,18:30:00,Agustin Ledesma,,true,15000,19:00:00,6,2026-01-08 02:45:43.469422+00,,,2026-01-08 02:45:43.469422+00,
1,1147,2025-12-02,16:45:00,Diego,,true,16000,17:15:00,6,2026-01-08 02:45:43.469422+00,,,2026-01-08 02:45:43.469422+00,
1,1148,2025-12-04,19:15:00,Matias Navarro,,true,15000,20:00:00,3,2026-01-08 02:45:43.469422+00,,,2026-01-08 02:45:43.469422+00,
1,1150,2025-12-04,16:00:00,Federico Chavaño,,true,15000,16:30:00,6,2026-01-08 02:45:43.469422+00,,,2026-01-08 02:45:43.469422+00,
1,1151,2025-12-02,16:00:00,Alfredo,1155770044,true,18000,16:45:00,3,2026-01-08 02:45:43.469422+00,,,2026-01-08 02:45:43.469422+00,
1,1152,2025-12-05,17:45:00,"Juan Ignacio sambuceti ",1123050417,true,18000,18:30:00,3,2026-01-08 02:45:43.469422+00,,,2026-01-08 02:45:43.469422+00,
1,1153,2025-12-02,14:30:00,"Ezequiel ",1124612329,true,15000,15:00:00,6,2026-01-08 02:45:43.469422+00,,,2026-01-08 02:45:43.469422+00,
1,1154,2025-12-02,15:00:00,Lucas sabe,1165008315,true,16000,15:30:00,1,2026-01-08 02:45:43.469422+00,,,2026-01-08 02:45:43.469422+00,
5,1155,2025-12-06,16:00:00,Geremias,,true,13000,16:30:00,6,2026-01-08 02:45:43.469422+00,,,2026-01-08 02:45:43.469422+00,
1,1156,2025-12-03,14:30:00,Ale Mansilla,,true,15000,15:00:00,6,2026-01-08 02:45:43.469422+00,,,2026-01-08 02:45:43.469422+00,
1,1157,2025-12-06,15:00:00,POLO,0000000000,false,,19:45:00,1,2026-01-08 02:45:43.469422+00,,,2026-01-08 02:45:43.469422+00,
5,1158,2025-12-03,19:00:00,.,0000000000,false,,19:45:00,1,2026-01-08 02:45:43.469422+00,,,2026-01-08 02:45:43.469422+00,
1,1159,2025-12-05,15:30:00,Ariel PENA,,true,15000,16:00:00,6,2026-01-08 02:45:43.469422+00,,,2026-01-08 02:45:43.469422+00,
1,1160,2025-12-02,18:00:00,Lorenzo Ariotti,1149177040,true,16000,18:30:00,6,2026-01-08 02:45:43.469422+00,,,2026-01-08 02:45:43.469422+00,
1,1161,2025-12-03,18:30:00,.,0000000000,false,,19:45:00,1,2026-01-08 02:45:43.469422+00,,,2026-01-08 02:45:43.469422+00,
1,1162,2025-12-03,18:00:00,Mauri Oubiña,1134701110,true,16000,18:30:00,6,2026-01-08 02:45:43.469422+00,,,2026-01-08 02:45:43.469422+00,
1,1164,2025-12-02,17:30:00,a,,true,15000,18:00:00,6,2026-01-08 02:45:43.469422+00,,,2026-01-08 02:45:43.469422+00,
1,1165,2025-12-05,16:00:00,Matias De Carli,1121938635,true,16000,16:30:00,6,2026-01-08 02:45:43.469422+00,,,2026-01-08 02:45:43.469422+00,
5,1166,2025-12-03,18:00:00,Nacho Martinez,,true,15000,18:30:00,6,2026-01-08 02:45:43.469422+00,,,2026-01-08 02:45:43.469422+00,
1,1167,2025-12-03,11:30:00,a,,true,16000,12:00:00,6,2026-01-08 02:45:43.469422+00,,,2026-01-08 02:45:43.469422+00,
1,1168,2025-12-03,12:45:00,Esteban Malvinas,,true,10000,13:15:00,1,2026-01-08 02:45:43.469422+00,,,2026-01-08 02:45:43.469422+00,
1,1169,2025-12-03,15:00:00,Mati Rodriguez,,true,15000,15:30:00,6,2026-01-08 02:45:43.469422+00,,,2026-01-08 02:45:43.469422+00,
5,1170,2025-12-03,16:30:00,Marcos Gari,1165690551,true,15000,17:00:00,6,2026-01-08 02:45:43.469422+00,,,2026-01-08 02:45:43.469422+00,
5,1171,2025-12-04,18:00:00,CORTE VALEN,0000000000,false,,18:30:00,1,2026-01-08 02:45:43.469422+00,,,2026-01-08 02:45:43.469422+00,
1,1172,2025-12-04,18:00:00,CORTE VALEN,0000000000,false,,18:30:00,1,2026-01-08 02:45:43.469422+00,,,2026-01-08 02:45:43.469422+00,
5,1173,2025-12-03,13:00:00,Eduardo Carr,,true,16000,13:30:00,6,2026-01-08 02:45:43.469422+00,,,2026-01-08 02:45:43.469422+00,
1,1174,2025-12-03,15:30:00,Japo,,true,16000,16:00:00,6,2026-01-08 02:45:43.469422+00,,,2026-01-08 02:45:43.469422+00,
5,1175,2025-12-04,14:30:00,Maidana,,true,13000,15:00:00,6,2026-01-08 02:45:43.469422+00,,,2026-01-08 02:45:43.469422+00,
1,1176,2025-12-03,16:30:00,A,,true,16000,17:00:00,6,2026-01-08 02:45:43.469422+00,,,2026-01-08 02:45:43.469422+00,
1,1177,2025-12-03,17:00:00,B,,true,15000,17:30:00,6,2026-01-08 02:45:43.469422+00,,,2026-01-08 02:45:43.469422+00,
1,1178,2025-12-04,11:30:00,Lauti Davila,,true,16000,12:00:00,6,2026-01-08 02:45:43.469422+00,,,2026-01-08 02:45:43.469422+00,
1,1179,2025-12-04,16:45:00,Benicio buschiazzo,1162290038,true,13000,17:15:00,6,2026-01-08 02:45:43.469422+00,,,2026-01-08 02:45:43.469422+00,
5,1180,2025-12-05,14:30:00,Tato,,true,12500,15:00:00,6,2026-01-08 02:45:43.469422+00,,,2026-01-08 02:45:43.469422+00,
1,1181,2025-12-04,12:00:00,Nacho Stoca,,true,19000,12:45:00,3,2026-01-08 02:45:43.469422+00,,,2026-01-08 02:45:43.469422+00,
1,1184,2025-12-05,14:30:00,Juan Di Tocco,1169539200,true,16000,15:00:00,4,2026-01-08 02:45:43.469422+00,,,2026-01-08 02:45:43.469422+00,
5,1185,2025-12-05,16:00:00,Tomas alconi,,true,13000,16:30:00,6,2026-01-08 02:45:43.469422+00,,,2026-01-08 02:45:43.469422+00,
5,1186,2025-12-05,14:00:00,Zumel,,true,12500,14:30:00,6,2026-01-08 02:45:43.469422+00,,,2026-01-08 02:45:43.469422+00,
1,1189,2025-12-05,11:30:00,Quintin pozo,1140864708,true,15000,12:00:00,4,2026-01-08 02:45:43.469422+00,,,2026-01-08 02:45:43.469422+00,
5,1190,2025-12-04,18:30:00,A,,true,10000,19:00:00,1,2026-01-08 02:45:43.469422+00,,,2026-01-08 02:45:43.469422+00,
1,1191,2025-12-04,18:30:00,Mark,,true,18000,19:15:00,3,2026-01-08 02:45:43.469422+00,,,2026-01-08 02:45:43.469422+00,
1,1192,2025-12-19,19:15:00,Matias Navarro,,true,15000,20:00:00,3,2026-01-08 02:45:43.469422+00,,,2026-01-08 02:45:43.469422+00,
1,1193,2025-12-26,12:00:00,Matias Navarro,,true,16000,12:45:00,3,2026-01-08 02:45:43.469422+00,,,2026-01-08 02:45:43.469422+00,
5,1194,2025-12-05,16:30:00,"Tato López ",1162950947,true,16000,17:00:00,4,2026-01-08 02:45:43.469422+00,,,2026-01-08 02:45:43.469422+00,
1,1195,2025-12-06,14:00:00,"Virginia Luna ",,true,13000,14:30:00,6,2026-01-08 02:45:43.469422+00,,,2026-01-08 02:45:43.469422+00,
1,1196,2025-12-06,11:00:00,Fede Otero,1153846974,true,15000,11:30:00,6,2026-01-08 02:45:43.469422+00,,,2026-01-08 02:45:43.469422+00,
1,1197,2025-12-05,17:00:00,Adrian,1162544401,true,19000,17:45:00,3,2026-01-08 02:45:43.469422+00,,,2026-01-08 02:45:43.469422+00,
1,1198,2025-12-05,15:00:00,Valen Ariotti,,true,16000,15:30:00,6,2026-01-08 02:45:43.469422+00,,,2026-01-08 02:45:43.469422+00,
1,1199,2025-12-05,16:30:00,Juan Ignacio Latella,1169710302,true,16000,17:00:00,6,2026-01-08 02:45:43.469422+00,,,2026-01-08 02:45:43.469422+00,
1,1200,2025-12-09,18:00:00,"Tomás Leonhardt ",1164878287,true,15000,18:30:00,6,2026-01-08 02:45:43.469422+00,,,2026-01-08 02:45:43.469422+00,
1,1201,2025-12-06,11:30:00,Agustin Otero,,true,15000,12:00:00,6,2026-01-08 02:45:43.469422+00,,,2026-01-08 02:45:43.469422+00,
5,1207,2025-12-06,17:00:00,A,,true,15000,17:30:00,6,2026-01-08 02:45:43.469422+00,,,2026-01-08 02:45:43.469422+00,
1,1208,2025-12-09,17:00:00,Emiliano Guareschi,1141596914,true,16000,17:30:00,6,2026-01-08 02:45:43.469422+00,,,2026-01-08 02:45:43.469422+00,
1,1209,2025-12-09,17:15:00,Peter,,true,16000,17:45:00,6,2026-01-08 02:45:43.469422+00,,,2026-01-08 02:45:43.469422+00,
1,1210,2025-12-09,17:30:00,Hijo Peter,,true,16000,18:00:00,6,2026-01-08 02:45:43.469422+00,,,2026-01-08 02:45:43.469422+00,
1,1211,2025-12-10,18:30:00,Fede De Carli,,true,15000,19:15:00,3,2026-01-08 02:45:43.469422+00,,,2026-01-08 02:45:43.469422+00,
1,1212,2025-12-12,18:30:00,Ale Fourcade,,true,13000,19:15:00,3,2026-01-08 02:45:43.469422+00,,,2026-01-08 02:45:43.469422+00,
1,1213,2025-12-12,17:45:00,Nicolas Morales,,true,13000,18:30:00,3,2026-01-08 02:45:43.469422+00,,,2026-01-08 02:45:43.469422+00,
5,1214,2025-12-13,14:30:00,Gere,,true,13000,15:00:00,6,2026-01-08 02:45:43.469422+00,,,2026-01-08 02:45:43.469422+00,
1,1215,2025-12-09,16:00:00,A,,true,15000,16:30:00,6,2026-01-08 02:45:43.469422+00,,,2026-01-08 02:45:43.469422+00,
5,1217,2025-12-10,19:30:00,Laureano ezquerra,1140584208,true,15000,20:00:00,4,2026-01-08 02:45:43.469422+00,,,2026-01-08 02:45:43.469422+00,
1,1218,2025-12-10,13:00:00,Keki,1136525482,true,16000,13:30:00,6,2026-01-08 02:45:43.469422+00,,,2026-01-08 02:45:43.469422+00,
1,1219,2025-12-10,12:30:00,Camionero,,true,18000,13:00:00,6,2026-01-08 02:45:43.469422+00,,,2026-01-08 02:45:43.469422+00,
5,1220,2025-12-10,14:45:00,Hijo Sonia,,true,16000,15:15:00,6,2026-01-08 02:45:43.469422+00,,,2026-01-08 02:45:43.469422+00,
1,1221,2025-12-10,14:30:00,Jardinero,,true,15000,15:00:00,6,2026-01-08 02:45:43.469422+00,,,2026-01-08 02:45:43.469422+00,
1,1222,2025-12-10,15:30:00,Naza Gnoffo,,true,15000,16:00:00,6,2026-01-08 02:45:43.469422+00,,,2026-01-08 02:45:43.469422+00,
5,1223,2025-12-10,18:45:00,Cristian PENIA,,true,19000,19:30:00,3,2026-01-08 02:45:43.469422+00,,,2026-01-08 02:45:43.469422+00,
1,1224,2025-12-10,19:15:00,Hijo Cristian PENIA,,true,16000,19:45:00,6,2026-01-08 02:45:43.469422+00,,,2026-01-08 02:45:43.469422+00,
5,1225,2025-12-11,11:00:00,"Mauro Duarte ",1126352241,true,16000,11:30:00,4,2026-01-08 02:45:43.469422+00,,,2026-01-08 02:45:43.469422+00,
1,1226,2025-12-11,15:00:00,Lucas gnoffo,1135235520,true,16000,15:30:00,6,2026-01-08 02:45:43.469422+00,,,2026-01-08 02:45:43.469422+00,
5,1227,2025-12-10,17:00:00,A,,true,18000,17:45:00,3,2026-01-08 02:45:43.469422+00,,,2026-01-08 02:45:43.469422+00,
5,1228,2025-12-10,17:45:00,B,,true,19000,18:30:00,3,2026-01-08 02:45:43.469422+00,,,2026-01-08 02:45:43.469422+00,
5,1229,2025-12-10,16:30:00,b,,true,16000,17:00:00,6,2026-01-08 02:45:43.469422+00,,,2026-01-08 02:45:43.469422+00,
1,1230,2025-12-11,12:00:00,Will,1136896784,true,16000,12:30:00,6,2026-01-08 02:45:43.469422+00,,,2026-01-08 02:45:43.469422+00,
5,1231,2025-12-11,18:00:00,Benja Pieruzzini,,true,16000,18:30:00,6,2026-01-08 02:45:43.469422+00,,,2026-01-08 02:45:43.469422+00,
5,1232,2025-12-11,19:30:00,Gabriel Zelaschi,,true,16000,20:00:00,6,2026-01-08 02:45:43.469422+00,,,2026-01-08 02:45:43.469422+00,
1,1233,2025-12-11,18:30:00,Julian Cacciola,,true,16000,19:15:00,3,2026-01-08 02:45:43.469422+00,,,2026-01-08 02:45:43.469422+00,
5,1234,2025-12-11,17:30:00,A,,true,15000,18:00:00,6,2026-01-08 02:45:43.469422+00,,,2026-01-08 02:45:43.469422+00,
5,1235,2025-12-12,18:00:00,"Estanislao Stocca ",,true,18000,18:30:00,6,2026-01-08 02:45:43.469422+00,,,2026-01-08 02:45:43.469422+00,
1,1236,2025-12-13,11:00:00,Fede Perez,1136334843,true,16000,11:45:00,3,2026-01-08 02:45:43.469422+00,,,2026-01-08 02:45:43.469422+00,
5,1237,2025-12-11,19:00:00,"Hernán López ",2914269335,true,16000,19:30:00,6,2026-01-08 02:45:43.469422+00,,,2026-01-08 02:45:43.469422+00,
5,1238,2025-12-13,12:00:00,Lucas hileni,,true,13000,12:30:00,6,2026-01-08 02:45:43.469422+00,,,2026-01-08 02:45:43.469422+00,
1,1239,2025-12-12,12:00:00,Martin Petrignani,1130061487,true,16000,12:30:00,6,2026-01-08 02:45:43.469422+00,,,2026-01-08 02:45:43.469422+00,
1,1240,2025-12-12,12:30:00,Nachoto,,true,15000,13:00:00,6,2026-01-08 02:45:43.469422+00,,,2026-01-08 02:45:43.469422+00,
1,1242,2025-12-12,14:15:00,Nahuel Moizello,,true,15000,14:45:00,6,2026-01-08 02:45:43.469422+00,,,2026-01-08 02:45:43.469422+00,
1,1243,2025-12-13,17:00:00,.,0000000000,false,,19:45:00,1,2026-01-08 02:45:43.469422+00,,,2026-01-08 02:45:43.469422+00,
1,1244,2025-12-12,14:45:00,Joel kriguer,1127496359,true,18000,15:15:00,6,2026-01-08 02:45:43.469422+00,,,2026-01-08 02:45:43.469422+00,
5,1245,2025-12-12,17:15:00,Martín Urinovsky,1161673315,true,16000,17:45:00,2,2026-01-08 02:45:43.469422+00,,,2026-01-08 02:45:43.469422+00,
5,1247,2025-12-12,15:30:00,"Ezequiel ",1124612329,true,15000,16:00:00,6,2026-01-08 02:45:43.469422+00,,,2026-01-08 02:45:43.469422+00,
1,1248,2025-12-12,15:15:00,Gustavo Weber,,true,16000,15:45:00,6,2026-01-08 02:45:43.469422+00,,,2026-01-08 02:45:43.469422+00,
5,1249,2025-12-12,16:45:00,A,,true,15000,17:15:00,6,2026-01-08 02:45:43.469422+00,,,2026-01-08 02:45:43.469422+00,
5,1251,2025-12-13,14:00:00,Gustavo Campos,,true,18000,14:30:00,6,2026-01-08 02:45:43.469422+00,,,2026-01-08 02:45:43.469422+00,
5,1252,2025-12-13,11:00:00,"Matias Butti ",1160567617,true,16000,11:30:00,6,2026-01-08 02:45:43.469422+00,,,2026-01-08 02:45:43.469422+00,
5,1253,2025-12-13,15:45:00,CORTE SEBA,0000000000,false,,16:15:00,1,2026-01-08 02:45:43.469422+00,,,2026-01-08 02:45:43.469422+00,
1,1254,2025-12-13,15:15:00,CORTE SEBA,0000000000,false,,15:45:00,1,2026-01-08 02:45:43.469422+00,,,2026-01-08 02:45:43.469422+00,
1,1255,2025-12-13,12:00:00,Ivan Asturiano,,true,16000,12:30:00,6,2026-01-08 02:45:43.469422+00,,,2026-01-08 02:45:43.469422+00,
5,1256,2025-12-13,15:15:00,A,,true,15000,15:45:00,6,2026-01-08 02:45:43.469422+00,,,2026-01-08 02:45:43.469422+00,
1,1257,2025-12-13,15:45:00,Tio Ariel,,true,15000,16:15:00,6,2026-01-08 02:45:43.469422+00,,,2026-01-08 02:45:43.469422+00,
5,1258,2025-12-17,17:00:00,Tara,,true,13000,17:30:00,6,2026-01-08 02:45:43.469422+00,,,2026-01-08 02:45:43.469422+00,
5,1259,2025-12-13,17:00:00,B,,true,15000,17:30:00,6,2026-01-08 02:45:43.469422+00,,,2026-01-08 02:45:43.469422+00,
1,1260,2025-12-16,17:30:00,Fede De Carli,,true,16000,18:15:00,3,2026-01-08 02:45:43.469422+00,,,2026-01-08 02:45:43.469422+00,
5,1262,2025-12-17,15:00:00,"Ezequiel ",1134226452,true,18000,15:45:00,3,2026-01-08 02:45:43.469422+00,,,2026-01-08 02:45:43.469422+00,
1,1263,2025-12-16,17:00:00,Gastón Rébolo,1533150679,true,16000,17:30:00,6,2026-01-08 02:45:43.469422+00,,,2026-01-08 02:45:43.469422+00,
1,1264,2025-12-18,19:15:00,Matias De Carli,1121938635,true,16000,20:00:00,3,2026-01-08 02:45:43.469422+00,,,2026-01-08 02:45:43.469422+00,
5,1265,2025-12-16,11:30:00,Nacho prior,,true,16000,12:00:00,6,2026-01-08 02:45:43.469422+00,,,2026-01-08 02:45:43.469422+00,
5,1266,2025-12-16,12:00:00,Bauti prior,,true,16000,12:30:00,6,2026-01-08 02:45:43.469422+00,,,2026-01-08 02:45:43.469422+00,
1,1267,2025-12-17,16:00:00,Enzo Belo,,true,16000,16:30:00,6,2026-01-08 02:45:43.469422+00,,,2026-01-08 02:45:43.469422+00,
5,1268,2025-12-18,17:00:00,Victor,,true,16000,17:30:00,6,2026-01-08 02:45:43.469422+00,,,2026-01-08 02:45:43.469422+00,
1,1269,2025-12-16,14:30:00,Alicia,,true,16000,15:00:00,6,2026-01-08 02:45:43.469422+00,,,2026-01-08 02:45:43.469422+00,
1,1270,2025-12-16,15:00:00,Marido Alicia,,true,16000,15:30:00,6,2026-01-08 02:45:43.469422+00,,,2026-01-08 02:45:43.469422+00,
1,1271,2025-12-24,11:00:00,Franco Funes,,true,16000,11:45:00,3,2026-01-08 02:45:43.469422+00,,,2026-01-08 02:45:43.469422+00,
1,1272,2026-01-09,13:15:00,VACACIONES,0000000000,false,,19:45:00,1,2026-01-08 02:45:43.469422+00,,,2026-01-08 02:45:43.469422+00,
5,1274,2025-12-25,11:00:00,NAVIDAD,0000000000,false,,19:45:00,1,2026-01-08 02:45:43.469422+00,,,2026-01-08 02:45:43.469422+00,
5,1275,2025-12-24,18:45:00,NAVIDAD,0000000000,false,,19:45:00,1,2026-01-08 02:45:43.469422+00,,,2026-01-08 02:45:43.469422+00,
5,1276,2025-12-16,17:30:00,.,0000000000,false,,19:45:00,1,2026-01-08 02:45:43.469422+00,,,2026-01-08 02:45:43.469422+00,
5,1277,2025-12-20,14:00:00,.,0000000000,false,,19:45:00,1,2026-01-08 02:45:43.469422+00,,,2026-01-08 02:45:43.469422+00,
5,1278,2025-12-16,13:30:00,ALMUERZO,0000000000,false,,14:30:00,1,2026-01-08 02:45:43.469422+00,,,2026-01-08 02:45:43.469422+00,
5,1279,2026-01-03,13:00:00,ALMUERZO,0000000000,false,,14:00:00,1,2026-01-08 02:45:43.469422+00,,,2026-01-08 02:45:43.469422+00,
5,1280,2026-01-06,13:30:00,ALMUERZO,0000000000,false,,14:30:00,1,2026-01-08 02:45:43.469422+00,,,2026-01-08 02:45:43.469422+00,
1,1281,2026-01-08,13:00:00,ALMUERZO,0000000000,false,,14:00:00,1,2026-01-08 02:45:43.469422+00,,,2026-01-08 02:45:43.469422+00,
1,1282,2026-01-10,11:00:00,vacaciones,0000000000,false,,19:45:00,1,2026-01-08 02:45:43.469422+00,,,2026-01-08 02:45:43.469422+00,
1,1285,2025-12-16,18:45:00,A,0000000000,false,,19:45:00,1,2026-01-08 02:45:43.469422+00,,,2026-01-08 02:45:43.469422+00,
5,1286,2025-12-18,17:30:00,Ariel Bortolotti,1168562561,true,16000,18:00:00,6,2026-01-08 02:45:43.469422+00,,,2026-01-08 02:45:43.469422+00,
5,1287,2025-12-18,18:00:00,"Joaquín Bortolotti ",1168562561,true,16000,18:30:00,6,2026-01-08 02:45:43.469422+00,,,2026-01-08 02:45:43.469422+00,
1,1288,2025-12-24,17:45:00,Ale Fourcade,,true,13000,18:30:00,3,2026-01-08 02:45:43.469422+00,,,2026-01-08 02:45:43.469422+00,
5,1289,2025-12-16,16:30:00,Octavio Gonzalez,1135129571,true,16000,17:00:00,6,2026-01-08 02:45:43.469422+00,,,2026-01-08 02:45:43.469422+00,
1,1290,2025-12-17,18:00:00,Nacho Lamamith,,true,18000,18:45:00,3,2026-01-08 02:45:43.469422+00,,,2026-01-08 02:45:43.469422+00,
5,1291,2025-12-16,11:00:00,A,,true,15000,11:30:00,6,2026-01-08 02:45:43.469422+00,,,2026-01-08 02:45:43.469422+00,
5,1292,2025-12-16,12:30:00,b,,true,15000,13:00:00,6,2026-01-08 02:45:43.469422+00,,,2026-01-08 02:45:43.469422+00,
1,1294,2025-12-16,18:15:00,Amigo Fede Dc,,true,16000,18:45:00,6,2026-01-08 02:45:43.469422+00,,,2026-01-08 02:45:43.469422+00,
1,1295,2025-12-17,11:00:00,Matias Guarella,,true,19000,11:30:00,6,2026-01-08 02:45:43.469422+00,,,2026-01-08 02:45:43.469422+00,
1,1296,2025-12-19,15:00:00,Tomi Kaufman,,true,16000,15:30:00,6,2026-01-08 02:45:43.469422+00,,,2026-01-08 02:45:43.469422+00,
5,1297,2025-12-19,16:00:00,Franco palen,1151224036,true,16000,16:30:00,4,2026-01-08 02:45:43.469422+00,,,2026-01-08 02:45:43.469422+00,
1,1299,2025-12-17,12:30:00,Juan di tocco,1169539200,true,16000,13:00:00,4,2026-01-08 02:45:43.469422+00,,,2026-01-08 02:45:43.469422+00,
5,1300,2025-12-19,14:30:00,Charly,,true,16000,15:00:00,6,2026-01-08 02:45:43.469422+00,,,2026-01-08 02:45:43.469422+00,
5,1301,2025-12-17,18:00:00,"bruno burgos ",1145288974,true,16000,18:30:00,4,2026-01-08 02:45:43.469422+00,,,2026-01-08 02:45:43.469422+00,
5,1302,2025-12-17,18:30:00,Tincho,,true,16000,19:00:00,6,2026-01-08 02:45:43.469422+00,,,2026-01-08 02:45:43.469422+00,
1,1303,2025-12-18,18:30:00,David TBJ,,true,19000,19:15:00,3,2026-01-08 02:45:43.469422+00,,,2026-01-08 02:45:43.469422+00,
5,1304,2025-12-19,15:15:00,Nacho Crespo,,true,16000,16:00:00,3,2026-01-08 02:45:43.469422+00,,,2026-01-08 02:45:43.469422+00,
1,1306,2025-12-17,14:30:00,Nahuel ingravallo,1162036432,true,15000,15:00:00,6,2026-01-08 02:45:43.469422+00,,,2026-01-08 02:45:43.469422+00,
5,1307,2025-12-17,15:45:00,Lucho,1168156898,true,16000,16:15:00,6,2026-01-08 02:45:43.469422+00,,,2026-01-08 02:45:43.469422+00,
5,1308,2025-12-18,11:00:00,Giovanni,,true,16000,11:30:00,6,2026-01-08 02:45:43.469422+00,,,2026-01-08 02:45:43.469422+00,
5,1309,2025-12-18,11:30:00,Cris,,true,13000,12:00:00,6,2026-01-08 02:45:43.469422+00,,,2026-01-08 02:45:43.469422+00,
5,1310,2025-12-18,12:00:00,Axel,,true,12500,12:30:00,6,2026-01-08 02:45:43.469422+00,,,2026-01-08 02:45:43.469422+00,
1,1311,2025-12-17,13:00:00,Federico Gago,124735550,true,15000,13:30:00,6,2026-01-08 02:45:43.469422+00,,,2026-01-08 02:45:43.469422+00,
5,1312,2025-12-24,11:00:00,Gere,,true,13000,11:30:00,6,2026-01-08 02:45:43.469422+00,,,2026-01-08 02:45:43.469422+00,
5,1313,2025-12-31,11:30:00,Gere,,true,12500,12:00:00,6,2026-01-08 02:45:43.469422+00,,,2026-01-08 02:45:43.469422+00,
1,1315,2025-12-19,15:30:00,Ariel PENIA,,true,15000,16:00:00,6,2026-01-08 02:45:43.469422+00,,,2026-01-08 02:45:43.469422+00,
1,1317,2025-12-24,13:00:00,Mauri Oubiña,1134701110,true,15000,13:30:00,6,2026-01-08 02:45:43.469422+00,,,2026-01-08 02:45:43.469422+00,
1,1318,2025-12-17,16:30:00,Franco Concaro,,true,16000,17:00:00,6,2026-01-08 02:45:43.469422+00,,,2026-01-08 02:45:43.469422+00,
1,1319,2025-12-17,17:00:00,A,,true,16000,17:30:00,6,2026-01-08 02:45:43.469422+00,,,2026-01-08 02:45:43.469422+00,
5,1320,2025-12-17,19:30:00,A,,true,16000,20:00:00,6,2026-01-08 02:45:43.469422+00,,,2026-01-08 02:45:43.469422+00,
1,1321,2025-12-17,18:45:00,A,,true,15000,19:15:00,6,2026-01-08 02:45:43.469422+00,,,2026-01-08 02:45:43.469422+00,
1,1322,2025-12-18,12:45:00,Jose ignacio ezquerra,1166046526,true,15000,13:15:00,4,2026-01-08 02:45:43.469422+00,,,2026-01-08 02:45:43.469422+00,
5,1323,2025-12-19,17:00:00,Juan spregiato,,true,15000,17:30:00,6,2026-01-08 02:45:43.469422+00,,,2026-01-08 02:45:43.469422+00,
5,1324,2025-12-18,16:30:00,Marcelo,,true,12500,17:00:00,6,2026-01-08 02:45:43.469422+00,,,2026-01-08 02:45:43.469422+00,
1,1325,2025-12-19,12:15:00,CORTE SEBA,0000000000,false,,13:00:00,1,2026-01-08 02:45:43.469422+00,,,2026-01-08 02:45:43.469422+00,
5,1326,2025-12-19,12:15:00,CORTE SEBA,0000000000,false,,13:00:00,1,2026-01-08 02:45:43.469422+00,,,2026-01-08 02:45:43.469422+00,
5,1327,2025-12-18,12:30:00,A,,true,12500,13:00:00,6,2026-01-08 02:45:43.469422+00,,,2026-01-08 02:45:43.469422+00,
1,1328,2025-12-18,16:30:00,Naza Gnoffo,,true,15000,17:00:00,6,2026-01-08 02:45:43.469422+00,,,2026-01-08 02:45:43.469422+00,
5,1329,2025-12-18,15:45:00,Brian,,true,15000,16:15:00,6,2026-01-08 02:45:43.469422+00,,,2026-01-08 02:45:43.469422+00,
1,1330,2025-12-19,17:30:00,Nicolas Morales,,true,13000,18:00:00,6,2026-01-08 02:45:43.469422+00,,,2026-01-08 02:45:43.469422+00,
1,1331,2025-12-19,18:15:00,Virginia Luna,,true,13000,18:45:00,6,2026-01-08 02:45:43.469422+00,,,2026-01-08 02:45:43.469422+00,
5,1332,2025-12-18,18:30:00,B,,true,15000,19:00:00,6,2026-01-08 02:45:43.469422+00,,,2026-01-08 02:45:43.469422+00,
1,1333,2025-12-18,18:00:00,C,,true,15000,18:30:00,6,2026-01-08 02:45:43.469422+00,,,2026-01-08 02:45:43.469422+00,
1,1334,2025-12-19,13:00:00,CORTE VALEN,0000000000,false,,13:30:00,1,2026-01-08 02:45:43.469422+00,,,2026-01-08 02:45:43.469422+00,
5,1335,2025-12-19,13:00:00,CORTE VALEN,0000000000,false,,13:30:00,1,2026-01-08 02:45:43.469422+00,,,2026-01-08 02:45:43.469422+00,
5,1336,2025-12-19,11:00:00,A,0000000000,false,,12:15:00,1,2026-01-08 02:45:43.469422+00,,,2026-01-08 02:45:43.469422+00,
5,1337,2025-12-24,16:00:00,Facha,,true,13000,16:30:00,6,2026-01-08 02:45:43.469422+00,,,2026-01-08 02:45:43.469422+00,
1,1338,2025-12-19,16:45:00,"Mati Rodriguez ",,true,16000,17:30:00,3,2026-01-08 02:45:43.469422+00,,,2026-01-08 02:45:43.469422+00,
5,1339,2025-12-23,16:00:00,Oliva,,true,13000,16:30:00,6,2026-01-08 02:45:43.469422+00,,,2026-01-08 02:45:43.469422+00,
5,1340,2025-12-24,15:00:00,Naz,,true,13000,15:30:00,6,2026-01-08 02:45:43.469422+00,,,2026-01-08 02:45:43.469422+00,
5,1341,2025-12-24,15:30:00,Morandi,,true,13000,16:00:00,6,2026-01-08 02:45:43.469422+00,,,2026-01-08 02:45:43.469422+00,
5,1342,2025-12-24,17:00:00,Zega,,true,13000,17:30:00,6,2026-01-08 02:45:43.469422+00,,,2026-01-08 02:45:43.469422+00,
5,1343,2025-12-20,12:00:00,Julian Aslaterra,,true,15000,12:30:00,6,2026-01-08 02:45:43.469422+00,,,2026-01-08 02:45:43.469422+00,
1,1344,2025-12-19,14:30:00,Caoba,,true,15000,15:00:00,6,2026-01-08 02:45:43.469422+00,,,2026-01-08 02:45:43.469422+00,
5,1345,2025-12-20,12:30:00,"Daniel Venialgo ",1144385749,true,18000,13:15:00,3,2026-01-08 02:45:43.469422+00,,,2026-01-08 02:45:43.469422+00,
1,1346,2025-12-23,17:00:00,Santi Cywilko,,true,15000,17:30:00,6,2026-01-08 02:45:43.469422+00,,,2026-01-08 02:45:43.469422+00,
1,1348,2025-12-19,16:15:00,Diego,,true,16000,16:45:00,6,2026-01-08 02:45:43.469422+00,,,2026-01-08 02:45:43.469422+00,
5,1349,2025-12-19,16:30:00,A,,true,16000,17:00:00,6,2026-01-08 02:45:43.469422+00,,,2026-01-08 02:45:43.469422+00,
5,1350,2025-12-19,18:30:00,Fernando,,true,16000,19:00:00,6,2026-01-08 02:45:43.469422+00,,,2026-01-08 02:45:43.469422+00,
1,1351,2025-12-19,18:45:00,Kevin PENIA,,true,15000,19:15:00,6,2026-01-08 02:45:43.469422+00,,,2026-01-08 02:45:43.469422+00,
5,1352,2025-12-24,14:30:00,Tato,,true,12500,15:00:00,6,2026-01-08 02:45:43.469422+00,,,2026-01-08 02:45:43.469422+00,
5,1353,2025-12-20,11:30:00,Lolo,,true,15000,12:00:00,6,2026-01-08 02:45:43.469422+00,,,2026-01-08 02:45:43.469422+00,
1,1354,2025-12-23,15:00:00,Juan,1164115200,true,16000,15:30:00,6,2026-01-08 02:45:43.469422+00,,,2026-01-08 02:45:43.469422+00,
5,1355,2025-12-23,13:00:00,agustin zaragoci,1157813054,true,15000,13:30:00,6,2026-01-08 02:45:43.469422+00,,,2026-01-08 02:45:43.469422+00,
1,1356,2025-12-23,18:00:00,Lorenzo ariotti,1149177040,true,16000,18:30:00,6,2026-01-08 02:45:43.469422+00,,,2026-01-08 02:45:43.469422+00,
5,1357,2025-12-24,13:00:00,Mateo Patroni,1150043635,true,16000,13:30:00,6,2026-01-08 02:45:43.469422+00,,,2026-01-08 02:45:43.469422+00,
1,1358,2025-12-23,19:30:00,Laureano ezquerra,1140584208,true,15000,20:00:00,4,2026-01-08 02:45:43.469422+00,,,2026-01-08 02:45:43.469422+00,
1,1359,2025-12-23,11:00:00,Joel kriguer,1127496359,true,18000,11:30:00,6,2026-01-08 02:45:43.469422+00,,,2026-01-08 02:45:43.469422+00,
1,1360,2025-12-23,16:00:00,"Adrián ",1162544401,true,19000,16:45:00,3,2026-01-08 02:45:43.469422+00,,,2026-01-08 02:45:43.469422+00,
1,1361,2025-12-24,15:30:00,"Quintin ",1140864708,true,16000,16:00:00,4,2026-01-08 02:45:43.469422+00,,,2026-01-08 02:45:43.469422+00,
1,1362,2025-12-23,14:00:00,ALMUERZO,0000000000,false,,15:00:00,1,2026-01-08 02:45:43.469422+00,,,2026-01-08 02:45:43.469422+00,
1,1363,2025-12-23,12:30:00,Franco,,true,16000,13:00:00,6,2026-01-08 02:45:43.469422+00,,,2026-01-08 02:45:43.469422+00,
1,1364,2025-12-24,12:15:00,Alfredo,1155770044,true,19000,13:00:00,3,2026-01-08 02:45:43.469422+00,,,2026-01-08 02:45:43.469422+00,
1,1365,2025-12-24,15:00:00,Nicolas Morales,,true,13000,15:30:00,6,2026-01-08 02:45:43.469422+00,,,2026-01-08 02:45:43.469422+00,
1,1366,2025-12-23,16:30:00,Augusto Suppa,,true,15000,17:00:00,6,2026-01-08 02:45:43.469422+00,,,2026-01-08 02:45:43.469422+00,
1,1367,2025-12-23,15:30:00,Estanislao Stocca,,true,11000,16:00:00,6,2026-01-08 02:45:43.469422+00,,,2026-01-08 02:45:43.469422+00,
1,1368,2025-12-23,12:00:00,Will,1136896784,true,15000,12:30:00,6,2026-01-08 02:45:43.469422+00,,,2026-01-08 02:45:43.469422+00,
5,1369,2025-12-23,19:15:00,Juan Ignacio Molina,1168820931,true,16000,19:45:00,6,2026-01-08 02:45:43.469422+00,,,2026-01-08 02:45:43.469422+00,
5,1370,2025-12-23,18:15:00,Feli,,true,12500,18:45:00,6,2026-01-08 02:45:43.469422+00,,,2026-01-08 02:45:43.469422+00,
1,1371,2025-12-23,13:00:00,Rodrigo F Llanos,,true,16000,13:30:00,6,2026-01-08 02:45:43.469422+00,,,2026-01-08 02:45:43.469422+00,
1,1372,2025-12-23,11:30:00,Pablo Ivanoff,,true,15000,12:00:00,6,2026-01-08 02:45:43.469422+00,,,2026-01-08 02:45:43.469422+00,
1,1373,2025-12-19,14:00:00,Horacio Garcia,,true,19000,14:30:00,6,2026-01-08 02:45:43.469422+00,,,2026-01-08 02:45:43.469422+00,
5,1374,2025-12-23,18:45:00,Juan,1151649514,true,15000,19:15:00,6,2026-01-08 02:45:43.469422+00,,,2026-01-08 02:45:43.469422+00,
1,1375,2025-12-26,13:00:00,Juan di tocco,1169539200,true,16000,13:30:00,4,2026-01-08 02:45:43.469422+00,,,2026-01-08 02:45:43.469422+00,
1,1376,2025-12-23,17:30:00,Vir,,true,13000,18:00:00,6,2026-01-08 02:45:43.469422+00,,,2026-01-08 02:45:43.469422+00,
5,1377,2025-12-24,12:15:00,"Lautaro ",1164115200,true,16000,12:45:00,6,2026-01-08 02:45:43.469422+00,,,2026-01-08 02:45:43.469422+00,
5,1378,2025-12-23,12:30:00,A,,true,15000,13:00:00,6,2026-01-08 02:45:43.469422+00,,,2026-01-08 02:45:43.469422+00,
5,1379,2025-12-23,19:00:00,Hector,,true,15000,19:30:00,6,2026-01-08 02:45:43.469422+00,,,2026-01-08 02:45:43.469422+00,
5,1380,2025-12-23,17:00:00,Hijo Vale,,true,16000,17:45:00,3,2026-01-08 02:45:43.469422+00,,,2026-01-08 02:45:43.469422+00,
1,1381,2025-12-24,18:30:00,Ezequiel,,true,15000,19:00:00,6,2026-01-08 02:45:43.469422+00,,,2026-01-08 02:45:43.469422+00,
1,1384,2025-12-24,16:15:00,Kitas Primak,,true,19000,16:45:00,6,2026-01-08 02:45:43.469422+00,,,2026-01-08 02:45:43.469422+00,
5,1385,2025-12-23,15:15:00,B,,true,15000,15:45:00,6,2026-01-08 02:45:43.469422+00,,,2026-01-08 02:45:43.469422+00,
5,1386,2025-12-23,17:45:00,Horacio,,true,15000,18:15:00,6,2026-01-08 02:45:43.469422+00,,,2026-01-08 02:45:43.469422+00,
5,1387,2025-12-23,11:00:00,C,,true,15000,11:30:00,6,2026-01-08 02:45:43.469422+00,,,2026-01-08 02:45:43.469422+00,
1,1388,2025-12-24,16:45:00,Gabriel Cordobes,,true,19000,17:15:00,6,2026-01-08 02:45:43.469422+00,,,2026-01-08 02:45:43.469422+00,
1,1389,2025-12-24,11:45:00,Alejandro Cicero,,true,15000,12:15:00,6,2026-01-08 02:45:43.469422+00,,,2026-01-08 02:45:43.469422+00,
5,1390,2025-12-24,11:30:00,A,,true,16000,12:00:00,6,2026-01-08 02:45:43.469422+00,,,2026-01-08 02:45:43.469422+00,
1,1391,2025-12-24,14:30:00,Nacho,,true,16000,15:00:00,6,2026-01-08 02:45:43.469422+00,,,2026-01-08 02:45:43.469422+00,
1,1392,2025-12-24,19:00:00,Esteban Malvinas,,true,10000,19:30:00,6,2026-01-08 02:45:43.469422+00,,,2026-01-08 02:45:43.469422+00,
5,1393,2025-12-24,16:30:00,Dario,,true,15000,17:00:00,6,2026-01-08 02:45:43.469422+00,,,2026-01-08 02:45:43.469422+00,
1,1394,2025-12-27,13:00:00,"benicio buschiazzo ",1162290038,true,13000,13:30:00,6,2026-01-08 02:45:43.469422+00,,,2026-01-08 02:45:43.469422+00,
5,1395,2025-12-30,17:30:00,Benja,,true,12500,18:00:00,6,2026-01-08 02:45:43.469422+00,,,2026-01-08 02:45:43.469422+00,
5,1396,2025-12-26,16:30:00,A,,true,16000,17:00:00,6,2026-01-08 02:45:43.469422+00,,,2026-01-08 02:45:43.469422+00,
5,1399,2025-12-30,18:00:00,Bauti,,true,13000,18:30:00,6,2026-01-08 02:45:43.469422+00,,,2026-01-08 02:45:43.469422+00,
1,1400,2025-12-27,11:00:00,Juan Ignacio Sambuceti,1123050417,true,19000,11:45:00,3,2026-01-08 02:45:43.469422+00,,,2026-01-08 02:45:43.469422+00,
1,1401,2025-12-27,11:45:00,A,,true,15000,12:15:00,6,2026-01-08 02:45:43.469422+00,,,2026-01-08 02:45:43.469422+00,
5,1402,2025-12-27,15:00:00,Gabriel,,true,19000,15:30:00,6,2026-01-08 02:45:43.469422+00,,,2026-01-08 02:45:43.469422+00,
5,1403,2025-12-27,15:30:00,A,,true,15000,16:00:00,6,2026-01-08 02:45:43.469422+00,,,2026-01-08 02:45:43.469422+00,
1,1404,2025-12-27,18:30:00,Lauti Virtuani,,true,16000,19:00:00,6,2026-01-08 02:45:43.469422+00,,,2026-01-08 02:45:43.469422+00,
1,1405,2025-12-30,17:30:00,Lucas Santillan,1156639446,true,15000,18:00:00,6,2026-01-08 02:45:43.469422+00,,,2026-01-08 02:45:43.469422+00,
1,1406,2025-12-30,12:00:00,Vir,,true,13000,12:30:00,6,2026-01-08 02:45:43.469422+00,,,2026-01-08 02:45:43.469422+00,
1,1408,2026-01-02,17:30:00,Nicolas Morales,,true,13000,18:00:00,6,2026-01-08 02:45:43.469422+00,,,2026-01-08 02:45:43.469422+00,
1,1409,2025-12-31,14:30:00,Matias De Carli,1121938635,true,16000,15:15:00,3,2026-01-08 02:45:43.469422+00,,,2026-01-08 02:45:43.469422+00,
1,1413,2025-12-30,16:00:00,Hijo Diego,,true,15000,16:30:00,6,2026-01-08 02:45:43.469422+00,,,2026-01-08 02:45:43.469422+00,
5,1414,2025-12-31,11:00:00,Eugenio,,true,15000,11:30:00,6,2026-01-08 02:45:43.469422+00,,,2026-01-08 02:45:43.469422+00,
1,1415,2025-12-31,12:45:00,José Ignacio ezquerra,1166046526,true,15000,13:15:00,4,2026-01-08 02:45:43.469422+00,,,2026-01-08 02:45:43.469422+00,
1,1416,2025-12-30,14:30:00,Nacho Lamamith,,true,18000,15:15:00,3,2026-01-08 02:45:43.469422+00,,,2026-01-08 02:45:43.469422+00,
5,1417,2025-12-30,16:30:00,"Cristian ",,true,15000,17:00:00,6,2026-01-08 02:45:43.469422+00,,,2026-01-08 02:45:43.469422+00,
1,1418,2025-12-30,16:30:00,Cristian hijo,,true,15000,17:00:00,6,2026-01-08 02:45:43.469422+00,,,2026-01-08 02:45:43.469422+00,
5,1419,2025-12-30,14:00:00,Emiliano,,true,16000,14:30:00,6,2026-01-08 02:45:43.469422+00,,,2026-01-08 02:45:43.469422+00,
5,1420,2026-01-20,12:15:00,Obaya,,true,13000,12:45:00,6,2026-01-08 02:45:43.469422+00,,,2026-01-08 02:45:43.469422+00,
5,1421,2025-12-30,19:30:00,Mauro Duarte,1126352241,true,15000,20:00:00,4,2026-01-08 02:45:43.469422+00,,,2026-01-08 02:45:43.469422+00,
1,1422,2025-12-31,11:15:00,Alejandro Fourcade,1165151718,true,13000,12:00:00,3,2026-01-08 02:45:43.469422+00,,,2026-01-08 02:45:43.469422+00,
5,1423,2025-12-30,18:30:00,A,,true,18000,19:00:00,6,2026-01-08 02:45:43.469422+00,,,2026-01-08 02:45:43.469422+00,
1,1424,2025-12-31,12:00:00,Nahuel Moizello,,true,15000,12:45:00,3,2026-01-08 02:45:43.469422+00,,,2026-01-08 02:45:43.469422+00,
1,1425,2025-12-31,15:30:00,Augusto Marchese,,true,16000,16:00:00,6,2026-01-08 02:45:43.469422+00,,,2026-01-08 02:45:43.469422+00,
1,1426,2025-12-31,16:00:00,Fede De Carli,,true,16000,16:45:00,3,2026-01-08 02:45:43.469422+00,,,2026-01-08 02:45:43.469422+00,
1,1427,2025-12-31,16:45:00,Naza Gnoffo,,true,13000,17:15:00,6,2026-01-08 02:45:43.469422+00,,,2026-01-08 02:45:43.469422+00,
5,1428,2025-12-31,12:00:00,A,,true,15000,12:30:00,6,2026-01-08 02:45:43.469422+00,,,2026-01-08 02:45:43.469422+00,
5,1429,2025-12-31,12:30:00,B,,true,15000,13:00:00,6,2026-01-08 02:45:43.469422+00,,,2026-01-08 02:45:43.469422+00,
1,1430,2025-12-31,15:15:00,Kevin Peña,,true,15000,15:45:00,6,2026-01-08 02:45:43.469422+00,,,2026-01-08 02:45:43.469422+00,
5,1431,2026-01-02,15:00:00,A,,true,19000,15:30:00,6,2026-01-08 02:45:43.469422+00,,,2026-01-08 02:45:43.469422+00,
5,1432,2026-01-02,16:30:00,Ariel PEÑA,,true,15000,17:00:00,6,2026-01-08 02:45:43.469422+00,,,2026-01-08 02:45:43.469422+00,
1,1434,2026-01-14,11:00:00,.,0000000000,false,,19:45:00,1,2026-01-08 02:45:43.469422+00,,,2026-01-08 02:45:43.469422+00,
1,1437,2026-01-17,11:00:00,.,0000000000,false,,19:45:00,1,2026-01-08 02:45:43.469422+00,,,2026-01-08 02:45:43.469422+00,
5,1438,2026-01-02,15:30:00,B,,true,19000,16:15:00,3,2026-01-08 02:45:43.469422+00,,,2026-01-08 02:45:43.469422+00,
1,1440,2026-01-03,14:00:00,"Mariano ",,true,18000,14:30:00,6,2026-01-08 02:45:43.469422+00,,,2026-01-08 02:45:43.469422+00,
5,1441,2026-01-07,11:00:00,.,0000000000,false,,19:45:00,1,2026-01-08 02:45:43.469422+00,,,2026-01-08 02:45:43.469422+00,
5,1442,2026-01-08,11:00:00,.,0000000000,false,,19:45:00,1,2026-01-08 02:45:43.469422+00,,,2026-01-08 02:45:43.469422+00,
5,1443,2026-01-09,11:00:00,.,0000000000,false,,19:45:00,1,2026-01-08 02:45:43.469422+00,,,2026-01-08 02:45:43.469422+00,
5,1444,2026-01-10,11:00:00,.,0000000000,false,,19:45:00,1,2026-01-08 02:45:43.469422+00,,,2026-01-08 02:45:43.469422+00,
5,1445,2026-01-13,11:00:00,.,0000000000,false,,19:45:00,1,2026-01-08 02:45:43.469422+00,,,2026-01-08 02:45:43.469422+00,
5,1446,2026-01-23,16:30:00,CORTE VALEN,0000000000,false,,17:00:00,1,2026-01-08 02:45:43.469422+00,,,2026-01-08 02:45:43.469422+00,
5,1447,2026-01-06,12:00:00,Markus,,true,12500,12:30:00,6,2026-01-08 02:45:43.469422+00,,,2026-01-08 02:45:43.469422+00,
5,1448,2026-01-03,16:30:00,"Dani ",,true,12500,17:00:00,6,2026-01-08 02:45:43.469422+00,,,2026-01-08 02:45:43.469422+00,
5,1449,2026-01-03,17:00:00,A,,true,19000,17:45:00,3,2026-01-08 02:45:43.469422+00,,,2026-01-08 02:45:43.469422+00,
5,1450,2026-01-03,17:45:00,Guille,,true,15000,18:15:00,6,2026-01-08 02:45:43.469422+00,,,2026-01-08 02:45:43.469422+00,
5,1451,2026-01-06,11:30:00,Zumel,,true,12500,12:00:00,6,2026-01-08 02:45:43.469422+00,,,2026-01-08 02:45:43.469422+00,
1,1452,2026-01-06,12:00:00,Ale Mansilla,,true,16000,12:30:00,6,2026-01-08 02:45:43.469422+00,,,2026-01-08 02:45:43.469422+00,
1,1453,2026-01-06,13:00:00,Vir Luna,,true,13000,13:30:00,6,2026-01-08 02:45:43.469422+00,,,2026-01-08 02:45:43.469422+00,
1,1456,2026-01-08,19:15:00,Matias De Carli,1121938635,true,16000,20:00:00,3,2026-01-08 02:45:43.469422+00,,,2026-01-08 02:45:43.469422+00,
5,1457,2026-01-06,18:30:00,German Urrustarazu,1166863607,true,19000,19:15:00,3,2026-01-08 02:45:43.469422+00,,,2026-01-08 02:45:43.469422+00,
1,1458,2026-01-07,18:00:00,Cristian Peña,,true,19000,18:45:00,3,2026-01-08 02:45:43.469422+00,,,2026-01-08 02:45:43.469422+00,
1,1459,2026-01-07,18:45:00,Hijo Cristian Peña,,true,16000,19:15:00,6,2026-01-08 02:45:43.469422+00,,,2026-01-08 02:45:43.469422+00,
1,1460,2026-01-07,15:00:00,Will,1136896784,true,16000,15:30:00,6,2026-01-08 02:45:43.469422+00,,,2026-01-08 02:45:43.469422+00,
1,1461,2026-01-08,17:00:00,Fede Chavaño,,true,15000,17:30:00,6,2026-01-08 02:45:43.469422+00,,,2026-01-08 02:45:43.469422+00,
1,1462,2026-01-08,17:30:00,Nicolas Morales,,true,13000,18:00:00,6,2026-01-08 02:45:43.469422+00,,,2026-01-08 02:45:43.469422+00,
1,1463,2026-01-08,18:30:00,Herman Cantamessi,,true,19000,19:15:00,3,2026-01-08 02:45:43.469422+00,,,2026-01-08 02:45:43.469422+00,
1,1464,2026-01-07,14:30:00,Franco palencia,1151224036,true,16000,15:00:00,4,2026-01-08 02:45:43.469422+00,,,2026-01-08 02:45:43.469422+00,
1,1465,2026-01-09,12:00:00,Ale Fourcade,,true,13000,12:45:00,3,2026-01-08 02:45:43.469422+00,,,2026-01-08 02:45:43.469422+00,
1,1466,2026-01-06,16:30:00,Juan di tocco,1169539200,true,16000,17:00:00,4,2026-01-08 02:45:43.469422+00,,,2026-01-08 02:45:43.469422+00,
5,1467,2026-01-06,15:30:00,Daniel,,true,15000,16:00:00,6,2026-01-08 02:45:43.469422+00,,,2026-01-08 02:45:43.469422+00,
5,1468,2026-01-06,18:00:00,Tio Marcelo,,true,10000,18:30:00,1,2026-01-08 02:45:43.469422+00,,,2026-01-08 02:45:43.469422+00,
5,1469,2026-01-06,17:30:00,Ivan,,true,12500,18:00:00,6,2026-01-08 02:45:43.469422+00,,,2026-01-08 02:45:43.469422+00,
5,1470,2026-01-06,16:30:00,Tato,,true,12500,17:00:00,6,2026-01-08 02:45:43.469422+00,,,2026-01-08 02:45:43.469422+00,
5,1471,2026-01-06,19:15:00,CORTE VALEN,0000000000,false,,19:45:00,1,2026-01-08 02:45:43.469422+00,,,2026-01-08 02:45:43.469422+00,
1,1472,2026-01-08,11:00:00,.,0000000000,false,,11:30:00,1,2026-01-08 02:45:43.469422+00,,,2026-01-08 02:45:43.469422+00,
1,1474,2026-01-08,14:30:00,"Quintin pozo ",1140864708,true,16000,15:00:00,4,2026-01-08 02:45:43.469422+00,,,2026-01-08 02:45:43.469422+00,
1,1475,2026-01-08,12:00:00,"Valentino ",1167869617,true,16000,12:30:00,6,2026-01-08 02:45:43.469422+00,,,2026-01-08 02:45:43.469422+00,
1,1476,2026-01-06,15:30:00,A,,true,11000,16:00:00,1,2026-01-08 02:45:43.469422+00,,,2026-01-08 02:45:43.469422+00,
1,1477,2026-01-07,12:30:00,Franco Concaro,1165121999,true,19000,13:00:00,6,2026-01-08 02:45:43.469422+00,,,2026-01-08 02:45:43.469422+00,
1,1478,2026-01-08,11:30:00,Matias Navarro,,true,15000,12:00:00,6,2026-01-08 02:45:43.469422+00,,,2026-01-08 02:45:43.469422+00,
1,1479,2026-01-06,18:30:00,Lauti Davila,,true,16000,19:00:00,6,2026-01-08 02:45:43.469422+00,,,2026-01-08 02:45:43.469422+00,
5,1480,2026-01-06,16:00:00,Japo,,true,16000,16:30:00,6,2026-01-08 02:45:43.469422+00,,,2026-01-08 02:45:43.469422+00,
1,1481,2026-01-08,15:00:00,benicio buschiazzo,1162290038,true,13000,15:30:00,6,2026-01-08 02:45:43.469422+00,,,2026-01-08 02:45:43.469422+00,
1,1482,2026-01-07,16:30:00,Agustin Ledesma,,true,16000,17:00:00,6,2026-01-08 02:45:43.469422+00,,,2026-01-08 02:45:43.469422+00,
1,1483,2026-01-08,16:15:00,Fede De Carli,,true,16000,17:00:00,3,2026-01-08 02:45:43.469422+00,,,2026-01-08 02:45:43.469422+00,
1,1484,2026-01-09,12:45:00,Mauri Oubiña,1134701110,true,16000,13:15:00,6,2026-01-08 02:45:43.469422+00,,,2026-01-08 02:45:43.469422+00,
1,1485,2026-01-07,16:00:00,Diego,,true,16000,16:30:00,6,2026-01-08 02:45:43.469422+00,,,2026-01-08 02:45:43.469422+00,
1,1486,2026-01-07,19:15:00,Nacho Lamamith,,true,18000,20:00:00,3,2026-01-08 02:45:43.469422+00,,,2026-01-08 02:45:43.469422+00,
1,1487,2026-01-07,15:30:00,Matias Guarella,,true,18000,16:00:00,6,2026-01-08 02:45:43.469422+00,,,2026-01-08 02:45:43.469422+00,
1,1488,2026-01-08,12:30:00,Abuelo Augusto,,true,15000,13:00:00,6,2026-01-08 02:45:43.469422+00,,,2026-01-08 02:45:43.469422+00,
1,1489,2026-01-07,17:00:00,Esteban Malvinas,,true,11000,17:30:00,6,2026-01-08 02:45:43.469422+00,,,2026-01-08 02:45:43.469422+00,
1,1490,2026-01-07,17:30:00,A,,true,15000,18:00:00,6,2026-01-08 02:45:43.469422+00,,,2026-01-08 02:45:43.469422+00,
1,1492,2026-01-07,13:00:00,A,,true,19000,13:30:00,6,2026-01-08 02:45:43.469422+00,,,2026-01-08 02:45:43.469422+00,
1,1493,2026-01-08,15:30:00,Nachoto,,true,10000,16:00:00,6,2026-01-08 02:45:43.469422+00,,,2026-01-08 02:45:43.469422+00,
1,1494,2026-01-09,11:00:00,Naza Gnoffo,,true,13000,11:30:00,6,2026-01-08 13:34:19.583+00,Sebastian Fraga,,2026-01-08 13:34:19.583+00,
1,1495,2026-01-08,18:00:00,Tomi Kaufman,,true,16000,18:30:00,6,2026-01-08 13:37:33.993+00,Sebastian Fraga,,2026-01-08 13:37:33.993+00,
1,1496,2026-01-08,14:00:00,Cento,,true,16000,14:30:00,6,2026-01-08 16:36:11.367+00,Sebastian Fraga,,2026-01-08 16:36:11.367+00,
5,1497,2026-01-15,18:00:00,Gere,,true,13000,18:30:00,6,2026-01-10 17:27:05.371+00,Valentino,,2026-01-10 17:27:05.371+00,
5,1498,2026-01-20,14:00:00,"Juan Bautista Castignani ",1156946866,true,18000,14:45:00,3,2026-01-12 13:55:25.574+00,"Juan Bautista Castignani ",,2026-01-12 13:55:25.574+00,
5,1499,2026-01-15,18:30:00,Matias Butti,1160567617,true,15000,19:00:00,6,2026-01-13 19:52:22.198+00,Matias Butti,,2026-01-13 19:52:22.198+00,
5,1500,2026-01-23,17:00:00,Tara,,true,13000,17:30:00,6,2026-01-14 00:32:40.072+00,Valentino,,2026-01-14 00:32:40.072+00,
5,1501,2026-01-29,16:00:00,Nari,,true,12500,16:30:00,6,2026-01-14 02:22:07.475+00,Valentino,,2026-01-14 02:22:07.475+00,
5,1502,2026-01-21,16:00:00,Zega,,true,13000,16:30:00,6,2026-01-14 04:09:12.421+00,Valentino,,2026-01-14 04:09:12.421+00,
5,1503,2026-01-15,15:00:00,Oliva,,true,15000,15:30:00,6,2026-01-14 15:38:55.991+00,Valentino,,2026-01-14 15:38:55.991+00,
5,1504,2026-01-16,15:00:00,Araque,,true,15000,15:30:00,6,2026-01-14 19:41:25.989+00,Valentino,,2026-01-14 19:41:25.989+00,
5,1505,2026-01-15,17:30:00,Facha,,true,13000,18:00:00,6,2026-01-14 20:38:23.098+00,Valentino,,2026-01-14 20:38:23.098+00,
5,1506,2026-01-15,17:00:00,Benja,,true,13000,17:30:00,6,2026-01-14 23:09:10.821+00,Valentino,,2026-01-14 23:09:10.821+00,
5,1507,2026-01-15,12:00:00,Maidana,,true,15000,12:30:00,6,2026-01-15 02:00:29.085+00,Valentino,,2026-01-15 02:00:29.085+00,
5,1508,2026-01-16,15:30:00,Lulu,,true,15000,16:00:00,6,2026-01-16 05:06:32.527+00,Valentino,,2026-01-16 05:06:32.527+00,
5,1509,2026-01-16,12:15:00,Augusto,,true,15000,12:45:00,6,2026-01-16 15:06:05.371+00,Valentino,,2026-01-16 15:06:05.371+00,
5,1510,2026-01-16,16:00:00,Ariel,,true,15000,16:30:00,6,2026-01-16 16:10:12.491+00,Valentino,,2026-01-16 16:10:12.491+00,
5,1511,2026-01-21,18:00:00,Diego,,true,16000,18:45:00,3,2026-01-17 14:09:13.67+00,Valentino,,2026-01-17 14:09:13.67+00,
5,1512,2026-01-21,18:45:00,Lucas hijo de die,,true,13000,19:15:00,6,2026-01-17 14:09:36.494+00,Valentino,,2026-01-17 14:09:36.494+00,
5,1513,2026-01-17,14:30:00,José Ignacio ezquerra,1166046526,true,15000,15:00:00,4,2026-01-17 14:57:22.168+00,José Ignacio ezquerra,,2026-01-17 14:57:22.168+00,
5,1514,2026-01-17,16:15:00,Roberto,,true,15000,16:45:00,6,2026-01-17 19:46:43.216+00,Valentino,,2026-01-17 19:46:43.216+00,
1,1517,2026-01-21,19:30:00,Julian hoistacher,1123914276,true,16000,20:00:00,6,2026-01-19 21:53:42.971+00,Julian hoistacher,,2026-01-19 21:53:42.971+00,
5,1518,2026-01-20,18:00:00,Firpo,,true,13000,18:30:00,6,2026-01-19 22:37:58.983+00,Valentino,,2026-01-19 22:37:58.983+00,
5,1519,2026-01-21,15:00:00,Hileni,,true,13000,15:30:00,6,2026-01-19 23:21:41.882+00,Valentino,,2026-01-19 23:21:41.882+00,
5,1520,2026-01-23,18:00:00,"Joaquín Bortolotti ",1168562561,true,16000,18:30:00,6,2026-01-20 02:09:04.248+00,"Joaquín Bortolotti ",,2026-01-20 02:09:04.248+00,
5,1522,2026-01-20,11:15:00,Peter,,true,16000,11:45:00,6,2026-01-20 13:30:40.092+00,Valentino,,2026-01-20 13:30:40.092+00,
5,1523,2026-01-20,11:45:00,Hijo Peter,,true,16000,12:15:00,6,2026-01-20 13:30:51.782+00,Valentino,,2026-01-20 13:30:51.782+00,
1,1524,2026-01-20,16:00:00,"Diego ",,true,16000,16:30:00,6,2026-01-20 13:38:18.618+00,Sebastian Fraga,,2026-01-20 13:38:18.618+00,
1,1525,2026-01-21,12:30:00,Oscar,,true,15000,13:15:00,3,2026-01-20 13:38:33.658+00,Sebastian Fraga,,2026-01-20 13:38:33.658+00,
1,1526,2026-01-21,16:15:00,Bauti,,false,,16:45:00,6,2026-01-20 13:38:57.835+00,Sebastian Fraga,,2026-01-20 13:38:57.835+00,
5,1530,2026-01-21,16:30:00,Cris,,true,13000,17:00:00,6,2026-01-20 18:14:40.633+00,Valentino,,2026-01-20 18:14:40.633+00,
5,1531,2026-01-21,17:00:00,Hermano de cris,,true,13000,17:30:00,6,2026-01-20 18:15:02.977+00,Valentino,,2026-01-20 18:15:02.977+00,
5,1532,2026-01-21,17:30:00,Axel,,true,12500,18:00:00,6,2026-01-20 18:15:10.477+00,Valentino,,2026-01-20 18:15:10.477+00,
5,1537,2026-01-21,19:15:00,"Mateo ",1167607442,true,15000,19:45:00,6,2026-01-20 21:17:32.096+00,"Mateo ",,2026-01-20 21:17:32.096+00,
5,1538,2026-01-21,12:00:00,Ivan,,true,16000,12:30:00,6,2026-01-20 21:47:05.171+00,Valentino,,2026-01-20 21:47:05.171+00,
1,1539,2026-01-22,11:15:00,Will,1136896784,true,15000,11:45:00,6,2026-01-20 21:47:35.696+00,Will,,2026-01-20 21:47:35.696+00,
5,1540,2026-01-22,11:45:00,"Juan Ignacio Molina ",1168820931,true,16000,12:15:00,6,2026-01-20 22:38:23.397+00,"Juan Ignacio Molina ",,2026-01-20 22:38:23.397+00,
1,1541,2026-01-21,16:45:00,Juan di tocco,1169539200,true,16000,17:15:00,4,2026-01-21 01:50:38.088+00,Juan di tocco,,2026-01-21 01:50:38.088+00,
1,1542,2026-01-21,17:15:00,Benicio buschiazzo,1162290038,true,13000,17:45:00,6,2026-01-21 02:02:32.591+00,Benicio buschiazzo,,2026-01-21 02:02:32.591+00,
1,1543,2026-01-21,14:30:00,Nahuel Ingravallo,,true,16000,15:00:00,6,2026-01-21 05:39:51.721+00,Sebastian Fraga,,2026-01-21 05:39:51.721+00,
1,1544,2026-01-21,18:45:00,Nacho Lamamith,,true,16000,19:30:00,3,2026-01-21 05:40:42.618+00,Sebastian Fraga,,2026-01-21 05:40:42.618+00,
1,1545,2026-01-23,12:00:00,Nachoto,,true,10000,12:30:00,6,2026-01-21 05:41:12.29+00,Sebastian Fraga,,2026-01-21 05:41:12.29+00,
5,1546,2026-01-21,12:30:00,Cristian Gauna,,true,15000,13:00:00,6,2026-01-21 05:42:32.256+00,Valentino,,2026-01-21 05:42:32.256+00,
1,1547,2026-01-21,12:00:00,Hijo Cristian,,true,15000,12:30:00,6,2026-01-21 05:42:52.31+00,Valentino,,2026-01-21 05:42:52.31+00,
1,1548,2026-01-21,11:00:00,Alfredo,1155770044,true,19000,11:45:00,3,2026-01-21 12:33:00.158+00,Alfredo,,2026-01-21 12:33:00.158+00,
1,1549,2026-01-24,12:00:00,Mati Navarro,,true,16000,12:45:00,3,2026-01-21 13:22:45.78+00,Sebastian Fraga,,2026-01-21 13:22:45.78+00,
1,1550,2026-01-23,17:30:00,Nico Morales,,true,13000,18:00:00,6,2026-01-21 13:23:23.944+00,Sebastian Fraga,,2026-01-21 13:23:23.944+00,
5,1551,2026-01-23,15:45:00,Cato,,true,13000,16:15:00,6,2026-01-21 13:27:35.931+00,Valentino,,2026-01-21 13:27:35.931+00,
1,1552,2026-01-21,15:45:00,Virginia Luna,,true,13000,16:15:00,6,2026-01-21 13:48:22.634+00,Sebastian Fraga,,2026-01-21 13:48:22.634+00,
5,1554,2026-01-21,13:00:00,Eduardo Carr,,true,16000,13:30:00,6,2026-01-21 14:00:09.115+00,Valentino,,2026-01-21 14:00:09.115+00,
1,1555,2026-01-23,16:00:00,"Quintin ",1140864708,true,15000,16:30:00,4,2026-01-21 14:57:20.214+00,"Quintin ",,2026-01-21 14:57:20.214+00,
5,1556,2026-01-23,19:30:00,Tincho,,true,16000,20:00:00,6,2026-01-21 16:29:14.199+00,Valentino,,2026-01-21 16:29:14.199+00,
1,1560,2026-01-23,19:00:00,Fede Perez,,true,16000,19:45:00,3,2026-01-21 19:26:53.27+00,Sebastian Fraga,,2026-01-21 19:26:53.27+00,
1,1561,2026-01-23,18:30:00,Gordo,1165151718,true,13000,19:00:00,6,2026-01-21 20:16:21.442+00,Gordo,,2026-01-21 20:16:21.442+00,
5,1563,2026-01-22,18:30:00,Mateo Patroni,1150043635,true,15000,19:00:00,6,2026-01-22 14:57:45.501+00,Mateo Patroni,,2026-01-22 14:57:45.501+00,
5,1564,2026-01-22,16:45:00,Octavio Gonzalez,1135129571,true,16000,17:15:00,6,2026-01-22 15:22:56.3+00,Octavio Gonzalez,,2026-01-22 15:22:56.3+00,
1,1565,2026-01-23,14:00:00,Emiliano guareschi,1141596914,true,11000,14:30:00,6,2026-01-23 11:55:25.232+00,Emiliano guareschi,,2026-01-23 11:55:25.232+00,
1,1566,2026-01-23,18:00:00,Mauri Oubiña,1134701110,true,15000,18:30:00,6,2026-01-23 12:24:55.399+00,Mauri Oubiña,,2026-01-23 12:24:55.399+00,
5,1567,2026-01-23,19:00:00,Julian aslaterra,,true,16000,19:30:00,6,2026-01-23 14:09:52.381+00,Valentino,,2026-01-23 14:09:52.381+00,
5,1568,2026-01-23,14:30:00,Estanislao Stocca,,true,10000,15:00:00,6,2026-01-23 14:11:51.819+00,Sebastian Fraga,,2026-01-23 14:11:51.819+00,
1,1569,2026-01-23,14:30:00,Nacho Stocca,,true,16000,15:00:00,6,2026-01-23 14:12:07.281+00,Sebastian Fraga,,2026-01-23 14:12:07.281+00,
5,1572,2026-01-23,15:00:00,A,,true,15000,15:30:00,6,2026-01-23 17:51:29.142+00,Valentino,,2026-01-23 17:51:29.142+00,
1,1573,2026-01-23,17:00:00,Juan manuel,1158207385,true,15000,17:30:00,6,2026-01-23 19:01:49.695+00,Juan manuel,,2026-01-23 19:01:49.695+00,
1,1574,2026-01-24,11:30:00,A,,true,15000,12:00:00,6,2026-01-23 22:16:16.569+00,Sebastian Fraga,,2026-01-23 22:16:16.569+00,
5,1575,2026-01-30,12:00:00,Tato,,true,12500,12:30:00,6,2026-01-23 22:21:58.157+00,Valentino,,2026-01-23 22:21:58.157+00,
1,1577,2026-01-27,11:30:00,Ruben,1168930636,true,15000,12:00:00,6,2026-01-26 14:52:23.325+00,Ruben,,2026-01-26 14:52:23.325+00,
1,1578,2026-01-27,18:00:00,Agustin Zaragoci,1157813054,true,16000,18:30:00,6,2026-01-26 15:28:17.227+00,Agustin Zaragoci,,2026-01-26 15:28:17.227+00,
5,1579,2026-01-29,19:30:00,Laureano ezquerra,1140584208,true,16000,20:00:00,4,2026-01-26 18:00:40.451+00,Laureano ezquerra,,2026-01-26 18:00:40.451+00,
5,1581,2026-02-04,15:00:00,Oliva,,true,12500,15:30:00,6,2026-01-26 23:46:39.385+00,Valentino,,2026-01-26 23:46:39.385+00,
1,1583,2026-01-27,18:30:00,"Valentin Oubiña ",1166002902,true,16000,19:00:00,6,2026-01-27 13:12:45.496+00,"Valentin Oubiña ",,2026-01-27 13:12:45.496+00,
1,1584,2026-01-27,12:00:00,Benja Pieruzzini,,true,16000,12:30:00,6,2026-01-27 13:36:12.293+00,Sebastian Fraga,,2026-01-27 13:36:12.293+00,
1,1585,2026-01-29,16:30:00,Nico Morales,,true,13000,17:15:00,3,2026-01-27 13:36:59.23+00,Sebastian Fraga,,2026-01-27 13:36:59.23+00,
1,1586,2026-01-28,17:30:00,Geremias,,true,13000,18:00:00,6,2026-01-27 13:37:22.229+00,Sebastian Fraga,,2026-01-27 13:37:22.229+00,
1,1587,2026-01-27,11:00:00,Juan Tsai,,true,15000,11:30:00,6,2026-01-27 13:39:10.672+00,Sebastian Fraga,,2026-01-27 13:39:10.672+00,
1,1588,2026-01-28,18:45:00,Nacho Crespo,,true,16000,19:30:00,3,2026-01-27 13:43:22.973+00,Sebastian Fraga,,2026-01-27 13:43:22.973+00,
1,1589,2026-01-27,12:30:00,Angel,,true,15000,13:00:00,6,2026-01-27 14:43:53.909+00,Sebastian Fraga,,2026-01-27 14:43:53.909+00,
1,1590,2026-01-27,16:30:00,Lucas gnoffo,1135235520,true,16000,17:00:00,6,2026-01-27 14:54:23.372+00,Lucas gnoffo,,2026-01-27 14:54:23.372+00,
1,1592,2026-01-29,19:00:00,Lorenzo ariotti,1149177040,true,16000,19:30:00,6,2026-01-27 15:52:14.511+00,Lorenzo ariotti,,2026-01-27 15:52:14.511+00,
1,1593,2026-01-27,13:30:00,Telo,,true,19000,14:15:00,3,2026-01-27 16:19:04.531+00,Sebastian Fraga,,2026-01-27 16:19:04.531+00,
1,1594,2026-01-27,13:00:00,ViLo,,true,15000,13:30:00,6,2026-01-27 16:19:36.996+00,Sebastian Fraga,,2026-01-27 16:19:36.996+00,
1,1595,2026-01-27,16:00:00,Fernando,,true,16000,16:30:00,6,2026-01-27 16:57:25.721+00,Sebastian Fraga,,2026-01-27 16:57:25.721+00,
1,1596,2026-01-27,19:00:00,"Ezequiel ",1124612329,true,15000,19:30:00,6,2026-01-27 17:05:54.579+00,"Ezequiel ",,2026-01-27 17:05:54.579+00,
1,1597,2026-01-27,19:30:00,Lauti Virtuani,,true,15000,20:00:00,6,2026-01-27 17:38:42.818+00,Sebastian Fraga,,2026-01-27 17:38:42.818+00,
1,1598,2026-01-30,18:00:00,Ale Fourcade,,true,13000,18:45:00,3,2026-01-27 17:52:17.916+00,Sebastian Fraga,,2026-01-27 17:52:17.916+00,
1,1599,2026-01-28,14:30:00,"Adrián ",1162544401,true,19000,15:15:00,3,2026-01-27 20:27:16.212+00,"Adrián ",,2026-01-27 20:27:16.212+00,
1,1600,2026-01-28,12:00:00,Franco palencia,1151224036,true,16000,12:30:00,4,2026-01-27 20:47:30.18+00,Franco palencia,,2026-01-27 20:47:30.18+00,
5,1601,2026-01-30,14:30:00,Charly,,true,16000,15:00:00,6,2026-01-27 23:38:47.056+00,Valentino,,2026-01-27 23:38:47.056+00,
1,1602,2026-01-28,18:00:00,Virginia Luna,,true,13000,18:45:00,3,2026-01-28 01:18:26.599+00,Sebastian Fraga,,2026-01-28 01:18:26.599+00,
1,1603,2026-01-28,12:30:00,"Darío ",1132447572,true,15000,13:00:00,6,2026-01-28 14:43:57.329+00,"Darío ",,2026-01-28 14:43:57.329+00,
1,1604,2026-01-28,16:00:00,Tomi,,true,16000,16:30:00,6,2026-01-28 14:48:35.312+00,Sebastian Fraga,,2026-01-28 14:48:35.312+00,
5,1605,2026-01-30,15:30:00,Ariel,,true,15000,16:00:00,6,2026-01-28 18:27:33.162+00,Valentino,,2026-01-28 18:27:33.162+00,
1,1606,2026-01-28,19:30:00,Lauti Davila,,true,15000,20:00:00,6,2026-01-28 18:52:00.869+00,Sebastian Fraga,,2026-01-28 18:52:00.869+00,
1,1607,2026-01-28,15:15:00,Vecino,,true,15000,15:45:00,6,2026-01-28 19:01:26.109+00,Sebastian Fraga,,2026-01-28 19:01:26.109+00,
1,1608,2026-01-29,19:30:00,Gabriel Zelaschi,,true,15000,20:00:00,6,2026-01-28 19:50:20.192+00,Valentino,,2026-01-28 19:50:20.192+00,
1,1610,2026-01-31,18:00:00,Horacio,,true,19000,18:30:00,6,2026-01-28 22:10:34.876+00,Sebastian Fraga,,2026-01-28 22:10:34.876+00,
1,1611,2026-01-28,17:00:00,Adrian Bras,,true,15000,17:30:00,6,2026-01-29 00:07:52.2+00,Sebastian Fraga,,2026-01-29 00:07:52.2+00,
1,1612,2026-01-31,18:30:00,Caoba,1111111111,true,16000,19:15:00,3,2026-01-29 15:25:44.908+00,Caoba,,2026-01-29 15:25:44.908+00,
1,1613,2026-01-29,15:00:00,Naza Gnoffo,,true,16000,15:30:00,6,2026-01-29 16:14:02.563+00,Sebastian Fraga,,2026-01-29 16:14:02.563+00,
5,1614,2026-01-31,17:00:00,Gere,,true,13000,17:30:00,6,2026-01-29 17:01:17.902+00,Valentino,,2026-01-29 17:01:17.902+00,
1,1615,2026-01-29,14:00:00,Mati Guarella,,true,19000,14:30:00,6,2026-01-29 17:54:24.18+00,Sebastian Fraga,,2026-01-29 17:54:24.18+00,
1,1616,2026-01-29,14:30:00,Tigre,,true,18000,15:00:00,6,2026-01-29 17:55:16.801+00,Sebastian Fraga,,2026-01-29 17:55:16.801+00,
5,1617,2026-02-06,16:00:00,Panza,,true,12500,16:30:00,6,2026-01-29 18:25:51.672+00,Valentino,,2026-01-29 18:25:51.672+00,
1,1618,2026-02-03,18:30:00,"Lucas Santillan ",1156639446,true,16000,19:00:00,6,2026-01-29 20:02:20.624+00,"Lucas Santillan ",,2026-01-29 20:02:20.624+00,
1,1619,2026-01-30,11:30:00,Rébolo Gastón,1533150679,true,16000,12:00:00,6,2026-01-30 11:47:09.453+00,Rébolo Gastón,,2026-01-30 11:47:09.453+00,
1,1620,2026-01-30,11:00:00,Pablo Ivanoff,,true,16000,11:30:00,6,2026-01-30 13:32:27.346+00,Sebastian Fraga,,2026-01-30 13:32:27.346+00,
1,1622,2026-01-31,12:45:00,"benicio buschiazzo ",1162290038,true,13000,13:15:00,6,2026-01-30 18:06:51.926+00,"benicio buschiazzo ",,2026-01-30 18:06:51.926+00,
5,1623,2026-01-30,15:00:00,A,,true,16000,15:30:00,6,2026-01-30 18:21:58.822+00,Valentino,,2026-01-30 18:21:58.822+00,
5,1624,2026-01-30,18:45:00,b,,true,15000,19:15:00,6,2026-01-30 22:01:49.073+00,Valentino,,2026-01-30 22:01:49.073+00,
5,1625,2026-01-30,19:15:00,c,,true,16000,19:45:00,6,2026-01-30 22:01:55.877+00,Valentino,,2026-01-30 22:01:55.877+00,
1,1626,2026-01-31,14:30:00,Franco,,true,16000,15:00:00,6,2026-01-31 13:48:16.882+00,Sebastian Fraga,,2026-01-31 13:48:16.882+00,
5,1627,2026-01-31,12:45:00,A,,true,15000,13:15:00,6,2026-01-31 16:22:42.035+00,Valentino,,2026-01-31 16:22:42.035+00,
1,1628,2026-01-31,19:15:00,Fede De Carli,,true,16000,20:00:00,3,2026-01-31 18:40:52.449+00,Sebastian Fraga,,2026-01-31 18:40:52.449+00,
1,1629,2026-02-05,15:30:00,"Paco Grimaux ",1130862284,true,16000,16:00:00,6,2026-02-01 17:08:48.384+00,"Paco Grimaux ",,2026-02-01 17:08:48.384+00,
1,1630,2026-02-03,11:30:00,Juan Manuel Grimaux,1166003728,true,16000,12:00:00,6,2026-02-02 16:27:21.118+00,Juan Manuel Grimaux,,2026-02-02 16:27:21.118+00,
1,1631,2026-02-04,13:15:00,Rodrigo Llanos,1111111111,true,16000,13:45:00,6,2026-02-02 16:56:39.038+00,Juanchi Sambusetti,,2026-02-02 16:56:39.038+00,
1,1632,2026-02-03,19:15:00,"Franco Concaro ",1165121999,true,19000,20:00:00,3,2026-02-03 00:23:23.287+00,"Franco Concaro ",,2026-02-03 00:23:23.287+00,
1,1633,2026-02-03,12:15:00,Vir Luna,2222222222,true,13000,12:45:00,6,2026-02-03 01:10:05.931+00,Vir Luna,,2026-02-03 01:10:05.931+00,
1,1634,2026-02-03,12:45:00,Gustavo Morales,,true,15000,13:30:00,3,2026-02-03 01:10:51.393+00,Sebastian Fraga,,2026-02-03 01:10:51.393+00,
1,1636,2026-02-03,13:30:00,"Nahuel Moizello ",,true,15000,14:00:00,6,2026-02-03 16:34:02.02+00,Sebastian Fraga,,2026-02-03 16:34:02.02+00,
1,1637,2026-02-05,18:00:00,Tomi Kaufman,,true,16000,18:30:00,6,2026-02-03 17:47:52.693+00,Valentino,,2026-02-03 17:47:52.693+00,
5,1638,2026-02-03,19:00:00,B,1122334455,true,15000,19:30:00,6,2026-02-03 17:58:03.472+00,Roberto Garcia,,2026-02-03 17:58:03.472+00,
5,1639,2026-02-03,17:30:00,"Santiago ",1122334455,true,15000,18:00:00,6,2026-02-03 18:02:44.832+00,"Santiago ",,2026-02-03 18:02:44.832+00,
1,1641,2026-02-06,17:45:00,"Nicolas Morales ",1133445566,true,13000,18:15:00,6,2026-02-03 18:22:01.514+00,"Nicolas Morales ",,2026-02-03 18:22:01.514+00,
1,1642,2026-02-04,12:45:00,Juan Di Tocco,,true,15000,13:15:00,6,2026-02-03 18:25:22.268+00,Sebastian Fraga,,2026-02-03 18:25:22.268+00,
5,1643,2026-02-03,18:00:00,"Kitas ",,true,19000,18:30:00,6,2026-02-03 18:26:18.69+00,Valentino,,2026-02-03 18:26:18.69+00,
1,1644,2026-02-05,18:30:00,"Nacho Lamamith ",1122334555,true,16000,19:15:00,3,2026-02-03 18:39:39.859+00,"Nacho Lamamith ",,2026-02-03 18:39:39.859+00,
5,1645,2026-02-04,18:00:00,Juan,1151649514,true,15000,18:30:00,6,2026-02-03 18:40:29.045+00,Juan,,2026-02-03 18:40:29.045+00,
5,1646,2026-02-03,15:30:00,A,,true,15000,16:00:00,6,2026-02-03 18:48:27.439+00,Valentino,,2026-02-03 18:48:27.439+00,
1,1647,2026-02-03,19:00:00,A,,true,16000,19:30:00,6,2026-02-03 21:55:14.51+00,Sebastian Fraga,,2026-02-03 21:55:14.51+00,
5,1648,2026-02-05,15:30:00,Araque,,true,12500,16:00:00,6,2026-02-03 22:08:42.287+00,Valentino,,2026-02-03 22:08:42.287+00,
5,1651,2026-02-07,15:00:00,Laureano ezquerra,1140584208,true,15000,15:30:00,6,2026-02-04 11:59:45.375+00,Laureano ezquerra,,2026-02-04 11:59:45.375+00,
1,1652,2026-02-07,12:00:00,Matias De Carli,1121938635,true,16000,12:45:00,3,2026-02-04 12:14:57.508+00,Matias De Carli,,2026-02-04 12:14:57.508+00,
1,1653,2026-02-07,12:45:00,"Mati Navarro ",,true,15000,13:30:00,3,2026-02-04 13:47:00.235+00,Sebastian Fraga,,2026-02-04 13:47:00.235+00,
5,1654,2026-02-06,15:00:00,Lulu,,true,12500,15:30:00,6,2026-02-04 14:43:58.762+00,Valentino,,2026-02-04 14:43:58.762+00,
1,1655,2026-02-05,11:30:00,Keki,1136525482,true,16000,12:00:00,6,2026-02-04 18:41:56.631+00,Keki,,2026-02-04 18:41:56.631+00,
5,1656,2026-02-04,17:00:00,Facha,,true,12500,17:30:00,6,2026-02-04 19:37:53.694+00,Valentino,,2026-02-04 19:37:53.694+00,
5,1657,2026-02-05,13:00:00,"Lautaro ",1164115200,true,16000,13:30:00,6,2026-02-04 23:08:33.609+00,"Lautaro ",,2026-02-04 23:08:33.609+00,
1,1658,2026-02-05,13:00:00,Juan AA,1164115200,true,16000,13:30:00,6,2026-02-04 23:08:47.954+00,Juan,,2026-02-04 23:08:47.954+00,
5,1659,2026-02-04,18:30:00,B,,true,16000,19:00:00,6,2026-02-04 23:18:40.312+00,Valentino,,2026-02-04 23:18:40.312+00,
5,1660,2026-02-04,17:30:00,A,,true,16000,18:00:00,6,2026-02-04 23:18:53.307+00,Valentino,,2026-02-04 23:18:53.307+00,
1,1662,2026-02-06,11:00:00,Franco Funes,,true,16000,11:45:00,3,2026-02-05 04:55:31.193+00,Sebastian Fraga,,2026-02-05 04:55:31.193+00,
1,1664,2026-02-05,13:30:00,Nachoto,,true,10000,14:00:00,6,2026-02-05 12:50:12.801+00,Sebastian Fraga,,2026-02-05 12:50:12.801+00,
1,1665,2026-02-06,18:15:00,Lucas gnoffo,1135235520,true,16000,18:45:00,6,2026-02-05 15:28:51.455+00,Lucas gnoffo,,2026-02-05 15:28:51.455+00,
1,1666,2026-02-06,11:45:00,Will,1136896784,true,15000,12:15:00,6,2026-02-05 16:04:13.633+00,Will,,2026-02-05 16:04:13.633+00,
5,1667,2026-02-05,12:15:00,A,,true,19000,13:00:00,3,2026-02-05 16:22:41.846+00,Valentino,,2026-02-05 16:22:41.846+00,
1,1668,2026-02-05,19:15:00,Nacho Stocca,,true,11000,20:00:00,3,2026-02-05 16:34:18.775+00,Sebastian Fraga,,2026-02-05 16:34:18.775+00,
5,1669,2026-02-05,19:00:00,Estanislao Stocca,,true,19000,19:30:00,1,2026-02-05 16:34:37.176+00,Valentino,,2026-02-05 16:34:37.176+00,
5,1672,2026-02-05,16:15:00,"Diego ",,true,19000,17:00:00,3,2026-02-05 18:31:51.619+00,Valentino,,2026-02-05 18:31:51.619+00,
5,1673,2026-02-05,17:45:00,Cristian,,true,19000,18:30:00,3,2026-02-05 19:12:00.568+00,Valentino,,2026-02-05 19:12:00.568+00,
1,1674,2026-02-05,17:30:00,Hijo cristian,,true,16000,18:00:00,6,2026-02-05 19:34:43.271+00,Sebastian Fraga,,2026-02-05 19:34:43.271+00,
5,1675,2026-02-05,17:00:00,Lucas Fabre,,true,19000,17:45:00,3,2026-02-05 20:26:40.317+00,Valentino,,2026-02-05 20:26:40.317+00,
5,1676,2026-02-05,14:45:00,A,,true,15000,15:15:00,6,2026-02-05 20:27:11.465+00,Valentino,,2026-02-05 20:27:11.465+00,
1,1677,2026-02-06,16:00:00,Santi,,true,15000,16:30:00,6,2026-02-05 23:03:07.75+00,Sebastian Fraga,,2026-02-05 23:03:07.75+00,
5,1679,2026-02-06,14:30:00,Mateo,1167607442,true,16000,15:00:00,6,2026-02-06 12:06:24.345+00,Mateo,,2026-02-06 12:06:24.345+00,
5,1680,2026-02-06,12:15:00,"Agustín ",1153846974,true,15000,12:45:00,6,2026-02-06 14:44:01.435+00,"Agustín ",,2026-02-06 14:44:01.435+00,
1,1681,2026-02-06,19:15:00,Mauri Oubiña,1134701110,true,15000,19:45:00,6,2026-02-06 14:55:25.808+00,Mauri Oubiña,,2026-02-06 14:55:25.808+00,
5,1684,2026-02-06,17:00:00,Matías Butti,1160567617,true,16000,17:30:00,6,2026-02-06 16:12:58.207+00,Matías Butti,,2026-02-06 16:12:58.207+00,
5,1685,2026-02-07,17:00:00,CORTE SEBA,0000000000,false,,17:30:00,1,2026-02-06 16:34:16.172+00,Sebastian Fraga,,2026-02-06 16:34:16.172+00,
1,1686,2026-02-07,16:00:00,"Francisco Montaldo ",1154842834,true,16000,16:30:00,6,2026-02-06 16:57:37.608+00,"Francisco Montaldo ",,2026-02-06 16:57:37.608+00,
5,1687,2026-02-07,11:00:00,Ezequiel alvarez,1134226452,true,18000,11:45:00,3,2026-02-06 19:18:50.809+00,Ezequiel alvarez,,2026-02-06 19:18:50.809+00,
5,1688,2026-02-06,15:30:00,Viejo,,true,15000,16:00:00,6,2026-02-06 19:30:06.204+00,Valentino,,2026-02-06 19:30:06.204+00,
5,1694,2026-02-06,17:30:00,Nacho,,true,15000,18:00:00,6,2026-02-06 20:00:51.698+00,Valentino,,2026-02-06 20:00:51.698+00,
5,1696,2026-02-06,18:30:00,A,,true,15000,19:00:00,6,2026-02-06 22:04:36.776+00,Valentino,,2026-02-06 22:04:36.776+00,
1,1697,2026-02-06,18:45:00,Tio Ariel,,true,15000,19:15:00,6,2026-02-06 22:08:59.79+00,Sebastian Fraga,,2026-02-06 22:08:59.79+00,
1,1698,2026-02-06,19:45:00,Fede Gago,,true,15000,20:15:00,6,2026-02-06 22:09:15.696+00,Sebastian Fraga,,2026-02-06 22:09:15.696+00,
5,1699,2026-02-06,19:30:00,A,,true,15000,20:00:00,6,2026-02-06 22:09:49.753+00,Valentino,,2026-02-06 22:09:49.753+00,
5,1702,2026-02-07,11:45:00,Tato,,true,12500,12:15:00,6,2026-02-07 01:45:35.865+00,Valentino,,2026-02-07 01:45:35.865+00,
5,1704,2026-02-07,16:30:00,Feli,,true,12500,17:00:00,6,2026-02-07 04:08:26.76+00,Valentino,,2026-02-07 04:08:26.76+00,
1,1705,2026-02-07,15:30:00,Lauti Virtuani,,true,16000,16:00:00,6,2026-02-07 09:11:40.951+00,Sebastian Fraga,,2026-02-07 09:11:40.951+00,
1,1708,2026-02-07,11:00:00,Joel,1127496359,true,16000,11:30:00,6,2026-02-07 12:04:19.319+00,Joel,,2026-02-07 12:04:19.319+00,
1,1712,2026-02-07,15:00:00,Disca CAP (Daniel),,true,15000,15:30:00,6,2026-02-07 16:28:44.487+00,Sebastian Fraga,,2026-02-07 16:28:44.487+00,
5,1713,2026-02-07,16:00:00,A,,true,16000,16:30:00,6,2026-02-07 16:29:16.951+00,Valentino,,2026-02-07 16:29:16.951+00,
5,1714,2026-02-07,13:30:00,ALMUERZO,0000000000,false,,14:30:00,1,2026-02-07 16:30:13.684+00,Valentino,,2026-02-07 16:30:13.684+00,
5,1715,2026-02-07,17:30:00,A,0000000000,false,,19:45:00,1,2026-02-07 16:31:34.781+00,Valentino,,2026-02-07 16:31:34.781+00,
5,1716,2026-02-07,15:30:00,Roberto Garcia,,true,15000,16:00:00,6,2026-02-07 16:51:03.608+00,Valentino,,2026-02-07 16:51:03.608+00,
1,1718,2026-02-12,14:00:00,Juan Bautista Castignani,1156946866,true,19000,14:45:00,3,2026-02-07 21:59:04.652+00,Juan Bautista Castignani,,2026-02-07 21:59:04.652+00,
1,1719,2026-02-11,12:15:00,Juan Ignacio Sambuceti,1123050417,true,18000,13:00:00,3,2026-02-10 13:38:48.97+00,Juan Ignacio Sambuceti,,2026-02-10 13:38:48.97+00,
1,1721,2026-02-10,12:30:00,Pablo Fiedler,1153698567,true,15000,13:00:00,6,2026-02-10 14:55:42.071+00,Sebastian Fraga,,2026-02-10 14:55:42.071+00,
1,1722,2026-02-12,19:30:00,Matias Navarro,,true,16000,20:15:00,3,2026-02-10 14:58:33.012+00,Sebastian Fraga,,2026-02-10 14:58:33.012+00,
1,1723,2026-02-13,18:30:00,Ale Fourcade,,true,13000,19:00:00,6,2026-02-10 14:59:03.338+00,Sebastian Fraga,,2026-02-10 14:59:03.338+00,
1,1724,2026-02-12,17:00:00,Nicolas Morales,,true,13000,17:30:00,6,2026-02-10 14:59:21.613+00,Sebastian Fraga,,2026-02-10 14:59:21.613+00,
1,1725,2026-02-10,16:00:00,Benja Pieruzzini,,true,15000,16:30:00,6,2026-02-10 16:03:08.399+00,Sebastian Fraga,,2026-02-10 16:03:08.399+00,
1,1726,2026-02-13,15:00:00,benicio,1162290038,true,13000,15:30:00,6,2026-02-10 17:51:40.297+00,benicio,,2026-02-10 17:51:40.297+00,
1,1727,2026-02-10,15:30:00,Lauti Davila,,true,16000,16:00:00,6,2026-02-10 19:03:58.724+00,Sebastian Fraga,,2026-02-10 19:03:58.724+00,
1,1728,2026-02-10,16:30:00,Gustavo Weber,,true,16000,17:00:00,6,2026-02-10 19:28:08.07+00,Sebastian Fraga,,2026-02-10 19:28:08.07+00,
1,1729,2026-02-10,17:00:00,Augusto Suppa,,true,16000,17:30:00,6,2026-02-10 20:10:25.154+00,Sebastian Fraga,,2026-02-10 20:10:25.154+00,
1,1730,2026-02-11,15:30:00,Agus Ledesma,,true,16000,16:00:00,6,2026-02-10 23:01:53.669+00,Sebastian Fraga,,2026-02-10 23:01:53.669+00,
1,1731,2026-02-12,18:00:00,"Emiliano Guareschi ",1141596914,true,15000,18:30:00,6,2026-02-11 15:53:55.316+00,"Emiliano Guareschi ",,2026-02-11 15:53:55.316+00,
1,1732,2026-02-13,11:30:00,Ariel Peña,,true,16000,12:00:00,6,2026-02-11 16:21:28.49+00,Sebastian Fraga,,2026-02-11 16:21:28.49+00,
1,1733,2026-02-11,17:00:00,Joaquin,,true,16000,17:30:00,6,2026-02-11 16:59:29.948+00,Sebastian Fraga,,2026-02-11 16:59:29.948+00,
5,1735,2026-02-14,11:00:00,VACACIONES,0000000000,false,,20:00:00,1,2026-02-11 18:06:46.044+00,Valentino,,2026-02-11 18:06:46.044+00,
5,1736,2026-02-13,11:00:00,VACACIONES,0000000000,false,,20:00:00,1,2026-02-11 18:06:46.012+00,Valentino,,2026-02-11 18:06:46.012+00,
1,1739,2026-02-14,13:30:00,ALMUERZO,0000000000,false,,14:00:00,1,2026-02-11 18:08:04.541+00,Sebastian Fraga,,2026-02-11 18:08:04.541+00,
1,1740,2026-02-19,13:00:00,ALMUERZO,0000000000,false,,14:00:00,1,2026-02-11 18:08:04.607+00,Sebastian Fraga,,2026-02-11 18:08:04.607+00,
1,1741,2026-02-13,13:00:00,ALMUERZO,0000000000,false,,14:00:00,1,2026-02-11 18:08:04.542+00,Sebastian Fraga,,2026-02-11 18:08:04.542+00,
1,1742,2026-02-17,13:00:00,ALMUERZO,0000000000,false,,14:00:00,1,2026-02-11 18:08:04.557+00,Sebastian Fraga,,2026-02-11 18:08:04.557+00,
1,1743,2026-02-18,13:30:00,ALMUERZO,0000000000,false,,14:30:00,1,2026-02-11 18:08:04.595+00,Sebastian Fraga,,2026-02-11 18:08:04.595+00,
1,1744,2026-02-13,17:00:00,Geremias,,true,13000,17:30:00,6,2026-02-11 20:24:13.271+00,Sebastian Fraga,,2026-02-11 20:24:13.271+00,
1,1746,2026-02-13,19:00:00,Lauti Virtuani,,true,15000,19:30:00,6,2026-02-11 21:20:37.237+00,Sebastian Fraga,,2026-02-11 21:20:37.237+00,
1,1747,2026-02-11,19:00:00,A,,true,15000,19:30:00,6,2026-02-11 22:19:29.256+00,Sebastian Fraga,,2026-02-11 22:19:29.256+00,
1,1748,2026-02-11,19:30:00,Guillermo Gaetan,,true,15000,20:00:00,6,2026-02-11 22:19:37.494+00,Sebastian Fraga,,2026-02-11 22:19:37.494+00,
1,1749,2026-02-12,16:30:00,"Quintin pozo ",1140864708,true,15000,17:00:00,4,2026-02-12 00:45:30.584+00,"Quintin pozo ",,2026-02-12 00:45:30.584+00,
1,1750,2026-02-13,16:00:00,"Valentino ",1167869617,true,16000,16:30:00,6,2026-02-12 13:30:23.345+00,"Valentino ",,2026-02-12 13:30:23.345+00,
1,1751,2026-02-14,11:30:00,Facundo,,true,16000,12:00:00,6,2026-02-12 14:20:16.389+00,Sebastian Fraga,,2026-02-12 14:20:16.389+00,
1,1752,2026-02-13,15:30:00,Fede Chavano,,true,15000,16:00:00,6,2026-02-12 16:58:35.747+00,Sebastian Fraga,,2026-02-12 16:58:35.747+00,
1,1753,2026-02-12,19:00:00,"Ezequiel ",1124612329,true,15000,19:30:00,6,2026-02-12 19:52:10.107+00,"Ezequiel ",,2026-02-12 19:52:10.107+00,
1,1754,2026-02-19,17:00:00,Nico Morales,,true,13000,17:30:00,6,2026-02-12 20:16:05.378+00,Sebastian Fraga,,2026-02-12 20:16:05.378+00,
1,1755,2026-02-12,17:30:00,Tomas Suarez,,true,16000,18:00:00,6,2026-02-12 20:16:44.119+00,Sebastian Fraga,,2026-02-12 20:16:44.119+00,
1,1756,2026-02-12,18:30:00,Viejo CAI,,true,15000,19:00:00,6,2026-02-12 22:51:00.261+00,Sebastian Fraga,,2026-02-12 22:51:00.261+00,
1,1757,2026-02-14,14:00:00,Matias De Carli,1121938635,true,16000,14:30:00,2,2026-02-13 11:04:03.734+00,Matias De Carli,,2026-02-13 11:04:03.734+00,
1,1758,2026-02-13,17:30:00,Lucho Davila,,true,15000,18:00:00,6,2026-02-13 11:52:47.278+00,Sebastian Fraga,,2026-02-13 11:52:47.278+00,
1,1759,2026-02-13,12:30:00,Juan Di Tocco,1169539200,true,16000,13:00:00,4,2026-02-13 13:44:26.453+00,Juan Di Tocco,,2026-02-13 13:44:26.453+00,
1,1760,2026-02-14,11:00:00,Virginia Luna,,true,13000,11:30:00,6,2026-02-13 15:57:26.933+00,Sebastian Fraga,,2026-02-13 15:57:26.933+00,
5,1761,2026-02-25,13:00:00,ALMUERZO,0000000000,false,,14:00:00,1,2026-02-13 17:57:33.126+00,Valentino,,2026-02-13 17:57:33.126+00,
5,1762,2026-02-26,13:00:00,ALMUERZO,0000000000,false,,14:00:00,1,2026-02-13 17:57:33.132+00,Valentino,,2026-02-13 17:57:33.132+00,
5,1763,2026-02-19,13:00:00,ALMUERZO,0000000000,false,,14:00:00,1,2026-02-13 17:57:33.124+00,Valentino,,2026-02-13 17:57:33.124+00,
5,1764,2026-02-23,13:00:00,ALMUERZO,0000000000,false,,14:00:00,1,2026-02-13 17:57:33.124+00,Valentino,,2026-02-13 17:57:33.124+00,
5,1765,2026-02-28,13:00:00,ALMUERZO,0000000000,false,,14:00:00,1,2026-02-13 17:57:33.212+00,Valentino,,2026-02-13 17:57:33.212+00,
5,1766,2026-02-21,13:00:00,ALMUERZO,0000000000,false,,14:00:00,1,2026-02-13 17:57:33.367+00,Valentino,,2026-02-13 17:57:33.367+00,
5,1767,2026-02-20,13:00:00,ALMUERZO,0000000000,false,,14:00:00,1,2026-02-13 17:57:33.127+00,Valentino,,2026-02-13 17:57:33.127+00,
5,1768,2026-02-22,13:00:00,ALMUERZO,0000000000,false,,14:00:00,1,2026-02-13 17:57:33.144+00,Valentino,,2026-02-13 17:57:33.144+00,
5,1769,2026-02-18,11:00:00,ALMUERZO,0000000000,false,,19:45:00,1,2026-02-13 17:57:33.702+00,Valentino,,2026-02-13 17:57:33.702+00,
5,1771,2026-02-27,13:00:00,ALMUERZO,0000000000,false,,14:00:00,1,2026-02-13 17:57:33.714+00,Valentino,,2026-02-13 17:57:33.714+00,
5,1772,2026-02-24,13:00:00,ALMUERZO,0000000000,false,,14:00:00,1,2026-02-13 17:57:33.744+00,Valentino,,2026-02-13 17:57:33.744+00,
1,1773,2026-02-13,18:00:00,Diego AA,1160467968,true,16000,18:30:00,6,2026-02-13 21:29:27.69+00,Sebastian Fraga,,2026-02-13 21:29:27.69+00,
1,1774,2026-02-13,19:30:00,Nahuel Parrilla,1168507699,true,15000,20:00:00,6,2026-02-13 23:04:41.204+00,Sebastian Fraga,,2026-02-13 23:04:41.204+00,
1,1775,2026-02-14,12:30:00,Gabriel,1167332798,true,19000,13:00:00,6,2026-02-14 12:08:05.081+00,Gabriel,,2026-02-14 12:08:05.081+00,
1,1776,2026-02-14,14:30:00,Laureano ezquerra,1140584208,true,15000,15:00:00,6,2026-02-14 13:15:44.209+00,Laureano ezquerra,,2026-02-14 13:15:44.209+00,
1,1777,2026-02-14,12:00:00,Sordo,,true,15000,12:30:00,6,2026-02-14 16:02:21.081+00,Sebastian Fraga,,2026-02-14 16:02:21.081+00,
1,1778,2026-02-14,13:00:00,a,,true,15000,13:30:00,6,2026-02-14 16:02:27.093+00,Sebastian Fraga,,2026-02-14 16:02:27.093+00,
1,1779,2026-02-14,15:00:00,Alejandro Cicero,1140810108,true,15000,15:30:00,6,2026-02-14 16:11:28.732+00,Alejandro Cicero,,2026-02-14 16:11:28.732+00,
1,1780,2026-02-14,15:30:00,Mati Rodriguez,,true,16000,16:00:00,6,2026-02-14 17:03:24.595+00,Sebastian Fraga,,2026-02-14 17:03:24.595+00,
1,1781,2026-02-14,16:00:00,Joel Krieger,,true,15000,16:30:00,6,2026-02-14 21:28:39.307+00,Sebastian Fraga,,2026-02-14 21:28:39.307+00,
1,1782,2026-02-17,17:30:00,Brian CINE,,true,15000,18:00:00,6,2026-02-17 21:00:48.218+00,Sebastian Fraga,,2026-02-17 21:00:48.218+00,
1,1783,2026-02-17,18:00:00,Hijo Fernando CASLA,,true,16000,18:30:00,6,2026-02-17 21:00:56.702+00,Sebastian Fraga,,2026-02-17 21:00:56.702+00,
1,1784,2026-02-21,13:00:00,PLATENSE,0000000000,false,,19:45:00,1,2026-02-17 21:02:57.65+00,Sebastian Fraga,,2026-02-17 21:02:57.65+00,
1,1785,2026-02-20,13:00:00,ALMUERZO,0000000000,false,,14:00:00,1,2026-02-17 21:02:57.696+00,Sebastian Fraga,,2026-02-17 21:02:57.696+00,
1,1786,2026-02-28,13:00:00,ALMUERZO,0000000000,false,,14:00:00,1,2026-02-17 21:02:57.746+00,Sebastian Fraga,,2026-02-17 21:02:57.746+00,
1,1787,2026-02-22,13:00:00,ALMUERZO,0000000000,false,,14:00:00,1,2026-02-17 21:02:57.741+00,Sebastian Fraga,,2026-02-17 21:02:57.741+00,
1,1788,2026-02-27,13:00:00,ALMUERZO,0000000000,false,,14:00:00,1,2026-02-17 21:02:57.76+00,Sebastian Fraga,,2026-02-17 21:02:57.76+00,
1,1789,2026-02-25,13:00:00,ALMUERZO,0000000000,false,,14:00:00,1,2026-02-17 21:02:57.802+00,Sebastian Fraga,,2026-02-17 21:02:57.802+00,
1,1790,2026-02-24,12:00:00,ALMUERZO,0000000000,false,,19:45:00,1,2026-02-17 21:02:57.788+00,Sebastian Fraga,,2026-02-17 21:02:57.788+00,
1,1791,2026-02-23,13:00:00,ALMUERZO,0000000000,false,,14:00:00,1,2026-02-17 21:02:57.753+00,Sebastian Fraga,,2026-02-17 21:02:57.753+00,
1,1792,2026-02-26,13:00:00,ALMUERZO,0000000000,false,,14:00:00,1,2026-02-17 21:02:58.428+00,Sebastian Fraga,,2026-02-17 21:02:58.428+00,
1,1795,2026-02-18,16:30:00,Martin Virtuani,,true,15000,17:00:00,6,2026-02-18 13:15:29.433+00,Sebastian Fraga,,2026-02-18 13:15:29.433+00,
1,1796,2026-02-18,11:30:00,Adrian COLO,,true,19000,12:15:00,3,2026-02-18 13:15:42.486+00,Sebastian Fraga,,2026-02-18 13:15:42.486+00,
1,1797,2026-02-18,13:00:00,Nachoto,,true,10000,13:30:00,6,2026-02-18 13:16:28.885+00,Sebastian Fraga,,2026-02-18 13:16:28.885+00,
1,1798,2026-02-18,12:15:00,Mateo castro,1167607442,true,15000,12:45:00,6,2026-02-18 13:21:59.925+00,Mateo castro,,2026-02-18 13:21:59.925+00,
5,1799,2026-02-20,19:00:00,Adrian,1162544401,true,19000,19:45:00,3,2026-02-18 15:52:11.229+00,Adrian,,2026-02-18 15:52:11.229+00,
1,1800,2026-02-18,16:00:00,Alfredo Guzman,1155770044,true,19000,16:30:00,6,2026-02-18 16:09:35.564+00,Alfredo,,2026-02-18 16:09:35.564+00,
1,1801,2026-02-18,17:00:00,Mariano Netflix,,true,19000,17:45:00,3,2026-02-18 17:37:40.948+00,Sebastian Fraga,,2026-02-18 17:37:40.948+00,
1,1802,2026-02-19,18:00:00,Marido Alicia,,true,15000,18:30:00,6,2026-02-18 18:11:47.92+00,Sebastian Fraga,,2026-02-18 18:11:47.92+00,
1,1803,2026-02-19,18:30:00,Amigo Marido Alicia,,true,15000,19:00:00,6,2026-02-18 18:12:01.079+00,Sebastian Fraga,,2026-02-18 18:12:01.079+00,
1,1804,2026-02-18,15:30:00,Japo,1126714213,true,16000,16:00:00,6,2026-02-18 18:55:04.386+00,Sebastian Fraga,,2026-02-18 18:55:04.386+00,
1,1805,2026-02-19,19:00:00,Nacho Lamamith,,true,16000,19:45:00,3,2026-02-18 19:46:35.292+00,Sebastian Fraga,,2026-02-18 19:46:35.292+00,
1,1806,2026-02-18,17:45:00,Vidrieria,,true,15000,18:15:00,6,2026-02-18 20:21:16.73+00,Sebastian Fraga,,2026-02-18 20:21:16.73+00,
1,1807,2026-02-18,18:45:00,Kevin PENIA CAP,,true,15000,19:15:00,6,2026-02-18 22:10:53.514+00,Sebastian Fraga,,2026-02-18 22:10:53.514+00,
1,1808,2026-02-19,17:30:00,Fabian Induti,1150550453,true,15000,18:00:00,6,2026-02-19 01:16:48.138+00,Fabian Induti,,2026-02-19 01:16:48.138+00,
5,1809,2026-02-19,14:15:00,Agustín Barazal,1171658187,true,15000,14:45:00,6,2026-02-19 03:17:33.977+00,Agustín Barazal,,2026-02-19 03:17:33.977+00,
1,1810,2026-02-19,12:00:00,Will,1136896784,true,15000,12:30:00,6,2026-02-19 13:03:36.125+00,Will,,2026-02-19 13:03:36.125+00,
5,1813,2026-02-21,15:00:00,Gere,,true,13000,15:30:00,6,2026-02-19 14:43:20.806+00,Valentino,,2026-02-19 14:43:20.806+00,
1,1814,2026-02-19,12:30:00,Pablo Ivanoff,,true,16000,13:00:00,6,2026-02-19 14:56:01.707+00,Sebastian Fraga,,2026-02-19 14:56:01.707+00,
1,1815,2026-02-19,14:45:00,Tomas Raimondo,1554002033,true,16000,15:15:00,6,2026-02-19 16:15:21.881+00,Tomas Raimondo,,2026-02-19 16:15:21.881+00,
5,1816,2026-02-19,17:00:00,Diego,,true,16000,17:30:00,6,2026-02-19 17:41:53.224+00,Valentino,,2026-02-19 17:41:53.224+00,
5,1817,2026-02-21,16:45:00,Markus,,true,12500,17:15:00,6,2026-02-19 17:52:36.069+00,Valentino,,2026-02-19 17:52:36.069+00,
1,1818,2026-02-20,14:30:00,Juan di tocco,1169539200,true,16000,15:00:00,4,2026-02-19 21:43:09.64+00,Juan di tocco,,2026-02-19 21:43:09.64+00,
1,1819,2026-02-20,14:00:00,Mauri Oubiña,1134701110,true,16000,14:30:00,6,2026-02-19 21:45:36.198+00,Mauri Oubiña,,2026-02-19 21:45:36.198+00,
1,1820,2026-02-19,16:30:00,Alejandro Arroyo Seco,1123261125,true,15000,17:00:00,6,2026-02-19 22:03:43.776+00,Sebastian Fraga,,2026-02-19 22:03:43.776+00,
1,1821,2026-02-20,17:15:00,Lauti Virtuani,,true,15000,18:00:00,3,2026-02-19 23:19:37.322+00,Sebastian Fraga,,2026-02-19 23:19:37.322+00,
5,1825,2026-12-31,18:00:00,Martin,,true,0,18:30:00,6,2026-02-20 15:14:34.24+00,Valentino,,2026-02-20 15:14:34.24+00,
1,1826,2026-02-21,12:00:00,benicio buschiazzo,1162290038,true,13000,12:30:00,6,2026-02-20 16:16:44.933+00,benicio buschiazzo,,2026-02-20 16:16:44.933+00,
1,1827,2026-02-20,18:00:00,Virginia Luna,,true,13000,18:30:00,6,2026-02-20 16:24:30.601+00,Sebastian Fraga,,2026-02-20 16:24:30.601+00,
5,1828,2026-02-21,12:30:00,Julian Aslaterra,,true,16000,13:00:00,6,2026-02-20 16:30:31.564+00,Valentino,,2026-02-20 16:30:31.564+00,
5,1829,2026-02-21,12:00:00,Ivi,,true,12500,12:30:00,6,2026-02-20 16:31:54.428+00,Valentino,,2026-02-20 16:31:54.428+00,
5,1830,2026-02-20,15:30:00,A,,true,16000,16:00:00,6,2026-02-20 19:03:35.87+00,Valentino,,2026-02-20 19:03:35.87+00,
5,1831,2026-02-21,14:30:00,Laureano ezquerra,1140584208,true,15000,15:00:00,6,2026-02-20 19:40:09.288+00,Laureano ezquerra,,2026-02-20 19:40:09.288+00,
5,1832,2026-02-20,17:30:00,B,,true,15000,18:00:00,6,2026-02-20 20:44:20.451+00,Valentino,,2026-02-20 20:44:20.451+00,
5,1834,2026-02-21,11:00:00,Brayan,,true,15000,11:30:00,6,2026-02-20 22:31:42.172+00,Valentino,,2026-02-20 22:31:42.172+00,
5,1835,2026-02-25,12:00:00,Cato,,true,12500,12:30:00,6,2026-02-21 03:48:18.868+00,Valentino,,2026-02-21 03:48:18.868+00,
1,1837,2026-02-21,12:30:00,A,,true,15000,13:00:00,6,2026-02-21 16:23:26.103+00,Sebastian Fraga,,2026-02-21 16:23:26.103+00,
5,1838,2026-02-21,15:30:00,"Darío castro ",1132447572,true,16000,16:00:00,4,2026-02-21 18:12:39.033+00,"Darío castro ",,2026-02-21 18:12:39.033+00,
5,1840,2026-02-21,16:00:00,A,,true,19000,16:45:00,3,2026-02-21 20:01:06.721+00,Valentino,,2026-02-21 20:01:06.721+00,
5,1841,2026-02-24,19:00:00,"Joaquín Bortolotti ",1168562561,true,15000,19:30:00,6,2026-02-22 00:10:56.087+00,"Joaquín Bortolotti ",,2026-02-22 00:10:56.087+00,
5,1842,2026-02-24,19:30:00,"Ariel Bortolotti ",1168562561,true,15000,20:00:00,6,2026-02-22 00:11:46.572+00,"Ariel Bortolotti ",,2026-02-22 00:11:46.572+00,
5,1843,2026-02-24,15:30:00,Obaya,,true,13000,16:00:00,6,2026-02-22 20:17:36.759+00,Valentino,,2026-02-22 20:17:36.759+00,
5,1844,2026-02-25,15:30:00,Hileni,,true,13000,16:00:00,6,2026-02-23 02:16:05.839+00,Valentino,,2026-02-23 02:16:05.839+00,
5,1846,2026-02-24,14:30:00,Nonno,,true,12500,15:00:00,6,2026-02-23 15:18:57.684+00,Valentino,,2026-02-23 15:18:57.684+00,
5,1847,2026-02-24,18:30:00,"Juan Ignacio Molina ",1168820931,true,16000,19:00:00,6,2026-02-23 17:10:45.836+00,"Juan Ignacio Molina ",,2026-02-23 17:10:45.836+00,
1,1850,2026-02-24,11:30:00,Ale Mansilla,,true,16000,12:00:00,6,2026-02-23 21:32:02.899+00,Sebastian Fraga,,2026-02-23 21:32:02.899+00,
5,1851,2026-02-24,15:00:00,Axel,,true,12500,15:30:00,6,2026-02-24 01:47:14.893+00,Valentino,,2026-02-24 01:47:14.893+00,
5,1852,2026-02-24,18:00:00,Joaco,,true,16000,18:30:00,6,2026-02-24 14:29:03.634+00,Valentino,,2026-02-24 14:29:03.634+00,
1,1853,2026-02-25,12:00:00,Franco palencia,1151224036,true,16000,12:30:00,4,2026-02-24 19:58:46.675+00,Franco palencia,,2026-02-24 19:58:46.675+00,
5,1854,2026-02-24,16:30:00,A,,true,15000,17:00:00,6,2026-02-24 23:11:36.247+00,Valentino,,2026-02-24 23:11:36.247+00,
5,1855,2026-02-24,16:00:00,B,,true,15000,16:30:00,6,2026-02-24 23:11:57.461+00,Valentino,,2026-02-24 23:11:57.461+00,
5,1856,2026-02-24,17:00:00,Hijo peter,,true,16000,17:30:00,6,2026-02-24 23:20:38.92+00,Valentino,,2026-02-24 23:20:38.92+00,
5,1857,2026-02-24,17:30:00,Peter,,true,16000,18:00:00,6,2026-02-24 23:20:45.613+00,Valentino,,2026-02-24 23:20:45.613+00,
5,1858,2026-02-25,19:15:00,Hernan moretti,1164974523,true,16000,19:45:00,6,2026-02-24 23:28:48.356+00,Hernan moretti,,2026-02-24 23:28:48.356+00,
1,1859,2026-02-26,11:00:00,Juan Ignacio Sambuceti,1161759011,true,18000,11:45:00,3,2026-02-25 13:10:38.921+00,Juan Ignacio Sambuceti,,2026-02-25 13:10:38.921+00,
5,1860,2026-02-25,11:30:00,Augusto Suppa,,true,15000,12:00:00,6,2026-02-25 13:30:57.743+00,Valentino,,2026-02-25 13:30:57.743+00,
5,1861,2026-02-26,18:30:00,Mateo Patroni,1150043635,true,16000,19:00:00,6,2026-02-25 14:01:17.002+00,Mateo Patroni,,2026-02-25 14:01:17.002+00,
1,1862,2026-02-25,18:00:00,German Urrustarazu,1166863607,true,15000,18:30:00,6,2026-02-25 14:02:25.634+00,German Urrustarazu,,2026-02-25 14:02:25.634+00,
5,1864,2026-02-26,15:00:00,De leon juan,1134648488,true,15000,15:30:00,6,2026-02-25 16:23:45.255+00,De leon juan,,2026-02-25 16:23:45.255+00,
1,1865,2026-02-26,19:00:00,Franco,,true,16000,19:30:00,6,2026-02-25 18:15:54.668+00,Sebastian Fraga,,2026-02-25 18:15:54.668+00,
5,1866,2026-02-25,16:45:00,"Hernán Tonellotto ",2914269335,true,15000,17:15:00,6,2026-02-25 19:27:51.878+00,"Hernán Tonellotto ",,2026-02-25 19:27:51.878+00,
5,1867,2026-03-08,11:00:00,VACACIONES,0000000000,false,,20:00:00,1,2026-02-25 20:07:06.052+00,Valentino,,2026-02-25 20:07:06.052+00,
5,1868,2026-03-03,11:00:00,VACACIONES,0000000000,false,,20:00:00,1,2026-02-25 20:07:06.063+00,Valentino,,2026-02-25 20:07:06.063+00,
5,1869,2026-03-09,11:00:00,VACACIONES,0000000000,false,,20:00:00,1,2026-02-25 20:07:06.083+00,Valentino,,2026-02-25 20:07:06.083+00,
5,1870,2026-03-04,11:00:00,VACACIONES,0000000000,false,,20:00:00,1,2026-02-25 20:07:06.055+00,Valentino,,2026-02-25 20:07:06.055+00,
5,1871,2026-03-06,11:00:00,VACACIONES,0000000000,false,,20:00:00,1,2026-02-25 20:07:06.049+00,Valentino,,2026-02-25 20:07:06.049+00,
5,1873,2026-03-05,11:00:00,VACACIONES,0000000000,false,,20:00:00,1,2026-02-25 20:07:06.617+00,Valentino,,2026-02-25 20:07:06.617+00,
5,1874,2026-03-07,11:00:00,VACACIONES,0000000000,false,,20:00:00,1,2026-02-25 20:07:06.744+00,Valentino,,2026-02-25 20:07:06.744+00,
5,1875,2026-02-25,17:30:00,Marcelo tio,,true,12500,18:00:00,6,2026-02-25 20:24:07.638+00,Valentino,,2026-02-25 20:24:07.638+00,
1,1876,2026-02-25,18:30:00,Juan Manuel,1158207385,true,16000,19:00:00,6,2026-02-25 20:44:24.024+00,Juan Manuel,,2026-02-25 20:44:24.024+00,
1,1877,2026-02-26,18:15:00,Agustin Zaragoci,1157813054,true,16000,19:00:00,3,2026-02-25 20:58:59.292+00,Agustin Zaragoci,,2026-02-25 20:58:59.292+00,
5,1878,2026-02-28,15:00:00,Gere,,true,13000,15:30:00,6,2026-02-25 21:10:44.765+00,Valentino,,2026-02-25 21:10:44.765+00,
5,1880,2026-02-26,15:30:00,Oliva,,true,13000,16:00:00,6,2026-02-25 21:33:17.208+00,Valentino,,2026-02-25 21:33:17.208+00,
1,1881,2026-02-26,17:15:00,Guido,,true,16000,18:00:00,3,2026-02-25 21:47:00.646+00,Sebastian Fraga,,2026-02-25 21:47:00.646+00,
5,1882,2026-02-26,11:30:00,Maidana,,true,13000,12:00:00,6,2026-02-25 21:49:20.096+00,Valentino,,2026-02-25 21:49:20.096+00,
5,1883,2026-02-27,17:30:00,Tato,,true,12500,18:00:00,6,2026-02-25 22:56:14.189+00,Valentino,,2026-02-25 22:56:14.189+00,
5,1884,2026-02-28,14:00:00,Corte Valen,0000000000,false,,14:30:00,1,2026-02-25 23:16:00.149+00,Valentino,,2026-02-25 23:16:00.149+00,
1,1885,2026-02-28,14:00:00,Corte Valen,0000000000,false,,14:30:00,1,2026-02-25 23:16:26.058+00,Sebastian Fraga,,2026-02-25 23:16:26.058+00,
1,1886,2026-02-28,18:00:00,MURGA,0000000000,false,,20:00:00,1,2026-02-25 23:17:43.256+00,Sebastian Fraga,,2026-02-25 23:17:43.256+00,
1,1887,2026-02-27,17:45:00,Nicolas Morales,,true,13000,18:15:00,6,2026-02-26 03:00:51.446+00,Sebastian Fraga,,2026-02-26 03:00:51.446+00,
1,1888,2026-02-26,15:30:00,Ale Fourcade,,true,13000,16:00:00,6,2026-02-26 03:01:00.529+00,Sebastian Fraga,,2026-02-26 03:01:00.529+00,
1,1890,2026-02-27,11:30:00,"Quintin pozo ",1140864708,true,15000,12:00:00,4,2026-02-26 15:02:39.699+00,"Quintin pozo ",,2026-02-26 15:02:39.699+00,
1,1891,2026-02-27,17:00:00,Lauti virtuani,,true,16000,17:30:00,6,2026-02-26 15:04:42.756+00,Sebastian Fraga,,2026-02-26 15:04:42.756+00,
5,1893,2026-02-28,15:30:00,Bauti firpo,,true,13000,16:00:00,6,2026-02-26 17:16:14.57+00,Valentino,,2026-02-26 17:16:14.57+00,
1,1894,2026-02-27,18:15:00,Gaston Rebolo,,true,16000,18:45:00,6,2026-02-26 18:01:00.253+00,Sebastian Fraga,,2026-02-26 18:01:00.253+00,
1,1895,2026-02-26,19:30:00,Ezequiel,,true,15000,20:00:00,6,2026-02-26 18:10:43.586+00,Sebastian Fraga,,2026-02-26 18:10:43.586+00,
5,1896,2026-02-26,16:00:00,Gaston,1134438667,true,15000,16:30:00,6,2026-02-26 19:39:34.771+00,Valentino,,2026-02-26 19:39:34.771+00,
5,1897,2026-02-27,15:00:00,Morandi,,true,13000,15:30:00,6,2026-02-26 19:45:48.475+00,Valentino,,2026-02-26 19:45:48.475+00,
5,1898,2026-02-27,12:30:00,Ariel,,true,15000,13:00:00,6,2026-02-26 20:40:05.237+00,Valentino,,2026-02-26 20:40:05.237+00,
1,1899,2026-02-27,18:45:00,Lorenzo ariotti,1149177040,true,16000,19:15:00,6,2026-02-26 22:27:54.658+00,Lorenzo ariotti,,2026-02-26 22:27:54.658+00,
1,1900,2026-02-27,11:00:00,Virginia Luna,,true,13000,11:30:00,6,2026-02-26 23:21:53.849+00,Sebastian Fraga,,2026-02-26 23:21:53.849+00,
5,1902,2026-02-27,15:30:00,Benja panza,,true,13000,16:00:00,6,2026-02-27 01:16:03.415+00,Valentino,,2026-02-27 01:16:03.415+00,
1,1903,2026-02-27,16:30:00,Juan di tocco,1169539200,true,16000,17:00:00,4,2026-02-27 03:45:52.859+00,Juan di tocco,,2026-02-27 03:45:52.859+00,
1,1904,2026-02-28,15:00:00,"Franco Concaro ",1165121999,true,19000,15:45:00,3,2026-02-27 12:46:18.795+00,"Franco Concaro ",,2026-02-27 12:46:18.795+00,
5,1906,2026-02-27,14:30:00,Benja,,true,16000,15:00:00,6,2026-02-27 15:10:28.009+00,Valentino,,2026-02-27 15:10:28.009+00,
5,1907,2026-02-27,18:30:00,Tara,,true,12500,19:00:00,6,2026-02-27 16:23:49.636+00,Valentino,,2026-02-27 16:23:49.636+00,
1,1908,2026-02-28,12:00:00,Benja De Carli,,true,16000,12:30:00,6,2026-02-27 19:52:03.134+00,Sebastian Fraga,,2026-02-27 19:52:03.134+00,
5,1909,2026-02-27,16:45:00,Gabriel,,true,19000,17:30:00,3,2026-02-27 20:19:59.681+00,Valentino,,2026-02-27 20:19:59.681+00,
1,1910,2026-02-28,17:30:00,Agustin Ledesma,,true,15000,18:00:00,6,2026-02-27 20:35:16.734+00,Sebastian Fraga,,2026-02-27 20:35:16.734+00,
1,1912,2026-02-27,19:15:00,Rodrigo Llanos,,true,16000,19:45:00,6,2026-02-27 21:38:38.525+00,Sebastian Fraga,,2026-02-27 21:38:38.525+00,
5,1913,2026-02-27,18:00:00,A,,true,15000,18:30:00,6,2026-02-27 21:48:17.449+00,Valentino,,2026-02-27 21:48:17.449+00,
1,1914,2026-02-27,16:00:00,B,,true,15000,16:30:00,6,2026-02-27 22:48:59.001+00,Sebastian Fraga,,2026-02-27 22:48:59.001+00,
1,1915,2026-03-05,11:30:00,"Laureano ezquerra ",1140584208,true,16000,12:00:00,6,2026-02-28 01:40:02.351+00,"Laureano ezquerra ",,2026-02-28 01:40:02.351+00,
1,1916,2026-02-28,14:30:00,"Emiliano ",1141595914,true,15000,15:00:00,6,2026-02-28 14:45:14.085+00,"Emiliano ",,2026-02-28 14:45:14.085+00,
1,1917,2026-02-28,11:30:00,A,,true,15000,12:00:00,6,2026-02-28 14:52:57.227+00,Sebastian Fraga,,2026-02-28 14:52:57.227+00,
1,1918,2026-02-28,16:30:00,CORTE SEBA,0000000000,false,,17:00:00,1,2026-02-28 14:57:37.926+00,Sebastian Fraga,,2026-02-28 14:57:37.926+00,
5,1919,2026-02-28,11:30:00,A,,true,15000,12:00:00,6,2026-02-28 15:15:30.732+00,Valentino,,2026-02-28 15:15:30.732+00,
5,1920,2026-02-28,16:30:00,CORTE SEBA,0000000000,false,,17:00:00,1,2026-02-28 15:38:20.873+00,Valentino,,2026-02-28 15:38:20.873+00,
5,1921,2026-02-28,18:30:00,José ignacio,1166046526,true,15000,19:00:00,4,2026-02-28 18:23:44.937+00,José ignacio,,2026-02-28 18:23:44.937+00,
1,1923,2026-02-28,16:00:00,"lautaro lópez ",1162950947,true,15000,16:30:00,6,2026-02-28 18:55:04.359+00,"lautaro lópez ",,2026-02-28 18:55:04.359+00,
1,1924,2026-02-28,17:00:00,Ivan Asturiano,,true,16000,17:30:00,6,2026-02-28 19:39:20.22+00,Sebastian Fraga,,2026-02-28 19:39:20.22+00,
5,1925,2026-02-28,17:30:00,A,,true,19000,18:15:00,3,2026-02-28 20:38:01.734+00,Valentino,,2026-02-28 20:38:01.734+00,
1,1926,2026-02-28,12:30:00,A,,true,19000,13:00:00,6,2026-03-01 04:33:52.03+00,Sebastian Fraga,,2026-03-01 04:33:52.03+00,
1,1927,2026-03-03,11:00:00,Matias Butti,1160567617,true,16000,11:30:00,6,2026-03-02 02:05:43.999+00,Matias Butti,,2026-03-02 02:05:43.999+00,
1,1928,2026-03-05,18:00:00,Mauri Oubiña,1134701110,true,16000,18:30:00,6,2026-03-02 19:48:12.553+00,Mauri Oubiña,,2026-03-02 19:48:12.553+00,
1,1929,2026-03-04,19:00:00,Fede perez,1136334843,true,19000,19:30:00,6,2026-03-03 00:36:44.472+00,Fede perez,,2026-03-03 00:36:44.472+00,
1,1930,2026-03-05,13:00:00,ALMUERZO,0000000000,false,,14:00:00,1,2026-03-03 02:47:37.906+00,Sebastian Fraga,,2026-03-03 02:47:37.906+00,
1,1931,2026-03-07,13:30:00,ALMUERZO,0000000000,false,,14:30:00,1,2026-03-03 02:47:37.904+00,Sebastian Fraga,,2026-03-03 02:47:37.904+00,
1,1932,2026-03-06,13:00:00,ALMUERZO,0000000000,false,,14:00:00,1,2026-03-03 02:47:37.849+00,Sebastian Fraga,,2026-03-03 02:47:37.849+00,
1,1933,2026-03-04,13:00:00,ALMUERZO,0000000000,false,,14:00:00,1,2026-03-03 02:47:37.847+00,Sebastian Fraga,,2026-03-03 02:47:37.847+00,
1,1934,2026-03-03,13:00:00,ALMUERZO,0000000000,false,,14:00:00,1,2026-03-03 02:47:37.857+00,Sebastian Fraga,,2026-03-03 02:47:37.857+00,
1,1935,2026-03-03,14:00:00,Franz,,true,16000,14:30:00,6,2026-03-03 02:49:35.622+00,Sebastian Fraga,,2026-03-03 02:49:35.622+00,
1,1936,2026-03-04,18:30:00,Nacho Lamamith,,true,16000,19:00:00,6,2026-03-03 13:41:31.942+00,Sebastian Fraga,,2026-03-03 13:41:31.942+00,
1,1937,2026-03-06,18:00:00,Lucho Davila,,true,16000,18:30:00,6,2026-03-03 13:42:13.823+00,Sebastian Fraga,,2026-03-03 13:42:13.823+00,
1,1938,2026-03-04,19:30:00,Matias Navarro,,true,16000,20:00:00,6,2026-03-03 13:43:06.652+00,Sebastian Fraga,,2026-03-03 13:43:06.652+00,
1,1939,2026-03-06,17:30:00,Nicolas Morales,,true,14000,18:00:00,6,2026-03-03 13:43:38.832+00,Sebastian Fraga,,2026-03-03 13:43:38.832+00,
1,1940,2026-03-03,16:15:00,Nahuel Ingravallo,,true,16000,16:45:00,6,2026-03-03 17:29:35.485+00,Sebastian Fraga,,2026-03-03 17:29:35.485+00,
1,1941,2026-03-03,19:00:00,Rai,,true,16000,19:30:00,6,2026-03-03 18:12:28.067+00,Sebastian Fraga,,2026-03-03 18:12:28.067+00,
1,1942,2026-03-04,12:00:00,Estanislao Stocca,,true,11000,12:30:00,6,2026-03-03 20:00:35.017+00,Sebastian Fraga,,2026-03-03 20:00:35.017+00,
1,1943,2026-03-04,12:30:00,Nacho Stocca,,true,16000,13:00:00,6,2026-03-03 20:00:42.382+00,Sebastian Fraga,,2026-03-03 20:00:42.382+00,
1,1944,2026-03-07,13:00:00,Ale Fourcade,,true,14000,13:30:00,6,2026-03-03 20:01:41.34+00,Sebastian Fraga,,2026-03-03 20:01:41.34+00,
1,1945,2026-03-04,14:15:00,Tomi Kaufman,,true,16000,14:45:00,6,2026-03-04 13:22:42.147+00,Sebastian Fraga,,2026-03-04 13:22:42.147+00,
1,1946,2026-03-04,11:15:00,A,,true,19000,12:00:00,3,2026-03-04 15:49:31.538+00,Sebastian Fraga,,2026-03-04 15:49:31.538+00,
1,1947,2026-03-04,16:00:00,Federico Gago,124735550,true,16000,16:30:00,6,2026-03-04 17:54:44.648+00,Federico Gago,,2026-03-04 17:54:44.648+00,
1,1948,2026-03-05,11:00:00,Lucas Gnoffo,,true,16000,11:30:00,6,2026-03-04 18:17:39.717+00,Sebastian Fraga,,2026-03-04 18:17:39.717+00,
1,1949,2026-03-06,19:00:00,Julian Hoistacher,1123914276,true,16000,19:30:00,6,2026-03-04 18:43:57.531+00,"Julian ",,2026-03-04 18:43:57.531+00,
1,1950,2026-03-13,15:00:00,Fede Chavano,1122334455,true,16000,15:30:00,6,2026-03-04 18:45:27.808+00,Fede Chavano,,2026-03-04 18:45:27.808+00,
1,1951,2026-03-05,14:00:00,benicio buschiazzo,1162290038,true,14000,14:30:00,6,2026-03-04 20:36:39.918+00,benicio buschiazzo,,2026-03-04 20:36:39.918+00,
1,1952,2026-03-04,18:00:00,Ivo Garac,,true,16000,18:30:00,6,2026-03-04 21:25:05.362+00,Sebastian Fraga,,2026-03-04 21:25:05.362+00,
1,1953,2026-03-05,12:00:00,Will,1136896784,true,16000,12:30:00,6,2026-03-04 22:04:26.016+00,Will,,2026-03-04 22:04:26.016+00,
1,1954,2026-03-06,14:30:00,Nachoto,,true,10000,15:00:00,6,2026-03-04 23:02:08.053+00,Sebastian Fraga,,2026-03-04 23:02:08.053+00,
1,1955,2026-03-05,14:30:00,Matias Guarella,,true,19000,15:00:00,6,2026-03-05 14:53:56.29+00,Sebastian Fraga,,2026-03-05 14:53:56.29+00,
1,1956,2026-03-06,18:30:00,Hernan Cantamessi,,true,19000,19:00:00,6,2026-03-05 15:30:32.342+00,Sebastian Fraga,,2026-03-05 15:30:32.342+00,
1,1957,2026-03-05,17:00:00,Hector CDP,,true,16000,17:30:00,6,2026-03-05 15:31:36.958+00,Sebastian Fraga,,2026-03-05 15:31:36.958+00,
1,1958,2026-03-05,12:30:00,Paraguayo,,true,16000,13:00:00,6,2026-03-05 16:16:44.753+00,Sebastian Fraga,,2026-03-05 16:16:44.753+00,
1,1959,2026-03-05,17:30:00,Lauti Davila,,true,16000,18:00:00,6,2026-03-05 18:40:49.654+00,Sebastian Fraga,,2026-03-05 18:40:49.654+00,
1,1960,2026-03-05,15:30:00,A,,true,16000,16:00:00,6,2026-03-05 19:00:11.023+00,Sebastian Fraga,,2026-03-05 19:00:11.023+00,
1,1961,2026-03-05,19:00:00,Gabriel Zelaschi,,true,16000,19:30:00,6,2026-03-05 20:10:13.263+00,Sebastian Fraga,,2026-03-05 20:10:13.263+00,
1,1962,2026-03-07,15:00:00,Lautaro,1164115200,true,16000,15:30:00,6,2026-03-05 21:39:38.974+00,Lautaro,,2026-03-05 21:39:38.974+00,
1,1963,2026-03-07,14:30:00,Juan,1164115200,true,16000,15:00:00,6,2026-03-05 21:40:05.401+00,Juan,,2026-03-05 21:40:05.401+00,
1,1964,2026-03-05,18:30:00,Ramenzoni,,true,16000,19:00:00,6,2026-03-05 21:41:19.198+00,Sebastian Fraga,,2026-03-05 21:41:19.198+00,
1,1965,2026-03-07,11:00:00,Adrian,1162544401,true,19000,11:30:00,6,2026-03-05 22:28:10.634+00,Adrian,,2026-03-05 22:28:10.634+00,
1,1966,2026-03-06,15:00:00,Norman Minell,,true,19000,15:45:00,3,2026-03-05 23:42:37.562+00,Sebastian Fraga,,2026-03-05 23:42:37.562+00,
1,1968,2026-03-07,18:30:00,Caoba,,true,16000,19:00:00,6,2026-03-06 15:40:44.127+00,Sebastian Fraga,,2026-03-06 15:40:44.127+00,
1,1969,2026-03-06,16:30:00,Juan Di Tocco,1169539200,true,16000,17:00:00,4,2026-03-06 16:07:34.798+00,Juan Di Tocco,,2026-03-06 16:07:34.798+00,
1,1970,2026-03-07,15:30:00,Geremias,,true,14000,16:00:00,6,2026-03-06 16:20:45.925+00,Sebastian Fraga,,2026-03-06 16:20:45.925+00,
1,1971,2026-03-06,14:00:00,Juan Tsai,,true,16000,14:30:00,6,2026-03-06 17:35:07.837+00,Sebastian Fraga,,2026-03-06 17:35:07.837+00,
1,1973,2026-03-06,17:00:00,Papá Suppa,,true,19000,17:30:00,6,2026-03-06 20:09:48.841+00,Sebastian Fraga,,2026-03-06 20:09:48.841+00,
1,1974,2026-03-06,16:00:00,A,,true,16000,16:30:00,6,2026-03-06 20:10:02.864+00,Sebastian Fraga,,2026-03-06 20:10:02.864+00,
1,1975,2026-03-06,19:30:00,Lauti Virtuani,,true,16000,20:00:00,6,2026-03-06 20:10:36.619+00,Sebastian Fraga,,2026-03-06 20:10:36.619+00,
1,1976,2026-03-07,12:00:00,Cristian PENIA,,true,19000,12:30:00,6,2026-03-06 23:08:18.062+00,Sebastian Fraga,,2026-03-06 23:08:18.062+00,
1,1977,2026-03-07,12:30:00,Hijo Cristian PENIA,,true,16000,13:00:00,6,2026-03-06 23:08:44.826+00,Sebastian Fraga,,2026-03-06 23:08:44.826+00,
1,1978,2026-03-07,16:30:00,Julian Cacciola,,true,16000,17:15:00,3,2026-03-07 00:56:06.302+00,Sebastian Fraga,,2026-03-07 00:56:06.302+00,
1,1979,2026-03-07,11:30:00,a,,true,16000,12:00:00,6,2026-03-07 14:36:24.861+00,Sebastian Fraga,,2026-03-07 14:36:24.861+00,
1,1980,2026-03-07,16:00:00,Ariel Peña,,true,16000,16:30:00,6,2026-03-07 16:42:57.336+00,Sebastian Fraga,,2026-03-07 16:42:57.336+00,
1,1981,2026-03-07,19:00:00,Nahuel Moizello,,true,16000,19:30:00,6,2026-03-07 20:51:41.681+00,Sebastian Fraga,,2026-03-07 20:51:41.681+00,
5,1983,2026-03-11,14:00:00,"Juan Bautista Castignani ",1156946866,true,19000,14:45:00,3,2026-03-08 16:47:24.386+00,"Juan Bautista Castignani ",,2026-03-08 16:47:24.386+00,
5,1984,2026-03-18,17:15:00,Obaya,,true,14000,17:45:00,6,2026-03-09 13:15:10.498+00,Valentino,,2026-03-09 13:15:10.498+00,
5,1985,2026-03-13,16:00:00,Zega,,true,14000,16:30:00,6,2026-03-09 19:45:42.372+00,Valentino,,2026-03-09 19:45:42.372+00,
1,1986,2026-03-10,12:30:00,Benja Pieruzzini,,true,16000,13:00:00,6,2026-03-10 15:03:35.649+00,Sebastian Fraga,,2026-03-10 15:03:35.649+00,
1,1987,2026-03-10,13:00:00,Toto,,true,16000,13:30:00,6,2026-03-10 15:05:00.041+00,Sebastian Fraga,,2026-03-10 15:05:00.041+00,
1,1988,2026-03-18,13:00:00,ALMUERZO,0000000000,false,,14:15:00,1,2026-03-10 15:05:41.456+00,Sebastian Fraga,,2026-03-10 15:05:41.456+00,
1,1989,2026-03-31,13:00:00,ALMUERZO,0000000000,false,,14:15:00,1,2026-03-10 15:05:41.496+00,Sebastian Fraga,,2026-03-10 15:05:41.496+00,
1,1990,2026-03-17,13:00:00,ALMUERZO,0000000000,false,,14:15:00,1,2026-03-10 15:05:41.424+00,Sebastian Fraga,,2026-03-10 15:05:41.424+00,
1,1991,2026-03-28,13:00:00,ALMUERZO,0000000000,false,,14:15:00,1,2026-03-10 15:05:42.061+00,Sebastian Fraga,,2026-03-10 15:05:42.061+00,
1,1992,2026-03-19,13:00:00,ALMUERZO,0000000000,false,,14:15:00,1,2026-03-10 15:05:42.072+00,Sebastian Fraga,,2026-03-10 15:05:42.072+00,
1,1993,2026-03-20,13:00:00,ALMUERZO,0000000000,false,,14:15:00,1,2026-03-10 15:05:42.063+00,Sebastian Fraga,,2026-03-10 15:05:42.063+00,
1,1994,2026-03-25,13:00:00,ALMUERZO,0000000000,false,,14:15:00,1,2026-03-10 15:05:42.085+00,Sebastian Fraga,,2026-03-10 15:05:42.085+00,
1,1995,2026-03-12,13:00:00,ALMUERZO,0000000000,false,,14:15:00,1,2026-03-10 15:05:42.064+00,Sebastian Fraga,,2026-03-10 15:05:42.064+00,
1,1998,2026-03-11,13:00:00,ALMUERZO,0000000000,false,,14:15:00,1,2026-03-10 15:05:42.041+00,Sebastian Fraga,,2026-03-10 15:05:42.041+00,
1,1999,2026-03-21,13:00:00,ALMUERZO,0000000000,false,,14:15:00,1,2026-03-10 15:05:42.08+00,Sebastian Fraga,,2026-03-10 15:05:42.08+00,
1,2000,2026-03-13,13:00:00,ALMUERZO,0000000000,false,,14:15:00,1,2026-03-10 15:05:42.067+00,Sebastian Fraga,,2026-03-10 15:05:42.067+00,
1,2001,2026-03-26,13:00:00,ALMUERZO,0000000000,false,,14:15:00,1,2026-03-10 15:05:42.063+00,Sebastian Fraga,,2026-03-10 15:05:42.063+00,
1,2002,2026-03-24,13:30:00,ALMUERZO,0000000000,false,,14:30:00,1,2026-03-10 15:05:42.067+00,Sebastian Fraga,,2026-03-10 15:05:42.067+00,
1,2005,2026-03-14,11:45:00,ALMUERZO,0000000000,false,,12:30:00,1,2026-03-10 15:05:42.096+00,Sebastian Fraga,,2026-03-10 15:05:42.096+00,
1,2006,2026-03-27,13:00:00,ALMUERZO,0000000000,false,,14:15:00,1,2026-03-10 15:05:42.07+00,Sebastian Fraga,,2026-03-10 15:05:42.07+00,
5,2011,2026-03-27,12:45:00,ALMUERZO,0000000000,false,,14:00:00,1,2026-03-10 15:08:23.795+00,Valentino,,2026-03-10 15:08:23.795+00,
5,2012,2026-03-21,13:00:00,ALMUERZO,0000000000,false,,14:00:00,1,2026-03-10 15:08:23.701+00,Valentino,,2026-03-10 15:08:23.701+00,
5,2013,2026-03-31,12:45:00,ALMUERZO,0000000000,false,,14:00:00,1,2026-03-10 15:08:23.742+00,Valentino,,2026-03-10 15:08:23.742+00,
5,2015,2026-03-18,12:45:00,ALMUERZO,0000000000,false,,14:00:00,1,2026-03-10 15:08:23.786+00,Valentino,,2026-03-10 15:08:23.786+00,
5,2016,2026-03-20,12:45:00,ALMUERZO,0000000000,false,,14:00:00,1,2026-03-10 15:08:23.701+00,Valentino,,2026-03-10 15:08:23.701+00,
5,2017,2026-03-26,12:45:00,ALMUERZO,0000000000,false,,14:00:00,1,2026-03-10 15:08:23.703+00,Valentino,,2026-03-10 15:08:23.703+00,
5,2018,2026-03-12,12:45:00,ALMUERZO,0000000000,false,,14:00:00,1,2026-03-10 15:08:23.729+00,Valentino,,2026-03-10 15:08:23.729+00,
5,2019,2026-03-10,12:45:00,ALMUERZO,0000000000,false,,14:00:00,1,2026-03-10 15:08:23.777+00,Valentino,,2026-03-10 15:08:23.777+00,
5,2021,2026-03-24,12:45:00,ALMUERZO,0000000000,false,,14:00:00,1,2026-03-10 15:08:23.848+00,Valentino,,2026-03-10 15:08:23.848+00,
5,2023,2026-03-28,12:45:00,ALMUERZO,0000000000,false,,14:00:00,1,2026-03-10 15:08:23.724+00,Valentino,,2026-03-10 15:08:23.724+00,
5,2024,2026-03-14,12:45:00,ALMUERZO,0000000000,false,,14:00:00,1,2026-03-10 15:08:23.755+00,Valentino,,2026-03-10 15:08:23.755+00,
5,2025,2026-03-13,12:45:00,ALMUERZO,0000000000,false,,14:00:00,1,2026-03-10 15:08:23.786+00,Valentino,,2026-03-10 15:08:23.786+00,
5,2026,2026-03-19,12:45:00,ALMUERZO,0000000000,false,,14:00:00,1,2026-03-10 15:08:23.699+00,Valentino,,2026-03-10 15:08:23.699+00,
5,2028,2026-03-17,12:45:00,ALMUERZO,0000000000,false,,14:00:00,1,2026-03-10 15:08:23.749+00,Valentino,,2026-03-10 15:08:23.749+00,
5,2029,2026-03-25,12:45:00,ALMUERZO,0000000000,false,,14:00:00,1,2026-03-10 15:08:23.756+00,Valentino,,2026-03-10 15:08:23.756+00,
5,2030,2026-03-11,12:45:00,ALMUERZO,0000000000,false,,14:00:00,1,2026-03-10 15:08:23.7+00,Valentino,,2026-03-10 15:08:23.7+00,
1,2032,2026-03-11,11:00:00,Paco Grimaux,,true,16000,11:30:00,6,2026-03-10 18:25:43.373+00,Sebastian Fraga,,2026-03-10 18:25:43.373+00,
1,2033,2026-03-10,15:45:00,Guillermo Martello,,true,16000,16:15:00,6,2026-03-10 18:34:16.197+00,Sebastian Fraga,,2026-03-10 18:34:16.197+00,
1,2034,2026-03-10,16:15:00,Augusto Suppa,,true,16000,16:45:00,6,2026-03-10 18:35:49.411+00,Sebastian Fraga,,2026-03-10 18:35:49.411+00,
1,2036,2026-03-13,11:00:00,Horacio Garcia,,true,19000,11:45:00,3,2026-03-10 19:24:32.725+00,Sebastian Fraga,,2026-03-10 19:24:32.725+00,
5,2037,2026-03-11,18:30:00,Roberto Garcia,1135129571,true,16000,19:00:00,6,2026-03-11 14:15:02.307+00,Octavio González,,2026-03-11 14:15:02.307+00,
5,2038,2026-03-18,19:15:00,FACULTAD,0000000000,false,,19:45:00,1,2026-03-11 14:29:27.941+00,Valentino,,2026-03-11 14:29:27.941+00,
5,2039,2026-03-20,17:15:00,FACULTAD,0000000000,false,,19:45:00,1,2026-03-11 14:29:52.452+00,Valentino,,2026-03-11 14:29:52.452+00,
1,2040,2026-03-11,14:45:00,Virgi luna,1156381619,true,14000,15:15:00,6,2026-03-11 15:11:27.66+00,Virgi luna,,2026-03-11 15:11:27.66+00,
5,2041,2026-03-11,16:00:00,Miguel,,true,16000,16:30:00,6,2026-03-11 15:30:58.553+00,Valentino,,2026-03-11 15:30:58.553+00,
5,2042,2026-03-11,12:00:00,Leandro,,true,19000,12:45:00,3,2026-03-11 15:31:14.742+00,Valentino,,2026-03-11 15:31:14.742+00,
1,2043,2026-03-11,17:30:00,Ale Cicero,,true,16000,18:00:00,6,2026-03-11 15:31:46.897+00,Sebastian Fraga,,2026-03-11 15:31:46.897+00,
1,2044,2026-03-14,13:00:00,"Augusto marchese ",1157512705,true,16000,13:30:00,6,2026-03-11 16:14:39.096+00,"Augusto marchese ",,2026-03-11 16:14:39.096+00,
1,2045,2026-03-11,16:00:00,Matias De Carli,1121938635,true,16000,16:30:00,2,2026-03-11 18:34:26.624+00,Matias De Carli,,2026-03-11 18:34:26.624+00,
5,2046,2026-03-11,18:00:00,Fachaaaa,,true,14000,18:30:00,6,2026-03-11 19:37:07.25+00,Valentino,,2026-03-11 19:37:07.25+00,
5,2047,2026-03-13,15:00:00,Araque,,true,14000,15:30:00,6,2026-03-11 20:58:48.624+00,Valentino,,2026-03-11 20:58:48.624+00,
1,2048,2026-03-13,14:15:00,benicio buschiazzo,1162290038,true,14000,15:00:00,3,2026-03-11 22:10:33.553+00,benicio buschiazzo,,2026-03-11 22:10:33.553+00,
5,2049,2026-03-14,11:30:00,Gere,,true,14000,12:00:00,6,2026-03-11 22:40:38.982+00,Valentino,,2026-03-11 22:40:38.982+00,
5,2050,2026-03-13,14:30:00,Charly,,true,16000,15:00:00,6,2026-03-12 01:00:56.783+00,Valentino,,2026-03-12 01:00:56.783+00,
1,2051,2026-03-14,12:30:00,Valentino,1167869617,true,16000,13:00:00,6,2026-03-12 13:20:22.44+00,Valentino,,2026-03-12 13:20:22.44+00,
5,2052,2026-03-12,15:30:00,Octavio,,true,16000,16:00:00,6,2026-03-12 14:17:34.381+00,Valentino,,2026-03-12 14:17:34.381+00,
1,2053,2026-03-12,15:15:00,Enzo,1169616487,true,16000,15:45:00,6,2026-03-12 15:43:03.377+00,Enzo,,2026-03-12 15:43:03.377+00,
5,2054,2026-03-14,11:00:00,Nari,,true,14000,11:30:00,6,2026-03-12 17:24:41.872+00,Valentino,,2026-03-12 17:24:41.872+00,
1,2055,2026-03-13,17:30:00,"Lucas Santillan ",1156639446,true,16000,18:00:00,6,2026-03-12 17:47:41.957+00,"Lucas Santillan ",,2026-03-12 17:47:41.957+00,
1,2056,2026-03-14,14:00:00,PLATENSE,0000000000,false,,19:45:00,1,2026-03-12 17:54:27.679+00,Sebastian Fraga,,2026-03-12 17:54:27.679+00,
1,2057,2026-03-14,11:00:00,Ale Fourcade,,true,14000,11:45:00,3,2026-03-12 17:54:56.025+00,Sebastian Fraga,,2026-03-12 17:54:56.025+00,
1,2058,2026-03-13,19:30:00,Franco,,true,16000,20:00:00,6,2026-03-12 17:55:20.441+00,Sebastian Fraga,,2026-03-12 17:55:20.441+00,
5,2061,2026-03-12,16:30:00,Dentista,,true,16000,17:00:00,6,2026-03-12 19:43:12.569+00,Valentino,,2026-03-12 19:43:12.569+00,
5,2062,2026-03-14,14:00:00,Ivan,,true,16000,14:30:00,6,2026-03-12 20:12:31.82+00,Valentino,,2026-03-12 20:12:31.82+00,
1,2063,2026-03-13,16:00:00,Gaston Rebolo,1533150679,true,16000,16:30:00,6,2026-03-12 21:49:32.438+00,Gaston Rebolo,,2026-03-12 21:49:32.438+00,
1,2064,2026-03-12,18:15:00,Rodrigo F. Llanos,,true,16000,18:45:00,6,2026-03-12 23:01:56.15+00,Sebastian Fraga,,2026-03-12 23:01:56.15+00,
5,2065,2026-03-13,14:00:00,Cato,,true,14000,14:30:00,6,2026-03-12 23:11:33.179+00,Valentino,,2026-03-12 23:11:33.179+00,
5,2066,2026-03-13,11:45:00,"Mateo castro ",1167607442,true,16000,12:15:00,6,2026-03-13 11:46:55.97+00,"Mateo castro ",,2026-03-13 11:46:55.97+00,
1,2067,2026-03-13,16:30:00,Martin Petrignani,1130061487,true,16000,17:00:00,6,2026-03-13 12:53:53.366+00,Martin Petrignani,,2026-03-13 12:53:53.366+00,
1,2068,2026-03-13,11:45:00,"Ezequiel ",1124612329,true,16000,12:15:00,6,2026-03-13 14:26:41.772+00,"Ezequiel ",,2026-03-13 14:26:41.772+00,
1,2069,2026-03-13,12:15:00,Exa LAV,,true,16000,12:45:00,6,2026-03-13 17:41:34.323+00,Sebastian Fraga,,2026-03-13 17:41:34.323+00,
5,2070,2026-03-13,15:30:00,Tomi,,true,16000,16:00:00,6,2026-03-13 18:06:42.471+00,Valentino,,2026-03-13 18:06:42.471+00,
1,2071,2026-03-13,15:30:00,"Juan Ignacio Sambuceti ",1123050417,true,19000,16:00:00,6,2026-03-13 18:14:18.271+00,"Juan Ignacio Sambuceti ",,2026-03-13 18:14:18.271+00,
1,2072,2026-03-13,17:00:00,A,,true,16000,17:30:00,6,2026-03-13 20:51:57.85+00,Sebastian Fraga,,2026-03-13 20:51:57.85+00,
5,2074,2026-03-14,15:00:00,Santiago,,true,16000,15:30:00,6,2026-03-14 13:26:35.185+00,Valentino,,2026-03-14 13:26:35.185+00,
5,2075,2026-03-14,15:30:00,Guille,,true,16000,16:00:00,6,2026-03-14 17:40:44.738+00,Valentino,,2026-03-14 17:40:44.738+00,
5,2076,2026-03-14,17:00:00,Diego,,true,16000,17:45:00,3,2026-03-14 17:42:06.944+00,Valentino,,2026-03-14 17:42:06.944+00,
5,2077,2026-03-14,17:45:00,Luca hijo de diego,,true,14000,18:15:00,6,2026-03-14 17:42:20.32+00,Valentino,,2026-03-14 17:42:20.32+00,
5,2078,2026-03-14,16:00:00,A,,true,16000,16:30:00,6,2026-03-14 20:13:35.897+00,Valentino,,2026-03-14 20:13:35.897+00,
5,2080,2026-03-14,18:15:00,Daniel Gonzalez,1150578003,true,14000,18:45:00,6,2026-03-14 20:19:27.674+00,Daniel Gonzalez,,2026-03-14 20:19:27.674+00,
1,2081,2026-03-17,11:00:00,Franco Ivan Funes,1134353579,true,16000,11:30:00,6,2026-03-14 21:06:50.164+00,Franco Ivan Funes,,2026-03-14 21:06:50.164+00,
5,2082,2026-03-14,16:30:00,A,,true,16000,17:00:00,6,2026-03-15 00:24:07.131+00,Valentino,,2026-03-15 00:24:07.131+00,
5,2083,2026-03-17,11:30:00,"Ruben Barbetta ",1168930636,true,16000,12:00:00,6,2026-03-16 11:27:26.616+00,"Ruben Barbetta ",,2026-03-16 11:27:26.616+00,
1,2084,2026-03-18,11:00:00,"Gabriel Brizuela ",1162219319,true,16000,11:30:00,6,2026-03-16 21:18:41.938+00,"Gabriel Brizuela ",,2026-03-16 21:18:41.938+00,
1,2085,2026-03-14,13:30:00,A,,true,16000,14:00:00,6,2026-03-16 21:19:20.736+00,Sebastian Fraga,,2026-03-16 21:19:20.736+00,
5,2086,2026-03-17,18:00:00,Nacho Crespo,,true,16000,18:45:00,3,2026-03-16 21:25:07.972+00,Sebastian Fraga,,2026-03-16 21:25:07.972+00,
1,2087,2026-03-17,19:15:00,Fede De Carli,,true,16000,20:00:00,3,2026-03-17 15:14:56.112+00,Sebastian Fraga,,2026-03-17 15:14:56.112+00,
5,2088,2026-03-17,12:00:00,A,,true,19000,12:45:00,3,2026-03-17 15:15:17.969+00,Valentino,,2026-03-17 15:15:17.969+00,
1,2089,2026-03-17,12:30:00,Sergio JMI,,true,16000,13:00:00,6,2026-03-17 15:16:40.09+00,Sebastian Fraga,,2026-03-17 15:16:40.09+00,
1,2090,2026-03-17,16:00:00,Alfredo,1155770044,true,19000,16:45:00,3,2026-03-17 15:42:13.956+00,Alfredo,,2026-03-17 15:42:13.956+00,
1,2091,2026-03-18,11:30:00,Will,1136896784,true,16000,12:00:00,6,2026-03-17 18:36:43.831+00,Will,,2026-03-17 18:36:43.831+00,
5,2092,2026-03-17,17:00:00,Japo,,true,16000,17:30:00,6,2026-03-17 22:08:03.386+00,Valentino,,2026-03-17 22:08:03.386+00,
5,2093,2026-03-17,18:45:00,a,,true,16000,19:15:00,6,2026-03-17 22:08:09.584+00,Valentino,,2026-03-17 22:08:09.584+00,
5,2094,2026-03-18,11:30:00,Maidana,,true,14000,12:00:00,6,2026-03-17 23:28:00.12+00,Valentino,,2026-03-17 23:28:00.12+00,
1,2095,2026-03-19,18:00:00,Mauri Oubiña,1134701110,true,16000,18:30:00,6,2026-03-18 12:21:05.457+00,Mauri Oubiña,,2026-03-18 12:21:05.457+00,
5,2096,2026-03-18,11:00:00,Erik,,true,16000,11:30:00,6,2026-03-18 14:32:58.866+00,Valentino,,2026-03-18 14:32:58.866+00,
5,2097,2026-03-20,15:30:00,Ariel Peña,,true,16000,16:00:00,6,2026-03-18 16:15:17.833+00,Valentino,,2026-03-18 16:15:17.833+00,
5,2098,2026-03-18,16:00:00,Gustavo Campos,,true,16000,16:30:00,6,2026-03-18 18:14:35.291+00,Valentino,,2026-03-18 18:14:35.291+00,
1,2099,2026-03-19,19:15:00,Matias Navarro,,true,16000,20:00:00,3,2026-03-18 20:25:44.503+00,Sebastian Fraga,,2026-03-18 20:25:44.503+00,
1,2100,2026-03-21,11:00:00,Ale Fourcade,,true,14000,11:45:00,3,2026-03-18 20:29:47.742+00,Sebastian Fraga,,2026-03-18 20:29:47.742+00,
5,2102,2026-03-18,18:15:00,B,,true,16000,18:45:00,6,2026-03-18 21:21:27.759+00,Valentino,,2026-03-18 21:21:27.759+00,
5,2103,2026-03-18,18:45:00,C,,true,16000,19:15:00,6,2026-03-18 22:02:21.846+00,Valentino,,2026-03-18 22:02:21.846+00,
1,2104,2026-03-20,18:30:00,"Virginia Pedrozo luna ",1156381619,false,,19:00:00,4,2026-03-18 22:19:33.515+00,"Virginia Pedrozo luna ",,2026-03-18 22:19:33.515+00,
1,2105,2026-03-18,19:30:00,Suegro Napoli,,true,19000,20:00:00,6,2026-03-18 23:56:47.007+00,Sebastian Fraga,,2026-03-18 23:56:47.007+00,
5,2106,2026-03-19,18:00:00,"Darío castro ",1132447572,true,16000,18:30:00,6,2026-03-19 11:33:40.792+00,"Darío castro ",,2026-03-19 11:33:40.792+00,
1,2107,2026-03-20,14:30:00,Juan Di Tocco,1169539200,true,16000,15:00:00,4,2026-03-19 13:26:26.358+00,Juan Di Tocco,,2026-03-19 13:26:26.358+00,
5,2108,2026-03-20,16:45:00,Tincho,,true,14000,17:15:00,6,2026-03-19 13:32:06.11+00,Sebastian Fraga,,2026-03-19 13:32:06.11+00,
5,2109,2026-03-19,11:30:00,Pablo Fiedler,,true,16000,12:00:00,6,2026-03-19 13:56:35.153+00,Valentino,,2026-03-19 13:56:35.153+00,
1,2110,2026-03-19,11:30:00,Quintin,,true,16000,12:00:00,6,2026-03-19 14:00:35.702+00,Sebastian Fraga,,2026-03-19 14:00:35.702+00,
1,2111,2026-03-19,14:45:00,Mariano NTF,,true,11000,15:30:00,3,2026-03-19 15:27:32.169+00,Sebastian Fraga,,2026-03-19 15:27:32.169+00,
1,2112,2026-03-20,19:30:00,Emiliano Guareschi,1141596914,true,16000,20:00:00,6,2026-03-19 16:24:59.327+00,Emiliano Guareschi,,2026-03-19 16:24:59.327+00,
5,2113,2026-03-21,15:00:00,Gere,,true,14000,15:30:00,6,2026-03-19 17:33:28.511+00,Valentino,,2026-03-19 17:33:28.511+00,
1,2114,2026-03-20,11:30:00,CORTE SEBA,0000000000,false,,12:00:00,1,2026-03-19 17:39:10.12+00,Sebastian Fraga,,2026-03-19 17:39:10.12+00,
5,2115,2026-03-20,11:30:00,CORTE SEBA,0000000000,false,,12:00:00,1,2026-03-19 17:39:29.862+00,Valentino,,2026-03-19 17:39:29.862+00,
5,2116,2026-03-20,14:30:00,Tara,,true,14000,15:00:00,6,2026-03-19 18:39:08.063+00,Valentino,,2026-03-19 18:39:08.063+00,
5,2117,2026-03-19,16:00:00,A,,true,16000,16:30:00,6,2026-03-19 19:18:36.31+00,Valentino,,2026-03-19 19:18:36.31+00,
5,2119,2026-03-21,14:30:00,Laureano ezquerra,1140584208,true,16000,15:00:00,6,2026-03-20 12:51:19.414+00,Laureano ezquerra,,2026-03-20 12:51:19.414+00,
1,2120,2026-03-20,12:30:00,Adrian Colo,,true,19000,13:00:00,6,2026-03-20 13:54:19.085+00,Sebastian Fraga,,2026-03-20 13:54:19.085+00,
1,2121,2026-03-20,11:00:00,Lauti Virtuani,,true,16000,11:30:00,6,2026-03-20 13:55:37.312+00,Sebastian Fraga,,2026-03-20 13:55:37.312+00,
5,2122,2026-03-20,15:00:00,Aa,,true,16000,15:30:00,6,2026-03-20 18:29:20.194+00,Valentino,,2026-03-20 18:29:20.194+00,
1,2123,2026-03-20,19:00:00,Bicicleteria,,true,16000,19:30:00,6,2026-03-20 20:37:47.29+00,Sebastian Fraga,,2026-03-20 20:37:47.29+00,
1,2124,2026-03-24,12:00:00,Franco Concaro,1165121999,true,19000,12:30:00,6,2026-03-20 21:21:54.104+00,Franco Concaro,,2026-03-20 21:21:54.104+00,
1,2125,2026-03-20,18:00:00,Cristisn Peña,,true,16000,18:30:00,6,2026-03-21 09:12:10.151+00,Sebastian Fraga,,2026-03-21 09:12:10.151+00,
5,2126,2026-03-21,12:00:00,Agus,1553846974,true,16000,12:30:00,6,2026-03-21 12:36:36.828+00,Agus,,2026-03-21 12:36:36.828+00,
5,2127,2026-03-21,12:30:00,Ivi,,true,14000,13:00:00,6,2026-03-21 14:18:30.158+00,Valentino,,2026-03-21 14:18:30.158+00,
5,2128,2026-03-21,17:00:00,Lucio,,true,16000,17:30:00,6,2026-03-21 15:13:37.71+00,Valentino,,2026-03-21 15:13:37.71+00,
1,2129,2026-03-24,15:30:00,"Santiago Falcón ",1156649374,true,16000,16:00:00,6,2026-03-22 00:03:32.838+00,"Santiago Falcón ",,2026-03-22 00:03:32.838+00,
1,2130,2026-03-24,15:00:00,"benicio buschiazzo ",1162290038,true,14000,15:30:00,6,2026-03-23 15:37:46.076+00,"benicio buschiazzo ",,2026-03-23 15:37:46.076+00,
5,2131,2026-03-25,18:00:00,"Juan ignacio Molina ",1168820931,true,16000,18:30:00,6,2026-03-23 19:03:50.272+00,"Juan ignacio Molina ",,2026-03-23 19:03:50.272+00,
1,2132,2026-03-24,13:00:00,Nachoto,,true,10000,13:30:00,6,2026-03-23 19:29:32.805+00,Sebastian Fraga,,2026-03-23 19:29:32.805+00,
5,2133,2026-03-25,17:00:00,Firpo,,true,14000,17:30:00,6,2026-03-25 02:02:05.345+00,Valentino,,2026-03-25 02:02:05.345+00,
5,2134,2026-03-27,15:00:00,Franco palencia,1151224036,true,16000,15:30:00,4,2026-03-25 12:22:41.965+00,Franco palencia,,2026-03-25 12:22:41.965+00,
5,2135,2026-03-25,14:30:00,Augusto,,true,16000,15:00:00,6,2026-03-25 14:15:34.492+00,Valentino,,2026-03-25 14:15:34.492+00,
1,2136,2026-03-25,14:15:00,"Ezequiel ",1124612329,true,16000,14:45:00,6,2026-03-25 14:54:02.915+00,"Ezequiel ",,2026-03-25 14:54:02.915+00,
1,2137,2026-03-27,15:30:00,Keki,1136525482,true,16000,16:00:00,6,2026-03-25 15:33:32.872+00,Keki,,2026-03-25 15:33:32.872+00,
5,2138,2026-03-25,15:00:00,"Adrián ",1162544401,true,19000,15:45:00,3,2026-03-25 16:11:58.221+00,"Adrián ",,2026-03-25 16:11:58.221+00,
5,2140,2026-03-26,18:00:00,Tomas,,true,16000,18:30:00,6,2026-03-25 17:13:28.529+00,Valentino,,2026-03-25 17:13:28.529+00,
1,2141,2026-03-27,18:15:00,Nacho Lamamith,,true,19000,19:00:00,3,2026-03-25 18:51:20.558+00,Sebastian Fraga,,2026-03-25 18:51:20.558+00,
1,2142,2026-03-27,19:00:00,Nicolas Morales,,true,14000,19:45:00,3,2026-03-25 18:51:51.769+00,Sebastian Fraga,,2026-03-25 18:51:51.769+00,
5,2144,2026-03-26,16:30:00,"Joaquín Bortolotti ",1168562561,true,16000,17:00:00,6,2026-03-25 20:42:46.336+00,"Joaquín Bortolotti ",,2026-03-25 20:42:46.336+00,
5,2145,2026-03-25,18:30:00,Tato,,true,14000,19:00:00,6,2026-03-25 21:02:03.042+00,Valentino,,2026-03-25 21:02:03.042+00,
1,2146,2026-03-25,19:00:00,A,,true,16000,19:30:00,6,2026-03-25 22:39:04.84+00,Sebastian Fraga,,2026-03-25 22:39:04.84+00,
1,2147,2026-03-25,18:00:00,Matias Guarella,,true,19000,18:45:00,3,2026-03-25 22:39:25.485+00,Sebastian Fraga,,2026-03-25 22:39:25.485+00,
5,2148,2026-03-26,15:00:00,"Estanislao ",,true,11000,15:30:00,1,2026-03-25 22:44:18.544+00,Valentino,,2026-03-25 22:44:18.544+00,
5,2149,2026-03-26,16:00:00,Verdulero,,true,14000,16:30:00,6,2026-03-26 01:39:08.393+00,Valentino,,2026-03-26 01:39:08.393+00,
5,2151,2026-03-27,16:00:00,Oliva,,true,14000,16:30:00,6,2026-03-26 13:56:56.738+00,Valentino,,2026-03-26 13:56:56.738+00,
1,2152,2026-03-26,19:15:00,Rai,,true,16000,19:45:00,6,2026-03-26 15:21:23.831+00,Sebastian Fraga,,2026-03-26 15:21:23.831+00,
1,2155,2026-03-27,17:45:00,Jony Vecino,,true,16000,18:15:00,6,2026-03-26 15:44:18.967+00,Sebastian Fraga,,2026-03-26 15:44:18.967+00,
1,2156,2026-03-26,18:00:00,Alicia,,true,12800,18:30:00,6,2026-03-26 16:05:06.176+00,Sebastian Fraga,,2026-03-26 16:05:06.176+00,
5,2157,2026-03-28,14:30:00,Laureano ezquerra,1140584208,true,16000,15:00:00,6,2026-03-26 17:05:31.126+00,Laureano ezquerra,,2026-03-26 17:05:31.126+00,
1,2158,2026-03-26,16:15:00,Pablo Ivanoff,,true,16000,16:45:00,6,2026-03-26 18:53:23.896+00,Sebastian Fraga,,2026-03-26 18:53:23.896+00,
5,2160,2026-03-27,17:30:00,FACULTAD,0000000000,false,,20:00:00,1,2026-03-26 20:43:49.464+00,Valentino,,2026-03-26 20:43:49.464+00,
1,2161,2026-03-27,14:30:00,Virginia Luna,,true,14000,15:00:00,6,2026-03-26 22:48:50.139+00,Sebastian Fraga,,2026-03-26 22:48:50.139+00,
5,2162,2026-03-27,11:00:00,Bis,,true,14000,11:30:00,6,2026-03-26 23:16:57.823+00,Valentino,,2026-03-26 23:16:57.823+00,
1,2163,2026-03-27,11:00:00,Lauti Virtuani,1223344556,true,8000,11:30:00,6,2026-03-27 01:37:54.6+00,Lauti Virtuani,,2026-03-27 01:37:54.6+00,
1,2164,2026-03-27,16:00:00,Federico di vito,1165600221,true,16000,16:30:00,4,2026-03-27 01:44:24.251+00,Federico di vito,,2026-03-27 01:44:24.251+00,
1,2165,2026-03-28,11:30:00,Adrian COLO,,true,19000,12:15:00,3,2026-03-27 13:17:49.226+00,Sebastian Fraga,,2026-03-27 13:17:49.226+00,
1,2166,2026-03-27,11:30:00,Juan Maniel,1158207385,true,16000,12:00:00,6,2026-03-27 14:23:41.717+00,Juan Maniel,,2026-03-27 14:23:41.717+00,
1,2167,2026-03-27,17:00:00,Manuel,,true,11000,17:30:00,6,2026-03-27 18:02:17.048+00,Sebastian Fraga,,2026-03-27 18:02:17.048+00,
1,2168,2026-03-27,12:30:00,CEJAS,,true,16000,13:00:00,6,2026-03-27 20:47:05.587+00,Sebastian Fraga,,2026-03-27 20:47:05.587+00,
1,2169,2026-03-28,12:15:00,Nahuel Moizello,,true,16000,13:00:00,3,2026-03-27 20:50:04.783+00,Sebastian Fraga,,2026-03-27 20:50:04.783+00,
5,2170,2026-03-28,15:00:00,Geremias,,true,14000,15:30:00,6,2026-03-27 20:50:45.296+00,Valentino,,2026-03-27 20:50:45.296+00,
1,2171,2026-03-28,14:30:00,Tomi Kaufman,,true,16000,15:00:00,6,2026-03-28 14:18:01.026+00,Sebastian Fraga,,2026-03-28 14:18:01.026+00,
1,2172,2026-03-28,15:00:00,a,,true,16000,15:30:00,6,2026-03-28 18:16:39.219+00,Sebastian Fraga,,2026-03-28 18:16:39.219+00,
1,2173,2026-03-28,18:30:00,Fernando,,true,16000,19:00:00,6,2026-03-28 18:20:32.017+00,Sebastian Fraga,,2026-03-28 18:20:32.017+00,
5,2174,2026-03-28,17:30:00,Yago OPEN,,true,15200,18:00:00,6,2026-03-28 20:03:12.072+00,Valentino,,2026-03-28 20:03:12.072+00,
1,2175,2026-03-31,17:00:00,Juan di tocco,1169539200,true,12800,17:30:00,4,2026-03-29 16:03:17.852+00,Juan di tocco,,2026-03-29 16:03:17.852+00,
5,2176,2026-04-02,16:00:00,Panza,,true,14000,16:30:00,6,2026-03-30 14:30:20.989+00,Valentino,,2026-03-30 14:30:20.989+00,
5,2177,2026-03-31,17:30:00,Feli,,true,14000,18:00:00,6,2026-03-30 15:03:46.934+00,Valentino,,2026-03-30 15:03:46.934+00,
1,2178,2026-03-31,11:00:00,Ale Mansilla,,true,16000,11:30:00,6,2026-03-30 16:59:15.404+00,Sebastian Fraga,,2026-03-30 16:59:15.404+00,
1,2179,2026-03-31,18:00:00,Marido Alicia,,true,12800,18:30:00,6,2026-03-30 16:59:39.701+00,Sebastian Fraga,,2026-03-30 16:59:39.701+00,
1,2180,2026-03-31,16:30:00,Lautaro Davila,,true,16000,17:00:00,6,2026-03-30 17:42:20.432+00,Sebastian Fraga,,2026-03-30 17:42:20.432+00,
5,2181,2026-03-31,18:00:00,agustin zaragoci,1157813054,true,16000,18:30:00,6,2026-03-30 20:38:36.419+00,agustin zaragoci,,2026-03-30 20:38:36.419+00,
5,2182,2026-03-31,11:00:00,Alejandro Longhini,,true,16000,11:30:00,6,2026-03-31 11:27:14.021+00,Valentino,,2026-03-31 11:27:14.021+00,
5,2183,2026-04-01,17:30:00,Juan,,true,16000,18:00:00,6,2026-03-31 14:47:49.975+00,Valentino,,2026-03-31 14:47:49.975+00,
5,2184,2026-04-01,11:00:00,Facultad,0000000000,false,,12:30:00,1,2026-03-31 14:48:24.239+00,Valentino,,2026-03-31 14:48:24.239+00,
5,2185,2026-03-31,12:00:00,A,,true,16000,12:30:00,6,2026-03-31 15:46:43.029+00,Sebastian Fraga,,2026-03-31 15:46:43.029+00,
1,2186,2026-03-31,15:30:00,Hermano Marto,,true,16000,16:00:00,6,2026-03-31 15:48:49.947+00,Sebastian Fraga,,2026-03-31 15:48:49.947+00,
5,2187,2026-04-02,18:30:00,Cristian PEÑA,,true,19000,19:15:00,3,2026-03-31 16:36:33.92+00,Valentino,,2026-03-31 16:36:33.92+00,
1,2188,2026-04-02,18:30:00,Hijo Cristian PEÑA,,true,16000,19:00:00,6,2026-03-31 16:36:53.29+00,Sebastian Fraga,,2026-03-31 16:36:53.29+00,
1,2189,2026-04-18,13:00:00,Almuerzo,0000000000,false,,14:00:00,1,2026-03-31 16:37:34.261+00,Sebastian Fraga,,2026-03-31 16:37:34.261+00,
1,2190,2026-04-03,13:00:00,Almuerzo,0000000000,false,,16:00:00,1,2026-03-31 16:37:34.234+00,Sebastian Fraga,,2026-03-31 16:37:34.234+00,
1,2191,2026-04-10,13:00:00,Almuerzo,0000000000,false,,14:00:00,1,2026-03-31 16:37:34.273+00,Sebastian Fraga,,2026-03-31 16:37:34.273+00,
1,2193,2026-04-02,13:00:00,Almuerzo,0000000000,false,,14:00:00,1,2026-03-31 16:37:34.23+00,Sebastian Fraga,,2026-03-31 16:37:34.23+00,
1,2194,2026-04-04,16:30:00,A,0000000000,false,,18:30:00,1,2026-03-31 16:37:34.611+00,Sebastian Fraga,,2026-03-31 16:37:34.611+00,
1,2195,2026-04-01,13:00:00,Almuerzo,0000000000,false,,14:00:00,1,2026-03-31 16:37:34.234+00,Sebastian Fraga,,2026-03-31 16:37:34.234+00,
1,2196,2026-04-08,13:00:00,Almuerzo,0000000000,false,,14:00:00,1,2026-03-31 16:37:34.277+00,Sebastian Fraga,,2026-03-31 16:37:34.277+00,
1,2197,2026-04-22,13:00:00,Almuerzo,0000000000,false,,14:00:00,1,2026-03-31 16:37:34.737+00,Sebastian Fraga,,2026-03-31 16:37:34.737+00,
1,2198,2026-04-16,11:00:00,URUGUAY,0000000000,false,,19:45:00,1,2026-03-31 16:37:34.819+00,Sebastian Fraga,,2026-03-31 16:37:34.819+00,
1,2199,2026-04-15,15:00:00,PASAJES,0000000000,false,,19:00:00,1,2026-03-31 16:37:34.811+00,Sebastian Fraga,,2026-04-15 22:45:12.574002+00,
1,2200,2026-04-21,13:00:00,Almuerzo,0000000000,false,,14:00:00,1,2026-03-31 16:37:34.814+00,Sebastian Fraga,,2026-03-31 16:37:34.814+00,
1,2201,2026-04-30,13:30:00,Almuerzo,0000000000,false,,14:30:00,1,2026-03-31 16:37:34.86+00,Sebastian Fraga,,2026-04-28 06:58:16.111701+00,
1,2202,2026-04-17,11:00:00,URUGUAY,0000000000,false,,14:30:00,1,2026-03-31 16:37:34.877+00,Sebastian Fraga,,2026-04-17 15:39:14.220964+00,
1,2203,2026-05-02,19:15:00,PLATENSE,0000000000,false,,19:45:00,1,2026-03-31 16:37:34.875+00,Sebastian Fraga,,2026-05-02 21:20:44.208749+00,
1,2204,2026-04-07,13:30:00,Almuerzo,0000000000,false,,14:30:00,1,2026-03-31 16:37:34.882+00,Sebastian Fraga,,2026-03-31 16:37:34.882+00,
1,2205,2026-04-11,13:00:00,Almuerzo,0000000000,false,,14:00:00,1,2026-03-31 16:37:34.898+00,Sebastian Fraga,,2026-03-31 16:37:34.898+00,
1,2206,2026-05-01,17:00:00,CUMPLE TIA,0000000000,false,,19:45:00,1,2026-03-31 16:37:34.827+00,Sebastian Fraga,,2026-04-30 16:54:34.667727+00,
1,2207,2026-04-24,13:30:00,Almuerzo,0000000000,false,,14:30:00,1,2026-03-31 16:37:34.854+00,Sebastian Fraga,,2026-04-24 15:53:12.949703+00,
1,2208,2026-04-23,13:30:00,Almuerzo,0000000000,false,,14:30:00,1,2026-03-31 16:37:34.89+00,Sebastian Fraga,,2026-04-23 15:29:41.076932+00,
1,2209,2026-04-25,13:30:00,Almuerzo,0000000000,false,,14:30:00,1,2026-03-31 16:37:34.883+00,Sebastian Fraga,,2026-04-23 15:39:54.024389+00,
1,2210,2026-04-15,13:00:00,Almuerzo,0000000000,false,,14:00:00,1,2026-03-31 16:37:34.911+00,Sebastian Fraga,,2026-03-31 16:37:34.911+00,
5,2211,2026-04-01,13:00:00,Almuerzo,0000000000,false,,14:00:00,1,2026-03-31 16:38:03.583+00,Valentino,,2026-03-31 16:38:03.583+00,
5,2212,2026-04-17,13:00:00,Almuerzo,0000000000,false,,14:00:00,1,2026-03-31 16:38:03.59+00,Valentino,,2026-03-31 16:38:03.59+00,
5,2213,2026-04-11,13:00:00,Almuerzo,0000000000,false,,14:00:00,1,2026-03-31 16:38:03.586+00,Valentino,,2026-03-31 16:38:03.586+00,
5,2214,2026-04-07,13:00:00,Almuerzo,0000000000,false,,14:00:00,1,2026-03-31 16:38:03.585+00,Valentino,,2026-03-31 16:38:03.585+00,
5,2215,2026-04-17,17:30:00,FACULTAD,0000000000,false,,19:45:00,1,2026-03-31 16:38:03.594+00,Valentino,,2026-04-16 04:36:34.945112+00,
5,2216,2026-04-08,13:00:00,Almuerzo,0000000000,false,,14:00:00,1,2026-03-31 16:38:03.617+00,Valentino,,2026-03-31 16:38:03.617+00,
5,2217,2026-04-22,13:30:00,Almuerzo,0000000000,false,,14:30:00,1,2026-03-31 16:38:03.651+00,Valentino,,2026-04-22 16:02:53.786381+00,
5,2218,2026-04-10,13:00:00,Almuerzo,0000000000,false,,14:00:00,1,2026-03-31 16:38:03.625+00,Valentino,,2026-03-31 16:38:03.625+00,
5,2219,2026-05-01,15:15:00,.,0000000000,false,,19:45:00,1,2026-03-31 16:38:03.648+00,Valentino,,2026-05-01 05:15:12.351866+00,
5,2220,2026-04-04,13:30:00,Almuerzo,0000000000,false,,14:30:00,1,2026-03-31 16:38:03.671+00,Valentino,,2026-03-31 16:38:03.671+00,
5,2221,2026-05-02,17:00:00,.,0000000000,false,,19:45:00,1,2026-03-31 16:38:03.641+00,Valentino,,2026-05-02 18:49:57.238211+00,
5,2222,2026-04-18,13:00:00,Almuerzo,0000000000,false,,14:00:00,1,2026-03-31 16:38:03.698+00,Valentino,,2026-03-31 16:38:03.698+00,
5,2223,2026-04-15,19:15:00,Facultad,0000000000,false,,19:45:00,1,2026-03-31 16:38:03.584+00,Valentino,,2026-04-15 18:26:09.081034+00,
5,2224,2026-04-28,13:00:00,Almuerzo,0000000000,false,,14:00:00,1,2026-03-31 16:38:03.589+00,Valentino,,2026-03-31 16:38:03.589+00,
5,2225,2026-04-24,11:00:00,Almuerzo,0000000000,false,,14:00:00,1,2026-03-31 16:38:03.604+00,Valentino,,2026-04-23 19:29:36.424837+00,
5,2226,2026-04-09,13:00:00,Almuerzo,0000000000,false,,14:00:00,1,2026-03-31 16:38:03.587+00,Valentino,,2026-03-31 16:38:03.587+00,
5,2227,2026-04-02,13:00:00,Almuerzo,0000000000,false,,14:00:00,1,2026-03-31 16:38:03.586+00,Valentino,,2026-03-31 16:38:03.586+00,
5,2228,2026-04-29,13:00:00,Almuerzo,0000000000,false,,14:00:00,1,2026-03-31 16:38:03.671+00,Valentino,2026-04-28 06:57:05.186+00,2026-04-28 06:57:05.271289+00,Valentino
5,2229,2026-04-21,13:00:00,Almuerzo,0000000000,false,,14:00:00,1,2026-03-31 16:38:03.634+00,Valentino,,2026-03-31 16:38:03.634+00,
5,2230,2026-04-16,13:00:00,Almuerzo,0000000000,false,,14:00:00,1,2026-03-31 16:38:03.621+00,Valentino,,2026-03-31 16:38:03.621+00,
5,2231,2026-04-03,13:00:00,Almuerzo,0000000000,false,,19:45:00,1,2026-03-31 16:38:03.614+00,Valentino,,2026-03-31 16:38:03.614+00,
5,2232,2026-04-23,13:00:00,Almuerzo,0000000000,false,,14:00:00,1,2026-03-31 16:38:03.639+00,Valentino,,2026-03-31 16:38:03.639+00,
1,2233,2026-03-31,16:00:00,Federico Gago,1124735550,true,16000,16:30:00,6,2026-03-31 18:17:44.905+00,Federico Gago,,2026-03-31 18:17:44.905+00,
5,2235,2026-04-02,15:00:00,Axel,,true,14000,15:30:00,6,2026-03-31 23:37:06.567+00,Valentino,,2026-03-31 23:37:06.567+00,
5,2236,2026-04-02,15:30:00,Amiguito de axel,,true,14000,16:00:00,6,2026-03-31 23:37:17.178+00,Valentino,,2026-03-31 23:37:17.178+00,
1,2237,2026-04-01,15:00:00,Nahuel Ingravallo,,true,16000,15:30:00,6,2026-04-01 02:40:22.556+00,Sebastian Fraga,,2026-04-01 02:40:22.556+00,
5,2238,2026-04-01,18:00:00,Mateo Patroni,1150043635,true,16000,18:30:00,6,2026-04-01 14:07:18.9+00,Mateo Patroni,,2026-04-01 14:07:18.9+00,
5,2240,2026-04-01,12:30:00,Eduardo Carr,,true,16000,13:00:00,6,2026-04-01 14:36:16.789+00,Sebastian Fraga,,2026-04-01 14:36:16.789+00,
5,2243,2026-04-01,15:45:00,Tara,,true,14000,16:15:00,4,2026-04-01 16:34:08.644+00,Valentino,,2026-04-01 16:34:08.644+00,
1,2244,2026-04-04,11:45:00,Ale Fourcade,,true,14000,12:30:00,3,2026-04-01 17:27:54.151+00,Sebastian Fraga,,2026-04-01 17:27:54.151+00,
5,2245,2026-04-01,15:00:00,A,,true,16000,15:30:00,6,2026-04-01 18:20:34.677+00,Valentino,,2026-04-01 18:20:34.677+00,
5,2246,2026-04-01,16:15:00,Juan zumel,,true,14000,16:45:00,6,2026-04-01 18:50:25.487+00,Valentino,,2026-04-01 18:50:25.487+00,
1,2247,2026-04-01,15:30:00,A,,true,19000,16:15:00,3,2026-04-01 19:41:11.153+00,Sebastian Fraga,,2026-04-01 19:41:11.153+00,
1,2248,2026-04-01,16:15:00,B,,true,16000,16:45:00,6,2026-04-01 19:41:23.137+00,Sebastian Fraga,,2026-04-01 19:41:23.137+00,
1,2249,2026-04-01,16:45:00,Joaco Longhini,,true,16000,17:15:00,6,2026-04-01 19:42:05.067+00,Sebastian Fraga,,2026-04-01 19:42:05.067+00,
5,2252,2026-04-02,16:30:00,Lorenzo,,true,16000,17:00:00,6,2026-04-02 14:08:16.207+00,Valentino,,2026-04-02 14:08:16.207+00,
5,2253,2026-04-02,11:30:00,Gaston,,true,16000,12:00:00,6,2026-04-02 14:59:37.623+00,Valentino,,2026-04-02 14:59:37.623+00,
5,2255,2026-04-02,17:00:00,Mateo castro,,true,16000,17:30:00,6,2026-04-02 16:59:40.962+00,Valentino,,2026-04-02 16:59:40.962+00,
5,2256,2026-04-02,18:00:00,A,,true,19000,18:45:00,3,2026-04-02 22:19:46.093+00,Valentino,,2026-04-02 22:19:46.093+00,
1,2257,2026-04-03,19:00:00,Lucas gnoffo,1135235520,true,16000,19:30:00,6,2026-04-02 23:58:10.188+00,Lucas gnoffo,,2026-04-02 23:58:10.188+00,
5,2258,2026-04-04,19:00:00,"Matías Butti ",1160567617,true,16000,19:30:00,6,2026-04-03 15:43:03.528+00,"Matías Butti ",,2026-04-03 15:43:03.528+00,
1,2259,2026-04-03,16:00:00,Benicio,,true,14000,16:30:00,6,2026-04-03 15:49:15.327+00,Sebastian Fraga,,2026-04-03 15:49:15.327+00,
1,2260,2026-04-02,19:45:00,Franco,,true,16000,20:15:00,6,2026-04-03 16:53:06.118+00,Gabriel,,2026-04-03 16:53:06.118+00,
1,2261,2026-04-03,18:15:00,A,1167332798,true,16000,18:45:00,6,2026-04-03 17:46:40.684+00,Gabriel,,2026-04-03 17:46:40.684+00,
1,2262,2026-04-03,16:30:00,"Quintin pozo ",1140864708,true,16000,17:00:00,6,2026-04-03 17:58:29.588+00,"Quintin pozo ",,2026-04-03 17:58:29.588+00,
1,2263,2026-04-03,17:00:00,Fabi induti,,true,16000,17:30:00,6,2026-04-03 19:03:22.014+00,Sebastian Fraga,,2026-04-03 19:03:22.014+00,
1,2264,2026-04-03,17:30:00,Gustavo Weber,,true,16000,18:00:00,6,2026-04-03 19:04:30.732+00,Sebastian Fraga,,2026-04-03 19:04:30.732+00,
1,2265,2026-04-04,12:30:00,Vir Luna,,true,14000,13:00:00,6,2026-04-03 19:05:08.35+00,Sebastian Fraga,,2026-04-03 19:05:08.35+00,
1,2266,2026-04-03,19:30:00,Lauti Virtuani,,true,8000,20:00:00,6,2026-04-03 20:27:39.17+00,Sebastian Fraga,,2026-04-03 20:27:39.17+00,
5,2268,2026-04-04,14:30:00,Gere,,true,14000,15:00:00,6,2026-04-03 23:19:23.387+00,Valentino,,2026-04-03 23:19:23.387+00,
1,2269,2026-04-04,15:30:00,Santi Scw,,true,16000,16:00:00,6,2026-04-03 23:27:28.23+00,Sebastian Fraga,,2026-04-03 23:27:28.23+00,
1,2270,2026-04-04,14:00:00,Juanchi Sambuceti,,true,19000,14:30:00,6,2026-04-03 23:51:56.077+00,Sebastian Fraga,,2026-04-03 23:51:56.077+00,
1,2271,2026-04-04,16:00:00,José Ignacio ezquerra,1166046526,true,16000,16:30:00,4,2026-04-04 12:56:13.214+00,José Ignacio ezquerra,,2026-04-04 12:56:13.214+00,
5,2272,2026-04-04,16:00:00,Milo,,true,16000,16:30:00,6,2026-04-04 13:42:04.642+00,Valentino,,2026-04-04 13:42:04.642+00,
5,2273,2026-04-04,11:30:00,A,,true,16000,12:00:00,6,2026-04-04 14:38:23.617+00,Valentino,,2026-04-04 14:38:23.617+00,
1,2274,2026-04-04,11:15:00,Ziletti,,true,16000,11:45:00,6,2026-04-04 14:52:05.418+00,Sebastian Fraga,,2026-04-04 14:52:05.418+00,
1,2275,2026-04-04,19:00:00,"Gabriel ",1167332798,true,19000,19:45:00,3,2026-04-04 15:44:28.353+00,"Gabriel ",,2026-04-04 15:44:28.353+00,
5,2276,2026-04-04,12:30:00,B,,true,16000,13:00:00,6,2026-04-04 16:19:57.227+00,Valentino,,2026-04-04 16:19:57.227+00,
5,2277,2026-04-04,12:00:00,C,,true,16000,12:30:00,6,2026-04-04 16:20:05.197+00,Valentino,,2026-04-04 16:20:05.197+00,
5,2278,2026-04-04,13:00:00,C,,true,16000,13:30:00,6,2026-04-04 16:20:28.193+00,Valentino,,2026-04-04 16:20:28.193+00,
1,2279,2026-04-04,15:00:00,"Valentino ",1167869617,true,16000,15:30:00,6,2026-04-04 17:34:25.553+00,"Valentino ",,2026-04-04 17:34:25.553+00,
5,2280,2026-04-04,15:30:00,A,,true,16000,16:00:00,6,2026-04-04 18:26:26.207+00,Valentino,,2026-04-04 18:26:26.207+00,
1,2281,2026-04-04,18:30:00,Primito,,true,15000,19:00:00,6,2026-04-04 20:58:53.972+00,Sebastian Fraga,,2026-04-04 20:58:53.972+00,
1,2282,2026-04-04,14:30:00,Ale cicero,,true,16000,15:00:00,6,2026-04-04 23:10:08.12+00,Sebastian Fraga,,2026-04-04 23:10:08.12+00,
5,2283,2026-04-07,19:00:00,Franco Palencia,1151224036,true,16000,19:30:00,4,2026-04-05 22:27:55.152+00,Franco Palencia,,2026-04-05 22:27:55.152+00,
1,2284,2026-04-04,13:15:00,Mati De Carli,,true,16000,13:45:00,6,2026-04-05 22:52:30.189+00,Sebastian Fraga,,2026-04-05 22:52:30.189+00,
1,2285,2026-04-07,15:00:00,Martin Petrignani,1130061487,true,16000,15:30:00,6,2026-04-07 00:26:25.589+00,Martin Petrignani,,2026-04-07 00:26:25.589+00,
5,2286,2026-04-07,16:00:00,Estanislao,,true,11000,16:30:00,1,2026-04-07 13:52:09.357+00,Valentino,,2026-04-07 13:52:09.357+00,
1,2287,2026-04-07,13:00:00,Paco Grimaux,,true,16000,13:30:00,6,2026-04-07 13:52:54.092+00,Sebastian Fraga,,2026-04-07 13:52:54.092+00,
1,2288,2026-04-10,17:30:00,Lucho DavilA,,true,16000,18:00:00,6,2026-04-07 13:54:35.966+00,Sebastian Fraga,,2026-04-07 13:54:35.966+00,
5,2290,2026-04-08,14:30:00,Markus,,true,16000,15:00:00,6,2026-04-07 13:57:21.37+00,Valentino,,2026-04-07 13:57:21.37+00,
5,2291,2026-04-07,15:30:00,Ariel,,true,16000,16:00:00,6,2026-04-07 16:15:52.22+00,Valentino,,2026-04-07 16:15:52.22+00,
1,2292,2026-04-07,15:30:00,"Ezequiel ",1124612329,true,16000,16:00:00,6,2026-04-07 17:24:23.897+00,"Ezequiel ",,2026-04-07 17:24:23.897+00,
1,2294,2026-04-10,19:00:00,Lauti Davila,,true,16000,19:30:00,6,2026-04-07 19:40:33.236+00,Sebastian Fraga,,2026-04-07 19:40:33.236+00,
5,2295,2026-04-07,17:00:00,Tito,,true,16000,17:30:00,6,2026-04-07 20:25:56.289+00,Valentino,,2026-04-07 20:25:56.289+00,
5,2296,2026-04-07,18:15:00,A,,true,19000,19:00:00,3,2026-04-07 22:54:25.937+00,Valentino,,2026-04-07 22:54:25.937+00,
1,2297,2026-04-08,11:00:00,"Gabriel Morales ",1162219319,true,16000,11:30:00,6,2026-04-08 11:04:07.209+00,Gabriel,,2026-04-08 11:04:07.209+00,
1,2298,2026-04-08,16:00:00,Benja Pieruzzini,,true,16000,16:30:00,6,2026-04-08 13:10:32.804+00,Sebastian Fraga,,2026-04-08 13:10:32.804+00,
1,2299,2026-04-08,14:00:00,Santi Signori,,true,16000,14:30:00,6,2026-04-08 14:26:12.911+00,Sebastian Fraga,,2026-04-08 14:26:12.911+00,
1,2300,2026-04-08,15:15:00,A,,true,16000,15:45:00,6,2026-04-08 18:43:43.635+00,Sebastian Fraga,,2026-04-08 18:43:43.635+00,
5,2301,2026-04-09,11:30:00,Brayan,,true,16000,12:00:00,6,2026-04-08 19:03:20.241+00,Valentino,,2026-04-08 19:03:20.241+00,
5,2302,2026-04-08,16:30:00,A,,true,16000,17:00:00,6,2026-04-08 19:28:04.033+00,Valentino,,2026-04-08 19:28:04.033+00,
1,2303,2026-04-08,17:15:00,"Emiliano guareschi ",1141596914,true,16000,17:45:00,6,2026-04-08 19:38:36.26+00,"Emiliano guareschi ",,2026-04-08 19:38:36.26+00,
1,2306,2026-04-10,18:30:00,Nicolas Morales,,true,14000,19:00:00,6,2026-04-08 20:09:33.344+00,Sebastian Fraga,,2026-04-08 20:09:33.344+00,
5,2307,2026-04-11,15:00:00,Laureano ezquerra,1140584208,true,16000,15:30:00,6,2026-04-08 21:41:05.218+00,Laureano ezquerra,,2026-04-08 21:41:05.218+00,
5,2309,2026-04-09,12:00:00,Tato,,true,16000,12:30:00,6,2026-04-09 14:14:32.29+00,Valentino,,2026-04-09 14:14:32.29+00,
5,2310,2026-04-09,11:00:00,A,,true,19000,11:45:00,3,2026-04-09 16:58:40.549+00,Valentino,,2026-04-09 16:58:40.549+00,
5,2311,2026-04-09,14:00:00,Chino,,true,16000,14:30:00,6,2026-04-09 16:59:29.482+00,Valentino,,2026-04-09 16:59:29.482+00,
5,2312,2026-04-10,15:00:00,"Francisco ",1154842834,true,16000,15:30:00,6,2026-04-09 18:15:15.748+00,"Francisco ",,2026-04-09 18:15:15.748+00,
5,2313,2026-04-09,17:45:00,Agustin Roda,1138745787,true,16000,18:15:00,6,2026-04-09 19:50:28.009+00,Agustin Roda,,2026-04-09 19:50:28.009+00,
5,2314,2026-04-10,15:30:00,Facha,,true,14000,16:00:00,6,2026-04-09 19:56:40.191+00,Valentino,,2026-04-09 19:56:40.191+00,
1,2315,2026-04-10,14:00:00,"Juan ",1169539200,true,12500,14:30:00,4,2026-04-09 21:42:27.658+00,"Juan ",,2026-04-09 21:42:27.658+00,
5,2316,2026-04-09,18:15:00,Augusto,,true,16000,18:45:00,6,2026-04-09 21:44:17.444+00,Valentino,,2026-04-09 21:44:17.444+00,
5,2317,2026-04-11,14:30:00,Obaya,,true,14000,15:00:00,6,2026-04-09 21:44:48.614+00,Valentino,,2026-04-09 21:44:48.614+00,
1,2319,2026-04-10,18:45:00,Virgi luna,1156381619,true,14000,19:15:00,4,2026-04-10 02:18:49.253+00,Virgi luna,,2026-04-10 02:18:49.253+00,
5,2320,2026-04-03,11:00:00,.,0000000000,false,,11:45:00,1,2026-04-10 13:53:54.067+00,Valentino,,2026-04-10 13:53:54.067+00,
1,2324,2026-04-10,15:00:00,Mauri Oubiña,1134701110,true,16000,15:30:00,6,2026-04-10 14:48:09.357+00,Mauri Oubiña,,2026-04-10 14:48:09.357+00,
1,2325,2026-04-10,19:30:00,Lauti Virtuani,,true,8000,20:00:00,6,2026-04-10 15:14:26.11+00,Sebastian Fraga,,2026-04-10 15:14:26.11+00,
1,2326,2026-04-10,16:00:00,Agustin Ledesma,,true,16000,16:30:00,6,2026-04-10 15:18:23.493+00,Sebastian Fraga,,2026-04-10 15:18:23.493+00,
5,2327,2026-04-10,17:30:00,FACULTAD,0000000000,false,,20:00:00,1,2026-04-10 15:26:45.482+00,Valentino,,2026-04-10 15:26:45.482+00,
5,2328,2026-04-10,17:00:00,Nacho rodriguez,,true,16000,17:30:00,6,2026-04-10 19:23:15.467+00,Valentino,,2026-04-10 19:23:15.467+00,
1,2331,2026-04-11,12:15:00,Ale Fourcade,,true,14000,12:45:00,6,2026-04-10 20:04:41.094+00,Sebastian Fraga,,2026-04-21 19:28:01.62228+00,
5,2332,2026-04-10,16:30:00,A,,true,16000,17:00:00,6,2026-04-10 20:33:25.689+00,Valentino,,2026-04-10 20:33:25.689+00,
1,2333,2026-04-10,18:00:00,A,,true,16000,18:30:00,6,2026-04-10 23:22:29.868+00,Sebastian Fraga,,2026-04-10 23:22:29.868+00,
1,2334,2026-04-10,12:30:00,Ariel Tio,,true,15000,13:00:00,6,2026-04-10 23:22:39.563+00,Sebastian Fraga,,2026-04-10 23:22:39.563+00,
1,2335,2026-04-11,16:00:00,De Carli Matias,1121938635,true,14000,16:30:00,2,2026-04-11 11:53:03.985+00,De Carli Matias,,2026-04-11 11:53:03.985+00,
5,2336,2026-04-11,11:30:00,Gabriel,1156998828,true,16000,12:00:00,6,2026-04-11 12:08:11.647+00,Gabriel,,2026-04-11 12:08:11.647+00,
5,2337,2026-04-11,15:30:00,Gere,,true,14000,16:00:00,6,2026-04-11 13:18:20.573+00,Valentino,,2026-04-11 13:18:20.573+00,
1,2338,2026-04-11,11:00:00,A,,true,16000,11:30:00,6,2026-04-11 14:35:56.806+00,Sebastian Fraga,,2026-04-11 14:35:56.806+00,
1,2339,2026-04-11,18:30:00,CUMPLE PAULA,0000000000,false,,20:00:00,1,2026-04-11 14:38:07.647+00,Sebastian Fraga,,2026-04-11 14:38:07.647+00,
1,2340,2026-04-11,11:30:00,CAP,,true,14000,12:00:00,6,2026-04-11 15:02:00.22+00,Sebastian Fraga,,2026-04-11 15:02:00.22+00,
1,2341,2026-04-11,16:30:00,Matias Guarella,,true,19000,17:15:00,3,2026-04-11 20:26:37.412+00,Sebastian Fraga,,2026-04-11 20:26:37.412+00,
1,2342,2026-04-11,17:15:00,a,,true,16000,17:45:00,6,2026-04-11 21:48:37.594+00,Sebastian Fraga,,2026-04-11 21:48:37.594+00,
5,2343,2026-04-14,14:30:00,Juan Bautista Castignani,1156946866,true,19000,15:15:00,3,2026-04-13 03:06:14.28+00,Juan Bautista Castignani,,2026-04-14 18:14:58.605268+00,
5,2344,2026-04-17,15:00:00,Oliva,,true,14000,15:30:00,6,2026-04-13 13:20:37.004+00,Valentino,,2026-04-17 20:54:00.703284+00,
1,2345,2026-04-14,12:30:00,"Valentin Oubiña ",1166002902,true,16000,13:00:00,6,2026-04-13 17:00:23.243+00,"Valentin Oubiña ",,2026-04-14 16:56:20.615848+00,
1,2346,2026-04-14,15:00:00,"Juan ",1164115200,true,16000,15:30:00,6,2026-04-13 21:27:42.56+00,"Juan ",,2026-04-14 20:04:16.648465+00,
1,2347,2026-04-14,11:00:00,Franco Ivan Funes,1134353579,true,16000,11:30:00,6,2026-04-13 21:46:11.747+00,Franco Ivan Funes,,2026-04-14 15:24:14.483258+00,
1,2348,2026-04-17,18:30:00,Hijo Patricio CAP,,true,16000,19:00:00,6,2026-04-13 22:46:03.797+00,Sebastian Fraga,,2026-04-17 23:08:39.533474+00,
1,2349,2026-05-08,11:00:00,prueba,1231312312,false,,11:30:00,1,2026-04-13 23:28:45.177+00,prueba,2026-04-13 23:29:23.818+00,2026-04-13 23:29:23.922792+00,
1,2350,2026-04-14,18:45:00,Fede Perez,1136334843,true,16000,19:15:00,6,2026-04-14 01:19:32.643+00,Fede Perez,,2026-04-14 22:11:57.710272+00,
5,2351,2026-04-14,11:45:00,Gabi,,true,19000,12:30:00,3,2026-04-14 14:39:48.914+00,Valentino,,2026-04-14 15:23:16.956781+00,
5,2352,2026-04-16,16:00:00,zega,,true,14000,16:30:00,6,2026-04-14 15:16:50.715+00,Valentino,,2026-04-15 22:46:11.136106+00,
1,2353,2026-04-14,14:30:00,Rodrigo llanos,,true,16000,15:00:00,6,2026-04-14 15:17:07.791+00,Sebastian Fraga,,2026-04-14 17:46:07.747236+00,
5,2354,2026-04-14,15:00:00,Amigo Rodrigo Llanos,,false,,15:30:00,6,2026-04-14 17:24:10.416+00,Valentino,2026-04-14 17:46:15.091+00,2026-04-14 17:46:15.20194+00,
1,2355,2026-04-15,14:00:00,benicio buschiazzo,1162290038,true,14000,14:30:00,6,2026-04-14 18:03:33.797+00,benicio buschiazzo,,2026-04-15 17:28:38.792505+00,
5,2356,2026-04-14,16:15:00,"Castro Dario ",1132447572,true,16000,16:45:00,6,2026-04-14 19:03:32.653+00,"Castro Dario ",,2026-04-14 20:04:28.292847+00,
5,2357,2026-04-14,16:45:00,A,,true,16000,17:15:00,6,2026-04-14 20:04:40.589+00,Valentino,,2026-04-14 20:04:46.376491+00,
5,2358,2026-04-16,16:00:00,Zega,,false,,16:30:00,6,2026-04-15 01:33:33.917+00,Valentino,2026-04-15 22:46:05.248+00,2026-04-15 22:46:05.378402+00,
5,2359,2026-04-17,16:15:00,Morandi,,true,14000,16:45:00,6,2026-04-15 01:34:23.32+00,Valentino,,2026-04-17 20:54:27.883023+00,
5,2360,2026-04-17,17:30:00,Facu,,false,,18:15:00,3,2026-04-15 13:08:55.455+00,Valentino,2026-04-16 04:36:52.933+00,2026-04-16 04:36:53.049176+00,
5,2361,2026-04-17,18:15:00,Facu,,false,,19:00:00,3,2026-04-15 13:09:03.864+00,Valentino,2026-04-16 04:36:56.363+00,2026-04-16 04:36:56.729932+00,
5,2362,2026-08-01,19:00:00,Facu,,true,16000,19:45:00,3,2026-04-15 13:09:11.529+00,Valentino,,2026-04-16 04:37:38.203681+00,
5,2363,2026-04-17,16:45:00,Tara,,true,14000,17:15:00,6,2026-04-15 13:09:39.248+00,Valentino,,2026-04-17 20:54:39.081424+00,
1,2364,2026-04-15,19:30:00,Vidrieria,,true,16000,20:00:00,6,2026-04-15 15:45:53.185+00,Sebastian Fraga,,2026-04-15 22:45:07.901413+00,
5,2365,2026-04-15,12:45:00,A,,true,19000,13:30:00,3,2026-04-15 16:01:40.103+00,Valentino,,2026-04-15 21:13:44.943019+00,
1,2366,2026-04-17,15:00:00,Alfredo,1155770044,false,,15:45:00,3,2026-04-15 16:16:58.844+00,Alfredo,2026-04-16 04:38:09.205+00,2026-04-16 04:38:09.313792+00,
1,2367,2026-04-15,14:30:00,Alfredo Guzman,,true,19000,15:00:00,6,2026-04-15 16:31:41.685+00,Sebastian Fraga,,2026-04-15 22:45:01.92397+00,
1,2368,2026-04-15,19:00:00,RAI,,true,16000,19:30:00,6,2026-04-15 22:45:18.995+00,Sebastian Fraga,,2026-04-15 22:45:30.802672+00,
1,2369,2026-04-17,14:30:00,Vir,1156381619,true,14000,15:00:00,6,2026-04-16 04:10:33.562+00,Vir,,2026-04-17 20:05:05.792969+00,
1,2370,2026-04-17,17:45:00,"Quintin ",1140864708,true,16000,18:15:00,4,2026-04-16 15:29:13.401+00,"Quintin ",,2026-04-17 21:29:49.92061+00,
5,2371,2026-04-16,14:00:00,Peter,,true,16000,14:30:00,6,2026-04-16 16:26:46.649+00,Valentino,,2026-04-16 17:28:52.426645+00,
5,2372,2026-04-16,17:00:00,Hijo peter,,true,16000,17:30:00,6,2026-04-16 16:27:01.994+00,Valentino,,2026-04-16 20:38:01.480395+00,
1,2373,2026-04-17,15:00:00,"Ezequiel ",1124612329,true,16000,15:30:00,4,2026-04-16 19:50:18.94+00,"Ezequiel ",,2026-04-17 20:05:19.110334+00,
1,2374,2026-04-17,17:15:00,Gastón Rébolo,1133150679,true,16000,17:45:00,6,2026-04-17 02:18:08.545+00,Gastón Rébolo,,2026-04-17 21:29:40.837593+00,
5,2375,2026-04-17,15:30:00,"Adrián ",1162544401,true,19000,16:15:00,3,2026-04-17 12:46:32.804+00,"Adrián ",,2026-04-17 20:54:08.625391+00,
1,2376,2026-04-17,19:30:00,Matias De Carli,1121938635,true,14000,20:00:00,2,2026-04-17 14:49:06.958+00,Matias De Carli,,2026-04-17 23:09:00.172254+00,
1,2377,2026-04-17,16:30:00,Fede Chavaño,1122334455,true,16000,17:00:00,6,2026-04-17 15:21:57.286+00,Fede Chavaño,,2026-04-17 20:05:25.109896+00,
1,2378,2026-04-18,11:00:00,Oscar Diaz Thompson,1140855573,true,19000,11:45:00,3,2026-04-17 15:38:24.076+00,Oscar Diaz Thompson,,2026-04-18 15:01:26.530736+00,
1,2379,2026-04-18,12:15:00,Ale Fourcade,,false,,13:00:00,3,2026-04-17 15:47:01.597+00,Sebastian Fraga,2026-04-18 15:01:15.481+00,2026-04-18 15:01:15.568668+00,
5,2380,2026-04-17,12:15:00,Enzo colegiales,,true,19000,13:00:00,3,2026-04-17 16:01:21.975+00,Valentino,,2026-04-17 20:53:25.584288+00,
1,2381,2026-04-17,19:00:00,Miguel Iñiguez,1122334455,true,16000,19:30:00,6,2026-04-17 18:57:58.603+00,Miguel Iñiguez,,2026-04-17 23:08:49.541099+00,
1,2382,2026-04-17,16:00:00,Marsalla,,true,16000,16:30:00,6,2026-04-17 20:04:54.723+00,Sebastian Fraga,,2026-04-17 20:05:10.93488+00,
5,2383,2026-04-17,14:30:00,A,,true,16000,15:00:00,6,2026-04-17 20:06:13.019+00,Valentino,,2026-04-17 20:53:37.122984+00,
1,2384,2026-04-18,14:45:00,Lauti Virtuani,,true,8000,15:15:00,6,2026-04-17 21:31:18.468+00,Sebastian Fraga,,2026-04-18 19:42:33.43456+00,
5,2385,2026-04-18,14:00:00,Lautaro,1164115200,true,16000,14:30:00,6,2026-04-17 22:04:51.364+00,Lautaro,,2026-04-18 15:59:29.02779+00,
5,2386,2026-04-18,12:30:00,Gere,,true,14000,13:00:00,6,2026-04-17 22:57:34.546+00,Valentino,,2026-04-18 15:59:23.659487+00,
1,2387,2026-04-18,11:45:00,Franco Concaro,,true,19000,12:30:00,3,2026-04-17 23:17:13.169+00,Sebastian Fraga,,2026-04-18 15:01:33.892896+00,
5,2388,2026-04-18,12:00:00,Julian Aslaterra,,true,16000,12:30:00,6,2026-04-18 15:02:15.162+00,Valentino,,2026-04-18 15:59:04.16363+00,
1,2389,2026-04-18,12:30:00,Lorenzo ariotti,1149177040,true,16000,13:00:00,6,2026-04-18 15:08:23.991+00,Lorenzo ariotti,,2026-04-18 16:14:04.506297+00,
1,2390,2026-04-18,19:30:00,A,,true,16000,20:00:00,6,2026-04-18 16:14:55.57+00,Sebastian Fraga,,2026-04-18 16:15:09.360054+00,
5,2391,2026-04-18,16:30:00,Joaquin,,true,19000,17:15:00,3,2026-04-18 18:02:28.472+00,Valentino,,2026-04-18 20:55:54.024147+00,
5,2392,2026-04-18,15:30:00,Ivan Primo,1122334455,true,14000,16:00:00,6,2026-04-18 18:15:42.508+00,Ivan Primo,,2026-04-18 19:41:15.211733+00,
5,2393,2026-04-18,16:00:00,A,,true,10000,16:30:00,6,2026-04-18 19:41:03.886+00,Valentino,,2026-04-18 20:21:45.72076+00,
1,2394,2026-04-21,18:30:00,Nacho Lamamith,,true,19000,19:15:00,3,2026-04-21 05:10:03.584+00,Valentino,,2026-04-22 00:03:13.491173+00,
1,2395,2026-04-24,16:45:00,julian h,1123914276,true,16000,17:15:00,6,2026-04-21 21:25:10.464+00,julian h,,2026-04-24 20:29:22.982579+00,
1,2396,2026-04-24,14:30:00,"Juan di Tocco ",1169539200,true,12800,15:00:00,4,2026-04-21 22:47:38.805+00,"Juan di Tocco ",,2026-04-24 20:29:03.982268+00,
5,2397,2026-04-23,11:15:00,Ariel PENIA,,true,16000,11:45:00,6,2026-04-22 00:04:37.003+00,Valentino,,2026-04-23 15:29:24.893245+00,
5,2398,2026-04-29,11:00:00,FACULTAD,0000000000,false,,13:00:00,1,2026-04-22 00:05:29.905+00,Valentino,,2026-04-29 01:15:10.325957+00,
5,2399,2026-04-24,17:30:00,FACULTAD,0000000000,false,,20:00:00,1,2026-04-22 00:05:54.362+00,Valentino,,2026-04-22 00:05:54.49147+00,
5,2400,2026-04-25,11:00:00,FACULTAD,0000000000,false,,12:00:00,1,2026-04-22 00:06:20.618+00,Valentino,2026-04-25 13:40:30.805+00,2026-04-25 13:40:30.888103+00,Valentino
5,2401,2026-04-24,17:30:00,FACULTAD,0000000000,false,,19:45:00,1,2026-04-22 00:07:17.044+00,Sebastian Fraga,,2026-04-28 06:51:43.036535+00,
1,2402,2026-04-25,12:45:00,Ale Fourcade,,true,14000,13:30:00,3,2026-04-22 00:08:22.942+00,Sebastian Fraga,,2026-04-25 16:14:14.046414+00,
5,2403,2026-04-23,17:15:00,Tato,,true,14000,17:45:00,6,2026-04-22 00:10:24.138+00,Valentino,,2026-04-23 22:05:15.956105+00,
1,2404,2026-04-25,12:00:00,Matias Navarro,,true,16000,12:45:00,3,2026-04-22 00:20:30.898+00,Sebastian Fraga,,2026-04-25 16:14:03.92093+00,
1,2405,2026-04-23,17:00:00,benicio buschiazzo,1162290038,false,,17:30:00,6,2026-04-22 00:30:42.885+00,benicio buschiazzo,2026-04-23 18:05:56.216+00,2026-04-23 18:05:56.585982+00,Sebastian Fraga
1,2406,2026-04-25,11:30:00,Z,1122334455,true,16000,12:00:00,6,2026-04-22 03:23:52.409+00,Z,,2026-04-25 16:13:59.052549+00,
5,2407,2026-04-29,18:30:00,Juani Molina,1168820931,true,16000,19:00:00,6,2026-04-22 11:44:28.195+00,Juani Molina,,2026-04-29 22:40:33.98252+00,
5,2408,2026-04-25,16:30:00,Hileni,,true,14000,17:00:00,6,2026-04-22 12:07:45.407+00,Valentino,,2026-04-25 20:45:44.53668+00,
1,2409,2026-05-21,11:00:00,prueba,1111111111,false,,11:30:00,1,2026-04-22 13:15:21.446+00,Sebastian Fraga,2026-04-22 13:16:44.696+00,2026-04-22 13:16:45.128015+00,Sebastian Fraga
1,2410,2026-04-22,12:00:00,Pablo Ivanoff,,true,16000,12:30:00,6,2026-04-22 14:05:04.745+00,Sebastian Fraga,,2026-04-22 16:02:41.349098+00,
5,2411,2026-04-22,13:00:00,A,,true,16000,13:30:00,6,2026-04-22 16:03:17.914+00,Valentino,,2026-04-22 17:36:48.165873+00,
1,2412,2026-04-22,19:15:00,Federico De Carli,,false,,20:00:00,3,2026-04-22 16:44:49.806+00,Sebastian Fraga,,2026-04-22 16:44:58.370313+00,
5,2413,2026-04-25,15:00:00,Alejandro,,false,,15:30:00,6,2026-04-22 18:13:19.55+00,Valentino,2026-04-23 02:30:22.796+00,2026-04-23 02:30:22.890368+00,Valentino
5,2414,2026-04-22,15:15:00,B,,true,16000,15:45:00,6,2026-04-22 18:23:27.248+00,Valentino,,2026-04-22 18:36:22.901678+00,
1,2415,2026-04-23,14:30:00,"Martin Petrignani ",1130061487,true,16000,15:00:00,6,2026-04-22 19:24:19.502+00,"Martin Petrignani ",,2026-04-23 20:23:29.116912+00,
5,2416,2026-04-22,16:00:00,C,,true,16000,16:30:00,6,2026-04-22 19:27:38.216+00,Valentino,,2026-04-22 19:27:49.148193+00,
5,2417,2026-04-22,17:15:00,Axel,,true,16000,17:45:00,6,2026-04-22 19:41:19.293+00,Valentino,,2026-04-22 20:37:12.466783+00,
5,2418,2026-08-01,15:00:00,Panza,,true,14000,15:30:00,6,2026-04-22 21:01:16.459+00,Valentino,,2026-04-24 16:48:24.647512+00,
5,2419,2026-04-22,18:00:00,D,,true,16000,18:30:00,6,2026-04-22 21:28:19.99+00,Valentino,,2026-04-22 21:28:27.35196+00,
1,2420,2026-04-24,16:15:00,Nicolas Morales,,true,14000,16:45:00,6,2026-04-23 02:30:45.165+00,Sebastian Fraga,,2026-04-24 20:29:17.103077+00,
1,2421,2026-04-23,19:30:00,De Carli Matias,1121938635,true,14000,20:00:00,2,2026-04-23 12:06:02.631+00,De Carli Matias,,2026-04-23 23:29:36.133831+00,
1,2422,2026-04-24,12:30:00,"Valentino ",1167869617,true,16000,13:00:00,6,2026-04-23 12:59:56.499+00,"Valentino ",,2026-04-24 15:53:00.100167+00,
1,2423,2026-04-24,15:00:00,Nacho Crespo,,false,,15:45:00,3,2026-04-23 17:17:19.31+00,Sebastian Fraga,2026-04-24 15:26:34.85+00,2026-04-24 15:26:34.938958+00,Sebastian Fraga
5,2424,2026-04-25,14:30:00,"Laureano ezquerra ",1140584208,true,16000,15:00:00,6,2026-04-23 18:48:03.7+00,"Laureano ezquerra ",,2026-04-25 19:54:18.646921+00,
1,2425,2026-04-23,17:00:00,Santa Barbara,,true,16000,17:30:00,6,2026-04-23 20:23:51.18+00,Sebastian Fraga,,2026-04-23 20:24:02.558077+00,
1,2426,2026-04-24,17:45:00,Ivo Garac,1137727413,true,16000,18:15:00,4,2026-04-23 21:17:40.279+00,Ivo,,2026-04-24 21:25:16.931792+00,
1,2427,2026-04-25,11:00:00,Vir,1156381619,true,14000,11:30:00,4,2026-04-23 21:57:49.163+00,Vir,,2026-04-25 16:13:54.087638+00,
5,2428,2026-04-23,18:45:00,Claudio,,true,19000,19:30:00,3,2026-04-23 22:05:31.572+00,Valentino,,2026-04-23 22:05:55.297169+00,
1,2429,2026-04-24,12:00:00,Nachoto,,true,10000,12:30:00,6,2026-04-24 05:06:01.096+00,Sebastian Fraga,,2026-04-24 15:26:11.056132+00,
1,2430,2026-04-25,14:30:00,"Hernán cantamessi ",1161647789,true,19000,15:15:00,3,2026-04-24 14:24:31.219+00,"Hernán cantamessi ",,2026-04-25 19:53:21.458621+00,
1,2431,2026-04-24,17:15:00,Hector CDP,,true,16000,17:45:00,6,2026-04-24 15:27:14.075+00,Sebastian Fraga,,2026-04-24 21:25:11.74553+00,
1,2432,2026-04-24,13:00:00,Daniel AA,,true,16000,13:30:00,6,2026-04-24 16:46:56.331+00,Sebastian Fraga,,2026-04-24 16:47:05.029976+00,
5,2433,2026-04-25,15:00:00,Gere,,true,14000,15:30:00,6,2026-04-24 16:57:15.598+00,Valentino,,2026-04-25 19:54:30.672019+00,
5,2434,2026-04-24,17:00:00,Padrino marce,,true,14000,17:30:00,6,2026-04-24 19:05:36.043+00,Valentino,,2026-04-24 23:23:56.029857+00,
5,2435,2026-04-24,16:30:00,Papá Augusto Suppa,,true,19000,17:15:00,3,2026-04-24 20:29:45.78+00,Valentino,,2026-04-24 20:29:54.547883+00,
5,2436,2026-04-25,12:00:00,Tincho,,true,16000,12:30:00,6,2026-04-24 21:25:00.857+00,Valentino,,2026-04-25 16:15:42.54421+00,
1,2437,2026-04-25,18:15:00,Horacio Garcia,,true,19000,19:00:00,3,2026-04-24 21:26:10.95+00,Sebastian Fraga,,2026-04-28 19:19:01.270597+00,
1,2438,2026-04-25,15:15:00,"Juan Ignacio Sambuceti ",1123050417,true,19000,16:00:00,3,2026-04-24 21:50:53.554+00,"Juan Ignacio Sambuceti ",,2026-04-25 19:54:02.510501+00,
1,2439,2026-04-24,15:45:00,Hugo,,true,16000,16:15:00,6,2026-04-24 21:56:57.655+00,Sebastian Fraga,,2026-04-24 21:57:02.329816+00,
1,2440,2026-04-25,16:00:00,Kockman Cojeviejas,1111111111,false,,16:30:00,1,2026-04-25 00:51:11.58+00,Kockman Cojeviejas,2026-04-25 04:34:15.786+00,2026-04-25 04:34:15.887544+00,Sebastian Fraga
5,2441,2026-04-25,11:00:00,Sebastian,,true,16000,11:30:00,6,2026-04-25 14:40:28.718+00,Valentino,,2026-04-25 16:15:31.694452+00,
5,2442,2026-04-25,12:30:00,Juan Manuel Montoya,1158207385,true,16000,13:00:00,6,2026-04-25 15:09:25.932+00,Juan Manuel Montoya,,2026-04-25 16:15:47.816872+00,
5,2443,2026-04-25,11:30:00,A,,true,19000,12:15:00,3,2026-04-25 16:14:35.834+00,Valentino,,2026-04-25 23:19:33.900879+00,
1,2444,2026-04-25,17:45:00,Rodrigo F Llanos,,true,16000,18:15:00,6,2026-04-25 16:15:20.975+00,Sebastian Fraga,,2026-04-28 19:18:56.67811+00,
1,2445,2026-04-25,19:00:00,Kaufman,,false,,19:30:00,6,2026-04-25 16:26:29.671+00,Sebastian Fraga,2026-04-28 19:19:04.053+00,2026-04-28 19:19:04.177901+00,Sebastian Fraga
5,2446,2026-04-25,16:00:00,Hijo Diego 2,,true,16000,16:30:00,6,2026-04-25 17:24:29.806+00,Valentino,,2026-04-25 19:54:47.154672+00,
1,2447,2026-04-25,16:00:00,Hijo Diego 2,,true,16000,16:30:00,6,2026-04-25 19:52:58.763+00,Sebastian Fraga,,2026-04-25 19:53:26.791999+00,
1,2448,2026-04-25,16:30:00,A,,true,16000,17:00:00,6,2026-04-25 19:53:07.781+00,Sebastian Fraga,,2026-04-25 19:54:08.110488+00,
5,2449,2026-04-25,15:30:00,A,,true,16000,16:00:00,6,2026-04-25 19:54:54.078+00,Valentino,,2026-04-25 19:55:06.267124+00,
5,2450,2026-04-25,18:30:00,Augusto Suppa,,true,16000,19:00:00,6,2026-04-25 21:50:04.283+00,Valentino,,2026-04-25 21:50:12.816472+00,
1,2451,2026-04-28,12:30:00,benicio buschiazzo,1162290038,true,14000,13:00:00,6,2026-04-26 20:30:56.774+00,benicio buschiazzo,,2026-04-28 16:41:58.583946+00,
1,2452,2026-04-28,11:30:00,Nacho Crespo,1122334455,true,16000,12:00:00,6,2026-04-26 22:40:39.05+00,Nacho Crespo,,2026-04-28 16:41:45.267614+00,
1,2453,2026-04-28,12:00:00,Tomi Kaufman,1122334455,true,16000,12:30:00,6,2026-04-26 22:40:56.966+00,Tomi Kaufman,,2026-04-28 16:41:49.979196+00,
5,2454,2026-04-28,11:00:00,Obaya,,true,14000,11:30:00,6,2026-04-27 14:01:26.609+00,Valentino,,2026-04-28 14:55:14.631443+00,
1,2455,2026-04-28,16:30:00,Benja Pieruzzini,,true,16000,17:00:00,6,2026-04-27 16:28:07.898+00,Sebastian Fraga,,2026-04-29 01:13:09.977966+00,
5,2456,2026-04-28,14:00:00,Agustín Barazal,1171658187,true,16000,14:30:00,6,2026-04-27 17:42:45.31+00,Agustín Barazal,,2026-04-28 18:23:18.03109+00,
5,2457,2026-04-29,17:30:00,Mateo Patroni,1150043635,true,16000,18:00:00,6,2026-04-27 20:47:50.344+00,Mateo Patroni,,2026-04-29 22:40:23.077202+00,
5,2458,2026-04-28,15:30:00,Octavio Gonzalez,1135129571,true,16000,16:00:00,6,2026-04-28 00:36:01.26+00,Octavio Gonzalez,,2026-04-28 19:14:20.057452+00,
1,2459,2026-05-13,11:00:00,.,0000000000,false,,19:45:00,1,2026-04-28 06:54:58.335+00,Sebastian Fraga,,2026-05-13 14:32:16.954683+00,
1,2460,2026-05-09,18:30:00,A,0000000000,false,,19:45:00,1,2026-04-28 06:54:58.331+00,Sebastian Fraga,,2026-05-09 18:23:56.189313+00,
1,2461,2026-05-16,15:30:00,ALMUERZO,0000000000,false,,16:30:00,1,2026-04-28 06:54:58.285+00,Sebastian Fraga,,2026-05-16 18:11:22.83962+00,
1,2462,2026-04-29,13:30:00,ALMUERZO,0000000000,false,,14:30:00,1,2026-04-28 06:54:58.302+00,Sebastian Fraga,2026-04-28 06:56:26.101+00,2026-04-28 06:56:26.190142+00,Sebastian Fraga
1,2463,2026-04-30,13:30:00,ALMUERZO,0000000000,false,,14:30:00,1,2026-04-28 06:54:58.293+00,Sebastian Fraga,2026-04-28 06:56:32.6+00,2026-04-28 06:56:32.674677+00,Sebastian Fraga
1,2464,2026-05-02,13:30:00,ALMUERZO,0000000000,false,,15:00:00,1,2026-04-28 06:54:58.292+00,Sebastian Fraga,,2026-05-02 19:22:05.253021+00,
1,2465,2026-05-08,13:45:00,ALMUERZO,0000000000,false,,15:00:00,1,2026-04-28 06:54:58.283+00,Sebastian Fraga,2026-05-08 15:53:02.432+00,2026-05-08 15:53:02.643074+00,Sebastian Fraga
1,2466,2026-05-09,13:45:00,ALMUERZO,0000000000,false,,15:00:00,1,2026-04-28 06:54:58.878+00,Sebastian Fraga,,2026-05-08 23:27:35.852324+00,
1,2467,2026-05-14,13:30:00,ALMUERZO,0000000000,false,,14:30:00,1,2026-04-28 06:54:58.924+00,Sebastian Fraga,,2026-04-28 06:54:59.035182+00,
1,2468,2026-04-28,13:30:00,ALMUERZO,0000000000,false,,14:30:00,1,2026-04-28 06:54:58.932+00,Sebastian Fraga,2026-04-28 06:56:19.121+00,2026-04-28 06:56:19.207468+00,Sebastian Fraga
1,2469,2026-05-15,13:30:00,ALMUERZO,0000000000,false,,14:30:00,1,2026-04-28 06:54:58.928+00,Sebastian Fraga,,2026-04-28 06:54:59.052207+00,
1,2470,2026-05-12,13:00:00,ALMUERZO,0000000000,false,,13:30:00,1,2026-04-28 06:54:58.954+00,Sebastian Fraga,,2026-05-12 15:23:09.772645+00,
1,2471,2026-05-07,16:30:00,PLATENSE,0000000000,false,,19:45:00,1,2026-04-28 06:54:58.954+00,Sebastian Fraga,,2026-05-06 22:27:55.064553+00,
1,2472,2026-05-05,13:00:00,ALMUERZO,0000000000,false,,14:00:00,1,2026-04-28 06:54:58.972+00,Sebastian Fraga,,2026-05-05 02:27:37.242258+00,
1,2473,2026-05-01,13:00:00,ALMUERZO,0000000000,false,,14:00:00,1,2026-04-28 06:54:58.906+00,Sebastian Fraga,,2026-04-30 23:43:41.829808+00,
5,2474,2026-05-05,13:30:00,ALMUERZO,0000000000,false,,14:30:00,1,2026-04-28 06:55:43.45+00,Valentino,,2026-04-28 06:55:43.572392+00,
5,2475,2026-05-13,13:30:00,ALMUERZO,0000000000,false,,14:30:00,1,2026-04-28 06:55:43.453+00,Valentino,,2026-04-28 06:55:43.591766+00,
5,2476,2026-05-08,13:00:00,ALMUERZO,0000000000,false,,14:00:00,1,2026-04-28 06:55:43.485+00,Valentino,,2026-05-04 20:54:19.52227+00,
5,2477,2026-05-23,15:15:00,ALMUERZO,0000000000,false,,19:45:00,1,2026-04-28 06:55:43.459+00,Valentino,,2026-05-28 17:45:32.665901+00,
5,2478,2026-05-26,13:30:00,ALMUERZO,0000000000,false,,14:30:00,1,2026-04-28 06:55:43.451+00,Valentino,,2026-04-28 06:55:43.581644+00,
5,2479,2026-05-29,17:30:00,FACULTAD,0000000000,false,,19:45:00,1,2026-04-28 06:55:43.474+00,Valentino,,2026-05-29 00:06:20.208911+00,
5,2480,2026-05-16,17:45:00,A,0000000000,false,,19:45:00,1,2026-04-28 06:55:43.464+00,Valentino,,2026-05-16 18:27:57.424306+00,
5,2481,2026-05-02,13:30:00,ALMUERZO,0000000000,false,,14:30:00,1,2026-04-28 06:55:43.461+00,Valentino,,2026-04-28 06:55:43.62226+00,
5,2482,2026-05-07,13:30:00,ALMUERZO,0000000000,false,,14:30:00,1,2026-04-28 06:55:43.457+00,Valentino,,2026-04-28 06:55:43.624626+00,
5,2483,2026-05-12,13:30:00,ALMUERZO,0000000000,false,,14:30:00,1,2026-04-28 06:55:43.461+00,Valentino,,2026-04-28 06:55:43.637504+00,
5,2484,2026-05-19,13:30:00,ALMUERZO,0000000000,false,,14:30:00,1,2026-04-28 06:55:43.539+00,Valentino,,2026-05-19 16:56:23.580804+00,
5,2485,2026-05-14,13:00:00,ALMUERZO,0000000000,false,,14:00:00,1,2026-04-28 06:55:43.458+00,Valentino,,2026-05-14 15:59:26.619085+00,
5,2486,2026-04-29,13:00:00,ALMUERZO,0000000000,false,,14:00:00,1,2026-04-28 06:55:43.454+00,Valentino,,2026-04-29 01:15:19.031292+00,
5,2487,2026-04-28,13:30:00,ALMUERZO,0000000000,false,,14:30:00,1,2026-04-28 06:55:43.497+00,Valentino,2026-04-28 06:56:48.545+00,2026-04-28 06:56:48.621531+00,Valentino
5,2488,2026-05-06,13:30:00,ALMUERZO,0000000000,false,,14:30:00,1,2026-04-28 06:55:43.512+00,Valentino,,2026-04-28 06:55:43.894158+00,
5,2489,2026-05-09,13:30:00,ALMUERZO,0000000000,false,,14:30:00,1,2026-04-28 06:55:43.948+00,Valentino,,2026-04-28 06:55:44.078432+00,
5,2490,2026-05-15,13:00:00,ALMUERZO,0000000000,false,,14:00:00,1,2026-04-28 06:55:44.004+00,Valentino,,2026-05-15 14:13:39.342956+00,
5,2491,2026-05-20,13:30:00,ALMUERZO,0000000000,false,,14:30:00,1,2026-04-28 06:55:44.009+00,Valentino,,2026-04-28 06:55:44.138949+00,
5,2492,2026-05-21,13:00:00,ALMUERZO,0000000000,false,,14:00:00,1,2026-04-28 06:55:44.012+00,Valentino,,2026-05-21 15:00:05.898523+00,
5,2493,2026-06-03,14:00:00,ALMUERZO,0000000000,false,,15:00:00,1,2026-04-28 06:55:44.009+00,Valentino,,2026-06-03 17:28:36.430136+00,
5,2494,2026-05-01,13:00:00,Almuerzo,0000000000,false,,14:00:00,1,2026-04-28 06:55:44.034+00,Valentino,2026-05-01 15:52:09.082+00,2026-05-01 15:52:09.641095+00,Valentino
5,2495,2026-05-28,13:00:00,ALMUERZO,0000000000,false,,14:00:00,1,2026-04-28 06:55:44.056+00,Valentino,,2026-05-28 15:14:25.969565+00,
5,2496,2026-05-22,13:45:00,ALMUERZO,0000000000,false,,14:45:00,1,2026-04-28 06:55:44.055+00,Valentino,,2026-05-22 16:41:40.351262+00,
5,2497,2026-04-30,13:30:00,ALMUERZO,0000000000,false,,14:30:00,1,2026-04-28 06:55:44.148+00,Valentino,2026-04-28 06:57:16.965+00,2026-04-28 06:57:17.047453+00,Valentino
5,2498,2026-05-29,13:30:00,ALMUERZO,0000000000,false,,14:30:00,1,2026-04-28 06:55:44.029+00,Valentino,,2026-04-28 06:55:44.41329+00,
1,2499,2026-05-30,12:45:00,ALMUERZO,0000000000,false,,13:45:00,1,2026-04-28 06:59:09.342+00,Sebastian Fraga,,2026-05-30 15:17:56.761+00,
1,2500,2026-05-22,11:00:00,COPA LIBERTADORES,0000000000,false,,20:00:00,1,2026-04-28 06:59:09.352+00,Sebastian Fraga,,2026-04-28 06:59:09.485581+00,
1,2501,2026-05-23,11:00:00,COPA LIBERTADORES,0000000000,false,,20:00:00,1,2026-04-28 06:59:09.338+00,Sebastian Fraga,,2026-04-28 06:59:09.501326+00,
1,2502,2026-05-26,11:00:00,COPA LIBERTADORES,0000000000,false,,20:00:00,1,2026-04-28 06:59:09.339+00,Sebastian Fraga,,2026-04-28 06:59:09.501472+00,
1,2503,2026-05-20,11:00:00,COPA LIBERTADORES,0000000000,false,,20:00:00,1,2026-04-28 06:59:09.411+00,Sebastian Fraga,,2026-04-28 06:59:09.5099+00,
1,2504,2026-05-19,11:00:00,COPA LIBERTADORES,0000000000,false,,20:00:00,1,2026-04-28 06:59:09.338+00,Sebastian Fraga,,2026-04-28 06:59:09.512876+00,
1,2505,2026-05-29,13:00:00,ALMUERZO,0000000000,false,,14:00:00,1,2026-04-28 06:59:09.344+00,Sebastian Fraga,2026-05-29 19:21:58.217+00,2026-05-29 19:21:58.296773+00,Sebastian Fraga
1,2506,2026-05-21,11:00:00,COPA LIBERTADORES,0000000000,false,,20:00:00,1,2026-04-28 06:59:09.341+00,Sebastian Fraga,,2026-04-28 06:59:09.514802+00,
5,2507,2026-04-30,17:30:00,Diego,,true,16000,18:15:00,3,2026-04-28 11:25:13.674+00,Valentino,,2026-04-30 21:49:27.63479+00,
5,2508,2026-04-30,18:15:00,Hijo de diego,,true,14000,18:45:00,6,2026-04-28 11:25:21.539+00,Valentino,,2026-04-30 21:48:05.479945+00,
5,2509,2026-04-28,14:30:00,Dylan,2966446753,true,16000,15:00:00,6,2026-04-28 15:26:02.332+00,Dylan,,2026-04-28 18:23:23.375489+00,
5,2510,2026-04-28,12:00:00,A,,true,19000,12:45:00,3,2026-04-28 15:45:46.139+00,Valentino,,2026-04-28 15:46:27.386935+00,
1,2511,2026-04-28,17:30:00,CASLA,0000000000,false,,19:45:00,1,2026-04-28 16:42:26.907+00,Sebastian Fraga,,2026-04-28 19:30:25.90033+00,
1,2512,2026-04-28,17:00:00,Lauti Virtuani,,false,,17:30:00,6,2026-04-28 16:42:49.007+00,Sebastian Fraga,2026-04-29 01:13:14.456+00,2026-04-29 01:13:14.549216+00,Sebastian Fraga
5,2513,2026-04-29,19:30:00,FACULTAD,0000000000,false,,20:00:00,1,2026-04-28 18:22:39.665+00,Valentino,,2026-04-28 18:22:39.786049+00,
1,2514,2026-04-28,15:30:00,A,,true,16000,16:00:00,6,2026-04-28 19:19:40.353+00,Sebastian Fraga,,2026-04-28 19:29:24.419928+00,
5,2515,2026-04-28,16:30:00,A,,true,16000,17:00:00,6,2026-04-28 20:03:23.341+00,Valentino,,2026-04-28 20:03:29.770036+00,
1,2516,2026-05-01,14:30:00,Lucas gnoffo,1135235520,true,16000,15:00:00,6,2026-04-28 20:21:18.963+00,Lucas gnoffo,,2026-05-02 01:10:06.562828+00,
5,2517,2026-04-28,17:30:00,A,,true,16000,18:00:00,6,2026-04-28 21:31:26.954+00,Valentino,,2026-04-28 21:31:42.234519+00,
5,2518,2026-04-28,18:00:00,B,,true,16000,18:30:00,6,2026-04-28 21:31:35.105+00,Valentino,,2026-04-28 21:37:05.73197+00,
5,2519,2026-04-28,18:30:00,C,,true,16000,19:00:00,6,2026-04-28 21:37:16.397+00,Valentino,,2026-04-28 21:37:24.27745+00,
1,2520,2026-04-29,13:30:00,Guillermo Martello,,true,19000,14:00:00,6,2026-04-29 14:56:03.899+00,Valentino,,2026-04-29 17:54:22.162246+00,
1,2521,2026-04-29,13:00:00,Emiliano Morales,,false,,13:30:00,6,2026-04-29 14:56:39.132+00,Sebastian Fraga,2026-04-29 16:35:59.161+00,2026-04-29 16:35:59.256443+00,Sebastian Fraga
1,2522,2026-04-29,13:00:00,Emi Morales,,true,16000,13:30:00,6,2026-04-29 16:36:22.731+00,Sebastian Fraga,,2026-04-29 16:36:27.509566+00,
1,2523,2026-05-01,11:30:00,Franco,,true,16000,12:00:00,6,2026-04-29 16:39:45.062+00,Sebastian Fraga,,2026-05-01 15:05:45.377011+00,
1,2524,2026-04-30,12:00:00,Nahuel Moizello,,false,,12:45:00,3,2026-04-29 17:53:30.774+00,Sebastian Fraga,,2026-04-29 17:53:30.886623+00,
1,2525,2026-12-24,18:15:00,Juan Souto,1150191267,false,,18:45:00,2,2026-04-29 18:42:17.13+00,Juan Souto,,2026-04-29 18:42:17.498899+00,
5,2526,2026-04-30,16:30:00,Naz,,true,14000,17:00:00,6,2026-04-29 18:54:26.464+00,Valentino,,2026-04-30 20:49:43.054744+00,
5,2527,2026-04-30,12:45:00,José Ignacio ezquerra,1166046526,true,16000,13:15:00,4,2026-04-30 13:31:40.728+00,José Ignacio ezquerra,,2026-04-30 20:48:57.474041+00,
1,2528,2026-04-30,18:30:00,De Carli,1121938635,true,14000,19:00:00,2,2026-04-30 14:23:25.267+00,De Carli,,2026-04-30 23:25:33.986098+00,
5,2529,2026-04-30,15:30:00,Ruben,,false,,16:00:00,6,2026-04-30 16:24:37.908+00,Sebastian Fraga,2026-04-30 16:30:55.182+00,2026-04-30 16:30:55.278064+00,Valentino
5,2530,2026-04-30,16:00:00,Nacho,,true,16000,16:30:00,6,2026-04-30 16:24:52.283+00,Sebastian Fraga,,2026-04-30 20:49:18.070998+00,
1,2531,2026-04-30,19:00:00,Benja De Carli,,true,16000,19:30:00,6,2026-04-30 16:26:58.69+00,Sebastian Fraga,,2026-04-30 23:25:24.989432+00,
5,2532,2026-04-30,15:30:00,Ruben,,true,16000,16:00:00,6,2026-04-30 16:30:49.169+00,Valentino,,2026-04-30 20:49:09.572878+00,
1,2533,2026-04-30,15:00:00,Sergio JMI,,true,16000,15:30:00,6,2026-04-30 17:49:14.926+00,Sebastian Fraga,,2026-04-30 18:22:15.576142+00,
5,2534,2026-04-30,17:00:00,Joaco hermano de emi,,true,14000,17:30:00,6,2026-04-30 18:07:11.109+00,Valentino,,2026-04-30 20:49:36.724087+00,
1,2535,2026-04-30,17:30:00,Jony Vecino,,true,16000,18:00:00,6,2026-04-30 18:22:07.575+00,Sebastian Fraga,,2026-04-30 21:14:40.052499+00,
1,2536,2026-04-30,15:30:00,Exa LAV,,true,16000,16:00:00,6,2026-04-30 19:23:23.841+00,Sebastian Fraga,,2026-04-30 19:23:35.266887+00,
1,2537,2026-04-30,19:30:00,Lauti Virtuani,,true,8000,20:00:00,6,2026-04-30 20:04:28.432+00,Sebastian Fraga,,2026-04-30 23:25:51.266795+00,
1,2538,2026-04-30,18:00:00,Jose Luis Noya,,true,16000,18:30:00,6,2026-04-30 21:14:26.202+00,Sebastian Fraga,,2026-04-30 21:14:44.517465+00,
1,2539,2026-05-01,14:00:00,Hijo Christian CAP,,true,16000,14:30:00,6,2026-04-30 23:44:05.889+00,Sebastian Fraga,,2026-05-02 01:10:02.016157+00,
5,2540,2026-05-01,14:00:00,christian PEÑA,,true,19000,14:45:00,3,2026-04-30 23:44:35.552+00,Valentino,,2026-05-01 21:44:37.85113+00,
5,2541,2026-05-02,12:15:00,"Matias Butti ",1160567617,true,19000,12:45:00,6,2026-05-01 01:46:55.612+00,"Matias Butti ",,2026-05-02 18:26:26.152327+00,
5,2542,2026-05-01,14:45:00,Cristian,,true,16000,15:15:00,6,2026-05-01 16:11:29.316+00,Valentino,,2026-05-01 21:44:44.297799+00,
1,2543,2026-05-01,16:15:00,Ale Fourcadd,1122334455,true,14000,17:00:00,3,2026-05-01 16:30:52.68+00,Ale Fourcadd,,2026-05-02 01:10:17.546499+00,
5,2544,2026-05-02,15:30:00,Gere,,true,14000,16:00:00,6,2026-05-01 19:44:21.77+00,Valentino,,2026-05-02 18:27:05.802542+00,
5,2545,2026-05-02,16:00:00,Enzo cole,,false,,16:45:00,3,2026-05-01 23:08:46.27+00,Valentino,2026-05-02 16:23:56.948+00,2026-05-02 16:23:57.411606+00,Valentino
5,2546,2026-05-02,11:45:00,Mateo castro,1167607442,true,16000,12:15:00,4,2026-05-02 13:46:37.779+00,Mateo castro,,2026-05-02 18:26:16.19282+00,
5,2547,2026-05-02,14:30:00,Agustin,1153846974,true,16000,15:00:00,6,2026-05-02 15:51:26.732+00,Agustin,,2026-05-02 18:26:34.404229+00,
5,2548,2026-05-02,15:00:00,a,,true,16000,15:30:00,6,2026-05-02 18:26:49.626+00,Valentino,,2026-05-02 18:26:56.779034+00,
1,2549,2026-05-02,17:30:00,Nahuel Ingravallo,,true,16000,18:00:00,6,2026-05-02 19:51:05.961+00,Sebastian Fraga,,2026-05-02 21:07:44.109918+00,
1,2550,2026-05-02,18:30:00,Gabriel Cordobes,,true,19000,19:15:00,3,2026-05-02 21:20:37.669+00,Sebastian Fraga,,2026-05-02 22:05:10.039293+00,
5,2551,2026-05-09,14:30:00,Markus,,true,14000,15:00:00,6,2026-05-04 14:13:59.84+00,Valentino,,2026-05-09 19:50:43.737313+00,
5,2552,2026-05-08,14:00:00,Oliva,,false,,14:30:00,6,2026-05-04 20:54:25.128+00,Valentino,2026-05-08 17:31:07.23+00,2026-05-08 17:31:07.579614+00,Valentino
5,2553,2026-05-13,11:00:00,FACULTAD,0000000000,false,,12:00:00,1,2026-05-04 21:06:11.69+00,Valentino,2026-05-13 01:13:25.461+00,2026-05-13 01:13:25.552974+00,Valentino
5,2554,2026-05-15,17:30:00,FACULTAD,0000000000,false,,19:45:00,1,2026-05-04 21:06:37.594+00,Valentino,,2026-05-11 10:12:06.779035+00,
5,2555,2026-05-09,18:30:00,A,0000000000,false,,19:45:00,1,2026-05-04 21:06:56.917+00,Valentino,,2026-05-09 19:16:02.256966+00,
1,2556,2026-05-08,19:00:00,Juani LIGA MARTÍNEZ,,true,12800,19:30:00,6,2026-05-04 21:08:02.897+00,Sebastian Fraga,,2026-05-08 23:25:33.283378+00,
1,2557,2026-05-05,11:00:00,"Ezequiel Benítez ",1124612329,true,16000,11:30:00,4,2026-05-04 23:11:29.52+00,"Ezequiel Benítez ",,2026-05-05 16:37:32.60939+00,
1,2558,2026-05-05,19:00:00,Pancho,1151224036,true,16000,19:30:00,4,2026-05-04 23:16:27.113+00,Pancho,,2026-05-05 22:47:46.49211+00,
5,2559,2026-05-08,12:15:00,Fede Perez,1136334843,true,19000,13:00:00,3,2026-05-05 02:25:23.493+00,Fede Perez,,2026-05-08 15:43:29.647043+00,
1,2560,2026-05-06,12:30:00,Juan Di Tocco,1169539200,true,12800,13:00:00,4,2026-05-05 13:47:51.019+00,Juan Di Tocco,,2026-05-06 15:58:11.246026+00,
5,2561,2026-05-05,11:15:00,A,,true,16000,11:45:00,6,2026-05-05 15:06:53.352+00,Valentino,,2026-05-05 16:38:06.558485+00,
5,2562,2026-05-05,15:00:00,Nonno,,true,14000,15:30:00,6,2026-05-05 15:08:55.977+00,Valentino,,2026-05-05 18:26:54.642757+00,
1,2563,2026-05-08,13:15:00,Vir,1156381619,true,14000,13:45:00,4,2026-05-05 15:37:40.224+00,Vir,,2026-05-08 17:33:20.047141+00,
1,2564,2026-05-05,12:30:00,Caoba,,true,16000,13:00:00,6,2026-05-05 16:37:42.328+00,Sebastian Fraga,,2026-05-05 16:37:55.279188+00,
1,2565,2026-05-08,18:30:00,"Joaquín Bortolotti ",1168562561,true,16000,19:00:00,6,2026-05-05 18:24:36.807+00,"Joaquín Bortolotti ",,2026-05-08 23:25:25.050337+00,
1,2566,2026-05-08,18:00:00,"Ariel Bortolotti ",1168562561,true,16000,18:30:00,6,2026-05-05 18:25:19.111+00,"Ariel Bortolotti ",,2026-05-08 23:25:19.080571+00,
5,2567,2026-05-05,17:00:00,A,,true,16000,17:30:00,6,2026-05-05 21:17:10.001+00,Sebastian Fraga,,2026-05-05 21:51:56.263851+00,
5,2568,2026-05-05,17:30:00,B,,true,16000,18:00:00,6,2026-05-05 21:17:15.846+00,Sebastian Fraga,,2026-05-05 21:52:02.024235+00,
1,2569,2026-05-05,18:30:00,"Gabriel Cordobes ",,true,10000,19:00:00,1,2026-05-05 22:06:57.406+00,Sebastian Fraga,,2026-05-05 22:07:17.375289+00,
1,2570,2026-05-08,19:30:00,Matias Navarro,,false,,20:00:00,6,2026-05-05 23:07:38.66+00,Sebastian Fraga,2026-05-06 16:07:44.817+00,2026-05-06 16:07:44.897159+00,Sebastian Fraga
1,2571,2026-05-08,17:30:00,Nicolas Morales,,false,,18:00:00,6,2026-05-05 23:07:50.547+00,Sebastian Fraga,2026-05-06 16:07:49.815+00,2026-05-06 16:07:49.890168+00,Sebastian Fraga
1,2572,2026-05-09,13:00:00,Ale Fourcade,,false,,13:45:00,3,2026-05-05 23:08:07.913+00,Sebastian Fraga,2026-05-09 18:21:29.947+00,2026-05-09 18:21:30.027532+00,Sebastian Fraga
5,2573,2026-05-07,16:00:00,Benja panza,,true,14000,16:30:00,6,2026-05-05 23:45:01.713+00,Valentino,,2026-05-07 20:22:37.074276+00,
5,2574,2026-05-07,16:30:00,Zega,,true,14000,17:00:00,6,2026-05-06 02:32:54.378+00,Valentino,,2026-05-07 20:22:44.62135+00,
1,2575,2026-05-07,11:00:00,Gabriel Brizuela,1162219319,true,16000,11:30:00,6,2026-05-06 11:13:56.32+00,Gabriel Brizuela,,2026-05-07 15:17:48.314504+00,
5,2576,2026-05-06,18:00:00,Firpo,,true,14000,18:30:00,6,2026-05-06 11:21:42.966+00,Valentino,,2026-05-06 22:22:06.760891+00,
1,2577,2026-05-07,12:00:00,"Lucas Santillan ",1156639446,true,16000,12:30:00,6,2026-05-06 17:51:02.056+00,"Lucas Santillan ",,2026-05-07 16:57:51.954196+00,
1,2578,2026-05-06,18:00:00,Alejandro padre de paula,1540810108,true,16000,18:30:00,6,2026-05-06 18:03:34.111+00,Alejandro padre de paula,,2026-05-06 22:04:43.132186+00,
1,2579,2026-05-08,17:30:00,Nicolas Morales,,true,14000,18:00:00,6,2026-05-06 18:19:05.197+00,"Quintin pozo ",,2026-05-08 23:25:09.594826+00,
5,2580,2026-05-06,16:30:00,Augusto,,true,16000,17:00:00,6,2026-05-06 20:01:06.076+00,Valentino,,2026-05-06 20:30:19.78464+00,
1,2581,2026-05-07,12:30:00,Keki,1136525482,true,16000,13:00:00,6,2026-05-06 21:04:35.091+00,Keki,,2026-05-07 16:57:58.119339+00,
5,2582,2026-05-08,14:30:00,Charly castignani,1139265559,false,,15:00:00,6,2026-05-06 22:20:29.045+00,Charly castignani,2026-05-08 16:56:13.821+00,2026-05-08 16:56:14.197516+00,Charly castignani
1,2583,2026-05-07,14:00:00,Facu Iriondo,,false,,14:45:00,3,2026-05-06 22:23:42.132+00,Sebastian Fraga,,2026-05-07 16:58:05.518367+00,
1,2584,2026-05-07,11:30:00,NAchoto,,true,10000,12:00:00,6,2026-05-06 22:56:55.868+00,Sebastian Fraga,,2026-05-07 15:17:56.527692+00,
5,2585,2026-05-07,11:00:00,valentin passini,1127232809,true,16000,11:30:00,6,2026-05-07 12:21:55.742+00,valentin passini,,2026-05-07 16:58:59.881014+00,
1,2586,2026-05-08,19:30:00,Rodrigo F. Llanos,,true,16000,20:00:00,6,2026-05-07 14:01:24.389+00,Sebastian Fraga,,2026-05-08 23:26:06.198235+00,
5,2587,2026-05-07,15:00:00,"Darío Castro ",1132447572,true,16000,15:30:00,6,2026-05-07 14:12:20.693+00,"Darío Castro ",,2026-05-07 18:21:44.145592+00,
1,2588,2026-05-08,16:30:00,"Quintin ",1140864708,true,16000,17:00:00,4,2026-05-07 14:41:55.703+00,"Quintin ",,2026-05-08 23:25:01.612312+00,
5,2589,2026-05-09,15:30:00,Gere,,true,14000,16:00:00,6,2026-05-07 15:34:36.06+00,Valentino,,2026-05-09 19:51:36.400182+00,
5,2590,2026-05-07,15:30:00,A,,true,16000,16:00:00,6,2026-05-07 18:26:11.73+00,Valentino,,2026-05-07 20:22:19.772333+00,
1,2591,2026-05-09,12:00:00,Manu Grumaux,1166003728,true,16000,12:30:00,6,2026-05-07 21:18:48.914+00,Manu,,2026-05-09 18:21:20.939726+00,
5,2592,2026-05-08,15:00:00,Bis,,true,14000,15:30:00,6,2026-05-07 22:48:02.854+00,Valentino,,2026-05-08 20:16:52.55558+00,
5,2593,2026-05-09,15:00:00,"Laureano ezquerra ",1140584208,true,16000,15:30:00,6,2026-05-07 23:20:54.669+00,"Laureano ezquerra ",,2026-05-09 19:50:22.189147+00,
1,2594,2026-05-08,16:00:00,Agustin ledesma,1154764865,true,16000,16:30:00,6,2026-05-08 00:16:46.218+00,Agustin ledesma,,2026-05-08 23:24:57.618086+00,
1,2595,2026-05-09,12:30:00,Amigo Manu Grumaux,,true,16000,13:00:00,6,2026-05-08 03:17:45.347+00,Sebastian Fraga,,2026-05-09 18:21:26.420043+00,
1,2596,2026-05-08,12:30:00,Rodrigo F. Llanos,1122334455,false,,13:00:00,6,2026-05-08 13:24:57.326+00,Sebastian Fraga,2026-05-08 15:23:30.801+00,2026-05-08 15:23:30.878042+00,Sebastian Fraga
1,2597,2026-05-08,12:00:00,Pablo Ivanoff,,true,16000,12:30:00,6,2026-05-08 14:05:53.987+00,Sebastian Fraga,,2026-05-08 15:23:47.207196+00,
5,2598,2026-05-08,12:00:00,Tomas suarez,,true,16000,12:30:00,6,2026-05-08 14:38:18.911+00,Valentino,,2026-05-08 15:43:08.866225+00,
1,2599,2026-05-12,14:30:00,"Franco Concaro ",1165121999,false,,15:15:00,3,2026-05-08 14:48:34.615+00,"Franco Concaro ",2026-05-08 15:24:01.262+00,2026-05-08 15:24:01.348149+00,Sebastian Fraga
1,2600,2026-05-09,11:15:00,"Franco Concaro ",1165121999,true,19000,12:00:00,3,2026-05-08 14:50:40.746+00,"Franco Concaro ",,2026-05-09 18:21:16.676684+00,
5,2601,2026-05-08,16:00:00,Oliva,,true,14000,16:30:00,6,2026-05-08 20:16:29.516+00,Valentino,,2026-05-08 20:16:43.089723+00,
1,2602,2026-05-09,15:30:00,benicio buschiazzo,1162290038,true,14000,16:00:00,6,2026-05-08 22:59:27.462+00,benicio buschiazzo,,2026-05-09 20:23:32.636179+00,
1,2603,2026-05-08,17:00:00,Tigre,,true,16000,17:30:00,6,2026-05-08 23:26:13.367+00,Sebastian Fraga,,2026-05-08 23:26:38.239752+00,
1,2604,2026-05-08,15:30:00,Gaston Alte. Brown,,true,16000,16:00:00,6,2026-05-08 23:26:29.624+00,Sebastian Fraga,,2026-05-08 23:26:33.945568+00,
1,2605,2026-05-09,15:00:00,Nene,,false,,15:30:00,6,2026-05-08 23:27:30.036+00,Sebastian Fraga,2026-05-09 18:21:35.463+00,2026-05-09 18:21:35.534137+00,Sebastian Fraga
1,2606,2026-05-15,18:30:00,Luciano Marchese,1156366343,true,16000,19:00:00,6,2026-05-09 17:14:30.617+00,Luciano Marchese,,2026-05-15 22:00:19.375738+00,
5,2607,2026-05-09,18:00:00,Gustavo Patroni,,true,16000,18:30:00,6,2026-05-09 18:24:07.215+00,Sebastian Fraga,,2026-05-09 19:51:43.73708+00,
1,2608,2026-05-09,18:00:00,Gustavo Patroni,,false,,18:30:00,6,2026-05-09 18:24:07.444+00,Sebastian Fraga,2026-05-09 18:25:54.142+00,2026-05-09 18:25:54.239408+00,Sebastian Fraga
5,2609,2026-05-09,16:30:00,"Nene ",,true,16000,17:00:00,6,2026-05-09 19:50:06.168+00,Valentino,,2026-05-09 19:51:28.420335+00,
1,2610,2026-05-09,16:30:00,Papa de nene,,true,16000,17:00:00,6,2026-05-09 20:22:28.043+00,Sebastian Fraga,,2026-05-09 20:23:20.443477+00,
1,2611,2026-05-09,16:00:00,Nene,,true,16000,16:30:00,6,2026-05-09 20:22:28.857+00,Sebastian Fraga,,2026-05-09 20:23:24.703917+00,
1,2612,2026-05-09,17:00:00,Nene,,false,,17:30:00,6,2026-05-09 20:22:35.329+00,Sebastian Fraga,2026-05-09 20:22:50.107+00,2026-05-09 20:22:50.449051+00,Sebastian Fraga
1,2613,2026-05-09,17:30:00,B,,false,,18:00:00,6,2026-05-09 20:22:36.017+00,Sebastian Fraga,2026-05-09 20:22:53.495+00,2026-05-09 20:22:53.577174+00,Sebastian Fraga
5,2614,2026-05-12,13:00:00,Lucio,,true,16000,13:30:00,6,2026-05-10 03:55:45.902+00,Valentino,,2026-05-12 16:57:50.027713+00,
1,2615,2026-05-12,17:30:00,Joaquin,1124778856,true,16000,18:00:00,6,2026-05-11 10:06:20.144+00,Joaquin,,2026-05-12 21:33:02.719251+00,
5,2616,2026-05-12,17:30:00,Felipe Pastorino,1124778856,true,16000,18:00:00,6,2026-05-11 10:07:36.033+00,Felipe Pastorino,,2026-05-12 21:33:28.968062+00,
1,2617,2026-05-15,19:30:00,lauti Virtuani,,false,,20:00:00,6,2026-05-11 16:46:46.563+00,Sebastian Fraga,2026-05-15 00:07:00.167+00,2026-05-15 00:07:00.288683+00,Sebastian Fraga
1,2618,2026-05-14,17:00:00,Mati Navarro,,true,16000,17:45:00,3,2026-05-11 16:46:57.526+00,Sebastian Fraga,,2026-05-14 20:36:06.641041+00,
5,2619,2026-05-12,18:30:00,agustin zaragoci,1157813054,true,16000,19:00:00,6,2026-05-12 01:26:53.221+00,agustin zaragoci,,2026-05-12 21:33:41.188688+00,
1,2620,2026-05-14,18:15:00,Nacho lamami,1158774966,true,19000,19:00:00,3,2026-05-12 10:15:20.523+00,Nacho lamami,,2026-05-14 22:53:08.598106+00,
1,2621,2026-05-12,12:00:00,Alfredo,1155770044,true,19000,12:30:00,6,2026-05-12 12:53:20.577+00,Alfredo,,2026-05-12 16:26:21.454621+00,
5,2622,2026-05-12,12:00:00,A,,true,16000,12:30:00,6,2026-05-12 15:16:25.823+00,Valentino,,2026-05-12 15:22:54.528451+00,
1,2623,2026-05-12,18:00:00,Facundo,,true,16000,18:30:00,6,2026-05-12 16:58:45.08+00,Sebastian Fraga,,2026-05-12 21:33:07.499314+00,
1,2624,2026-05-12,13:30:00,A,,true,16000,14:00:00,6,2026-05-12 17:58:25.087+00,Sebastian Fraga,,2026-05-12 17:58:34.382976+00,
5,2625,2026-05-12,15:15:00,Pablo fialder,,true,16000,15:45:00,6,2026-05-12 18:04:04.88+00,Valentino,,2026-05-12 19:40:31.286605+00,
5,2626,2026-05-12,18:00:00,A,,true,16000,18:30:00,6,2026-05-12 20:27:31.104+00,Valentino,,2026-05-12 22:35:24.534257+00,
1,2627,2026-05-12,18:30:00,Papa Augusto,,true,16000,19:00:00,6,2026-05-12 21:33:15.068+00,Sebastian Fraga,,2026-05-12 21:33:20.165015+00,
1,2628,2026-05-12,19:00:00,a,,true,16000,19:30:00,6,2026-05-12 22:27:38.958+00,Sebastian Fraga,,2026-05-12 22:27:44.107646+00,
5,2629,2026-05-16,13:00:00,Emiliano Guareschi,1141596914,true,16000,13:30:00,6,2026-05-12 22:40:41.397+00,Emiliano Guareschi,,2026-05-16 16:35:20.329961+00,
5,2630,2026-05-14,16:00:00,Santi SCW,,true,16000,16:30:00,6,2026-05-13 00:09:40.934+00,Sebastian Fraga,,2026-05-14 19:30:03.585937+00,
1,2631,2026-05-15,16:00:00,Walter Pallone,1149271280,true,13600,16:30:00,6,2026-05-13 00:30:43.027+00,Walter Pallone,,2026-05-15 20:40:35.404087+00,
1,2632,2026-05-14,17:45:00,Matias De Carli,1121938635,true,16000,18:15:00,2,2026-05-13 15:04:14.388+00,Matias De Carli,,2026-05-14 22:53:04.118627+00,
5,2633,2026-05-14,11:00:00,Juan colavella,,true,14000,11:30:00,6,2026-05-13 17:40:31.367+00,Sebastian Fraga,,2026-05-14 15:06:08.293869+00,
1,2634,2026-05-14,11:30:00,Paco,,false,,12:00:00,6,2026-05-13 17:40:51.228+00,Sebastian Fraga,2026-05-14 15:59:33.012+00,2026-05-14 15:59:33.356494+00,Sebastian Fraga
5,2635,2026-05-13,16:00:00,A,,true,16000,16:30:00,6,2026-05-13 19:38:49.755+00,Valentino,,2026-05-13 19:39:19.342187+00,
5,2636,2026-05-13,18:00:00,B,,true,19000,18:45:00,3,2026-05-13 21:31:34.188+00,Valentino,,2026-05-13 21:31:42.531675+00,
1,2637,2026-05-15,12:00:00,Vir,1156381619,true,14000,12:30:00,4,2026-05-14 10:21:59.708+00,Vir,,2026-05-15 20:40:02.124952+00,
1,2638,2026-05-14,19:00:00,Rai,,true,16000,19:30:00,6,2026-05-14 13:33:55.906+00,Sebastian Fraga,,2026-05-14 22:53:13.411213+00,
1,2639,2026-05-14,15:30:00,Fabian Induti,,true,16000,16:00:00,6,2026-05-14 13:44:34.111+00,Sebastian Fraga,,2026-05-14 18:51:14.625688+00,
5,2640,2026-05-14,11:30:00,A,,true,16000,12:00:00,6,2026-05-14 15:04:16.581+00,Valentino,,2026-05-14 15:06:01.584664+00,
5,2641,2026-05-14,14:30:00,A,,true,16000,15:00:00,6,2026-05-14 15:59:02.622+00,Valentino,,2026-05-14 18:11:44.886798+00,
5,2642,2026-05-14,19:00:00,Gabriel Zelaschi,,true,16000,19:30:00,6,2026-05-14 16:18:54.054+00,Valentino,,2026-05-14 22:25:28.863965+00,
1,2643,2026-05-14,16:30:00,Lauti Davila,,true,16000,17:00:00,6,2026-05-14 17:07:30.594+00,Sebastian Fraga,,2026-05-14 20:36:01.77585+00,
1,2644,2026-05-15,12:30:00,Paco Grimaux,1122334455,true,16000,13:00:00,6,2026-05-14 19:01:24.812+00,Paco Grimaux,,2026-05-15 20:40:12.618962+00,
1,2645,2026-05-14,19:30:00,Adrian Davila,,true,19000,20:15:00,3,2026-05-14 19:49:17.346+00,Sebastian Fraga,,2026-05-14 23:18:38.058845+00,
1,2646,2026-05-14,16:00:00,Lauti Virtuani,,true,10000,16:30:00,6,2026-05-14 20:44:52.678+00,Sebastian Fraga,,2026-05-14 23:18:32.978745+00,
5,2647,2026-05-14,18:30:00,Benja,,true,16000,19:00:00,6,2026-05-14 21:39:58.193+00,Valentino,,2026-05-14 21:40:05.984544+00,
1,2648,2026-05-15,14:30:00,Papa Virtuani,,true,16000,15:00:00,6,2026-05-14 23:25:37.81+00,Sebastian Fraga,,2026-05-15 20:40:07.159851+00,
1,2649,2026-05-15,17:45:00,Fede de Carli,,false,,18:30:00,3,2026-05-15 00:20:00.488+00,Sebastian Fraga,2026-05-15 20:17:51.515+00,2026-05-15 20:17:51.584943+00,Sebastian Fraga
1,2650,2026-05-15,16:30:00,"Quintin pozo ",1140864708,true,16000,17:00:00,4,2026-05-15 06:13:16.209+00,"Quintin pozo ",,2026-05-15 20:40:44.620702+00,
5,2651,2026-05-15,11:15:00,Enzo trinidad,,true,19000,12:00:00,3,2026-05-15 13:42:41.996+00,Valentino,,2026-05-15 15:42:31.262795+00,
1,2652,2026-05-15,17:15:00,Esranislao Stocca,,false,,17:45:00,6,2026-05-15 14:08:19.287+00,Sebastian Fraga,2026-05-15 20:17:47.384+00,2026-05-15 20:17:47.458702+00,Sebastian Fraga
5,2653,2026-05-15,12:15:00,A,,true,16000,12:45:00,6,2026-05-15 15:42:20.7+00,Valentino,,2026-05-15 15:42:36.080005+00,
1,2654,2026-05-15,15:45:00,Lorenzo Ariotti,1149177040,true,16000,16:15:00,6,2026-05-15 15:59:48.376+00,Lorenzo Ariotti,,2026-05-15 20:40:17.875255+00,
1,2655,2026-05-16,11:00:00,"Nicolas  farachi ",5491176318,true,16000,11:30:00,6,2026-05-15 16:49:46.368+00,"Nicolas  farachi ",,2026-05-16 17:02:51.921678+00,
5,2656,2026-05-15,15:15:00,Chino,,true,16000,15:45:00,6,2026-05-15 17:25:42.594+00,Valentino,,2026-05-15 20:01:07.950587+00,
5,2657,2026-05-16,15:00:00,Geree,,true,14000,15:30:00,6,2026-05-15 17:36:46.276+00,Valentino,,2026-05-16 18:43:38.494763+00,
1,2658,2026-05-16,17:00:00,Augusto Marchese,,true,16000,17:30:00,6,2026-05-15 20:38:26.971+00,Sebastian Fraga,,2026-05-17 00:20:02.218545+00,
1,2659,2026-05-16,14:30:00,Ale Fourcade,,true,14000,15:15:00,3,2026-05-15 20:41:06.698+00,Sebastian Fraga,,2026-05-16 19:31:18.398418+00,
1,2660,2026-05-15,19:00:00,Fernando Casla,,true,16000,19:30:00,6,2026-05-15 22:25:54.275+00,Sebastian Fraga,,2026-05-16 19:26:27.229431+00,
5,2661,2026-05-16,14:30:00,Constantino Pastorino,1130352919,false,,15:00:00,4,2026-05-16 03:46:24.719+00,Constantino Pastorino,2026-05-16 03:47:00.141+00,2026-05-16 03:47:00.241177+00,Constantino Pastorino
5,2662,2026-05-16,12:00:00,Ivi,,true,14000,12:30:00,6,2026-05-16 13:09:45.888+00,Valentino,,2026-05-16 15:14:31.40706+00,
5,2663,2026-05-16,16:15:00,Milo,,true,16000,16:45:00,6,2026-05-16 14:27:58.212+00,Valentino,,2026-05-16 19:45:33.92045+00,
5,2664,2026-05-16,12:30:00,A,,true,11000,13:00:00,1,2026-05-16 16:35:04.078+00,Valentino,,2026-05-16 16:35:13.735894+00,
1,2665,2026-05-16,16:30:00,Bras,,true,16000,17:00:00,6,2026-05-16 17:03:03.613+00,Sebastian Fraga,,2026-05-16 20:35:30.964197+00,
5,2666,2026-05-16,17:30:00,Joaquin,,false,,18:00:00,6,2026-05-16 17:05:14.831+00,Valentino,2026-05-16 18:26:01.569+00,2026-05-16 18:26:01.672749+00,Valentino
5,2667,2026-05-16,17:15:00,Joaco,,true,19000,18:00:00,3,2026-05-16 17:41:25.804+00,Valentino,,2026-05-16 21:48:17.471308+00,
1,2668,2026-05-16,19:00:00,Agustin Selva,1132851303,true,13600,19:30:00,4,2026-05-16 18:22:12.795+00,Agustin Selva,,2026-05-17 00:20:10.461582+00,
1,2669,2026-05-16,13:45:00,Facu Iriondo,,false,,14:15:00,6,2026-05-16 19:31:39.767+00,Sebastian Fraga,,2026-05-16 19:31:39.855829+00,
1,2670,2026-05-16,18:30:00,Fede De Carli,,false,,19:00:00,6,2026-05-17 00:20:23.039+00,Sebastian Fraga,,2026-05-17 00:20:23.380167+00,
5,2671,2026-05-21,15:30:00,Axel,,true,14000,16:00:00,6,2026-05-17 19:42:16.715+00,Valentino,,2026-05-21 20:43:18.295409+00,
5,2672,2026-05-20,13:00:00,Carlos Castignani,1139265559,true,14000,13:30:00,6,2026-05-18 19:11:16.839+00,Carlos Castignani,,2026-05-20 17:01:32.613692+00,
5,2673,2026-05-23,12:00:00,Facha,,true,14000,12:30:00,6,2026-05-18 20:06:51.6+00,Valentino,,2026-05-23 17:08:51.531172+00,
5,2674,2026-05-19,17:30:00,Augusto,,true,16000,18:00:00,6,2026-05-18 20:08:14.996+00,Valentino,,2026-05-19 21:10:37.110026+00,
5,2675,2026-05-19,12:30:00,José Ignacio ezquerra,1166046526,true,16000,13:00:00,4,2026-05-19 12:34:15.524+00,José Ignacio ezquerra,,2026-05-19 21:10:21.1327+00,
5,2676,2026-05-19,17:00:00,Mateo Patroni,1150043635,true,16000,17:30:00,6,2026-05-19 15:29:20.893+00,Mateo Patroni,,2026-05-19 21:10:32.82242+00,
5,2677,2026-05-20,12:30:00,Naz,,true,16000,13:00:00,6,2026-05-19 17:13:17.881+00,Valentino,,2026-05-20 17:00:41.780967+00,
5,2678,2026-05-19,16:30:00,Federico Gago,1124735550,true,16000,17:00:00,6,2026-05-19 19:09:28.758+00,Federico Gago,,2026-05-19 21:10:27.636028+00,
5,2679,2026-05-19,19:00:00,A,,true,19000,19:45:00,3,2026-05-19 22:22:50.882+00,Valentino,,2026-05-19 22:23:01.90687+00,
5,2680,2026-05-22,15:30:00,Francisco Montaldo,1154842834,true,16000,16:00:00,6,2026-05-20 13:09:47.97+00,Francisco Montaldo,,2026-05-22 19:21:27.663072+00,
5,2681,2026-05-22,16:00:00,Ariel,,true,16000,16:30:00,6,2026-05-20 13:12:11.958+00,Valentino,,2026-05-22 19:21:21.288124+00,
5,2682,2026-05-20,12:00:00,A,,true,16000,12:30:00,6,2026-05-20 16:57:25.568+00,Valentino,,2026-05-20 17:00:31.470934+00,
5,2683,2026-05-22,16:30:00,"Vir ",1156381619,false,,17:00:00,4,2026-05-20 19:05:19.812+00,"Vir ",2026-05-22 18:13:54.2+00,2026-05-22 18:13:54.561373+00,"Vir "
5,2684,2026-05-20,18:00:00,B,,true,16000,18:30:00,6,2026-05-20 21:28:57.164+00,Valentino,,2026-05-20 21:29:08.810047+00,
1,2685,2026-05-29,15:00:00,Enzo Belo,1169616487,true,16000,15:30:00,6,2026-05-20 21:53:11.019+00,Enzo Belo,,2026-05-29 23:30:58.487947+00,
5,2686,2026-05-21,18:30:00,Mateo,1167607442,false,,19:00:00,4,2026-05-21 14:35:39.622+00,Mateo,2026-05-21 21:32:01.867+00,2026-05-21 21:32:02.206903+00,Valentino
5,2687,2026-05-22,11:00:00,Juan Ignacio Sambuceti,1123050417,false,,11:45:00,3,2026-05-21 14:53:01.971+00,Juan Ignacio Sambuceti,2026-05-21 23:37:43.123+00,2026-05-21 23:37:43.218168+00,Juan Ignacio Sambuceti
5,2688,2026-05-21,11:30:00,A,,true,16000,12:00:00,6,2026-05-21 15:01:20.619+00,Valentino,,2026-05-21 15:41:13.685823+00,
5,2689,2026-05-21,15:00:00,Zumel,,true,14000,15:30:00,6,2026-05-21 15:40:43.621+00,Valentino,,2026-05-21 20:43:10.619789+00,
5,2690,2026-05-21,12:00:00,B,,true,16000,12:30:00,6,2026-05-21 15:41:03.835+00,Valentino,,2026-05-21 15:41:17.986956+00,
5,2691,2026-05-21,14:00:00,Giovanni,,true,14000,14:30:00,6,2026-05-21 15:46:39.827+00,Valentino,,2026-05-21 20:42:54.88759+00,
5,2692,2026-05-21,14:30:00,Maidana,,true,14000,15:00:00,6,2026-05-21 15:46:46.982+00,Valentino,,2026-05-21 20:43:03.832461+00,
5,2693,2026-05-21,17:30:00,Juan Di Tocco,1169539200,true,14000,18:00:00,4,2026-05-21 17:33:50.449+00,Juan Di Tocco,,2026-05-21 20:46:07.934141+00,
5,2694,2026-05-21,17:00:00,C,,true,16000,17:30:00,6,2026-05-21 20:42:17.006+00,Valentino,,2026-05-21 20:42:22.428026+00,
5,2695,2026-05-22,12:45:00,"Mateo ",1167607442,true,16000,13:15:00,4,2026-05-21 21:08:38.536+00,"Mateo ",,2026-05-22 17:12:25.437956+00,
5,2696,2026-05-22,17:30:00,FACULTAD,,false,,18:15:00,3,2026-05-21 21:37:18.246+00,Valentino,2026-05-28 17:46:04.048+00,2026-05-28 17:46:04.119871+00,Valentino
5,2697,2026-05-22,18:15:00,FACULTAD,,false,,19:00:00,3,2026-05-21 21:37:39.57+00,Valentino,2026-05-28 17:46:07.251+00,2026-05-28 17:46:07.576348+00,Valentino
5,2698,2026-05-22,19:00:00,FACULTAD,,false,,19:45:00,3,2026-05-21 21:37:48.01+00,Valentino,2026-05-28 17:46:10.42+00,2026-05-28 17:46:10.501987+00,Valentino
5,2699,2026-05-23,11:00:00,FACULTAD,,false,,11:30:00,6,2026-05-21 21:38:47.5+00,Valentino,2026-05-22 19:22:35.024+00,2026-05-22 19:22:35.114626+00,Valentino
5,2700,2026-05-23,15:15:00,PINAMAR,,false,,16:00:00,3,2026-05-21 21:39:24.93+00,Valentino,2026-05-28 17:45:39.403+00,2026-05-28 17:45:39.482542+00,Valentino
5,2701,2026-05-23,16:00:00,PINAMAR,,false,,16:45:00,3,2026-05-21 21:39:33.785+00,Valentino,2026-05-28 17:45:42.691+00,2026-05-28 17:45:42.778694+00,Valentino
5,2702,2026-05-23,16:45:00,PINAMAR,,false,,17:30:00,3,2026-05-21 21:39:40.779+00,Valentino,2026-05-28 17:45:45.804+00,2026-05-28 17:45:45.893046+00,Valentino
5,2703,2026-05-23,17:30:00,PINAMAR,,false,,18:15:00,3,2026-05-21 21:39:49.769+00,Valentino,2026-05-28 17:45:49.12+00,2026-05-28 17:45:49.194706+00,Valentino
5,2704,2026-05-23,18:15:00,PINAMAR,,false,,19:00:00,3,2026-05-21 21:39:56.891+00,Valentino,2026-05-28 17:45:53.669+00,2026-05-28 17:45:53.750321+00,Valentino
5,2705,2026-05-23,19:00:00,PINAMAR,,false,,19:45:00,3,2026-05-21 21:40:07.396+00,Valentino,2026-05-28 17:45:56.844+00,2026-05-28 17:45:56.917347+00,Valentino
5,2706,2026-05-23,14:00:00,Matias De Carli,1121938635,true,16000,14:30:00,6,2026-05-22 11:46:28.901+00,Matias De Carli,,2026-05-23 19:20:37.396606+00,
5,2707,2026-05-22,11:15:00,Enzo trinidad,,true,19000,12:00:00,3,2026-05-22 13:29:17.542+00,Valentino,,2026-05-22 17:12:10.275503+00,
5,2708,2026-05-22,11:00:00,A,,true,16000,11:30:00,6,2026-05-22 16:41:58.457+00,Valentino,,2026-05-22 17:12:02.175907+00,
5,2709,2026-05-22,12:00:00,B,,true,19000,12:45:00,3,2026-05-22 16:42:09.933+00,Valentino,,2026-05-22 17:12:20.839051+00,
5,2710,2026-05-23,11:30:00,Lisandro Mazzitelli,1124007165,true,16000,12:00:00,6,2026-05-22 18:02:58.272+00,Lisandro Mazzitelli,,2026-05-23 17:08:39.055219+00,
5,2711,2026-05-22,17:00:00,Juampa,,true,16000,17:30:00,6,2026-05-22 18:18:01.331+00,Valentino,,2026-05-22 20:21:06.465415+00,
5,2712,2026-05-23,12:30:00,Lucas Fidalgo,1141578848,true,16000,13:00:00,6,2026-05-22 19:13:35.878+00,Lucas Fidalgo,,2026-05-23 19:20:30.712794+00,
5,2713,2026-05-22,16:30:00,A,,true,16000,17:00:00,6,2026-05-22 20:20:55.853+00,Valentino,,2026-05-22 20:21:01.349087+00,
5,2714,2026-05-23,11:00:00,Taragan,,true,14000,11:30:00,6,2026-05-22 23:21:56.189+00,Valentino,,2026-05-23 17:07:34.268901+00,
5,2715,2026-05-23,14:30:00,Federico Portmann,1136032577,true,16000,15:00:00,6,2026-05-23 00:01:08.069+00,Federico Portmann,,2026-05-23 19:20:57.225214+00,
5,2716,2026-05-23,13:30:00,A,,true,16000,14:00:00,6,2026-05-23 19:21:32.002+00,Valentino,,2026-05-23 19:21:37.742875+00,
5,2717,2026-05-28,11:30:00,Obaya,,true,14000,12:00:00,6,2026-05-26 12:34:21.409+00,Valentino,,2026-05-28 19:05:34.017127+00,
5,2718,2026-05-26,18:30:00,Gere,,true,14000,19:00:00,6,2026-05-26 13:17:18.751+00,Valentino,,2026-05-26 22:16:10.462979+00,
5,2719,2026-05-26,16:30:00,Estanislao stocca,1158580371,true,11000,17:00:00,1,2026-05-26 14:52:29.062+00,Estanislao stocca,,2026-05-26 21:03:12.216395+00,
5,2720,2026-05-27,19:00:00,Franco Palencia,1151224036,true,16000,19:30:00,4,2026-05-26 15:49:44.224+00,Franco Palencia,,2026-05-27 23:02:09.30448+00,
5,2721,2026-05-26,12:30:00,A,,true,16000,13:00:00,6,2026-05-26 16:06:46.177+00,Valentino,,2026-05-26 16:06:51.883255+00,
5,2722,2026-05-27,11:00:00,Facultad,,false,,11:45:00,3,2026-05-26 16:07:49.655+00,Valentino,2026-05-28 17:44:45.215+00,2026-05-28 17:44:45.312744+00,Valentino
5,2723,2026-05-27,11:45:00,Facultad,,false,,12:15:00,6,2026-05-26 16:08:03.016+00,Valentino,2026-05-27 13:57:11.285+00,2026-05-27 13:57:11.368284+00,Valentino
5,2724,2026-05-27,14:00:00,Virgi,,false,,14:30:00,6,2026-05-26 16:17:14.405+00,Valentino,2026-05-27 16:36:41.06+00,2026-05-27 16:36:41.412612+00,Valentino
5,2725,2026-05-28,18:15:00,TURNO MEDICO,,false,,19:00:00,3,2026-05-26 17:16:27.41+00,Valentino,2026-05-28 17:44:56.586+00,2026-05-28 17:44:56.687657+00,Valentino
5,2726,2026-05-28,19:00:00,TURNO MEDICO,,false,,19:45:00,3,2026-05-26 17:16:39.744+00,Valentino,2026-05-28 17:45:00.671+00,2026-05-28 17:45:00.757989+00,Valentino
5,2727,2026-05-29,17:30:00,Facultad,,false,,18:15:00,3,2026-05-26 17:30:03.839+00,Valentino,2026-05-29 00:05:56.555+00,2026-05-29 00:05:56.634716+00,Valentino
5,2728,2026-05-29,18:15:00,Facultad,,false,,19:00:00,3,2026-05-26 17:30:09.606+00,Valentino,2026-05-29 00:05:50.994+00,2026-05-29 00:05:51.075658+00,Valentino
5,2729,2026-05-29,19:00:00,Facultad,,false,,19:45:00,3,2026-05-26 17:30:16.748+00,Valentino,2026-05-29 00:05:46.808+00,2026-05-29 00:05:46.925376+00,Valentino
5,2730,2026-05-26,17:15:00,A,,true,11000,17:45:00,1,2026-05-26 21:02:50.203+00,Valentino,,2026-05-26 21:04:48.816804+00,
5,2731,2026-05-26,17:45:00,B,,true,19000,18:30:00,3,2026-05-26 21:03:00.178+00,Valentino,,2026-05-26 21:04:53.107399+00,
5,2732,2026-05-27,18:15:00,"Juan Ignacio Molina ",1168820931,true,16000,18:45:00,6,2026-05-26 21:53:06.032+00,"Juan Ignacio Molina ",,2026-05-27 23:02:02.958893+00,
5,2733,2026-05-27,18:00:00,Tomi,,true,16000,18:30:00,6,2026-05-27 12:37:30.182+00,Valentino,,2026-05-27 23:01:56.681652+00,
5,2734,2026-05-27,11:45:00,Juan Manuel Montoya,1158207385,true,16000,12:15:00,6,2026-05-27 14:03:22.973+00,Juan Manuel Montoya,,2026-05-27 16:37:05.222756+00,
5,2735,2026-05-27,12:15:00,A,,true,19000,13:00:00,3,2026-05-27 16:36:49.093+00,Valentino,,2026-05-27 16:36:58.024228+00,
5,2736,2026-05-29,12:30:00,Cato,,true,14000,13:00:00,6,2026-05-27 17:31:16.749+00,Valentino,,2026-05-29 16:59:26.050915+00,
5,2737,2026-05-29,17:00:00,Oliva,,true,14000,17:30:00,6,2026-05-27 18:01:51.62+00,Valentino,,2026-05-29 20:50:46.442492+00,
5,2738,2026-05-27,15:00:00,A,,true,16000,15:30:00,6,2026-05-27 18:46:19.526+00,Valentino,,2026-05-27 18:46:27.709774+00,
5,2739,2026-05-28,15:00:00,"Ruben ",1168930636,false,,15:30:00,6,2026-05-27 20:04:29.171+00,"Ruben ",2026-05-28 14:56:19.884+00,2026-05-28 14:56:19.971763+00,Valentino
1,2740,2026-05-29,14:30:00,Valentino,1167869617,true,16000,15:00:00,6,2026-05-27 20:06:27.345+00,Valentino,,2026-05-29 23:30:53.970983+00,
5,2741,2026-05-27,16:00:00,A,,true,16000,16:30:00,6,2026-05-27 23:00:57.142+00,Valentino,,2026-05-27 23:01:28.631206+00,
5,2742,2026-05-27,16:30:00,B,,true,16000,17:00:00,6,2026-05-27 23:01:02.642+00,Valentino,,2026-05-27 23:01:34.732422+00,
5,2743,2026-05-27,17:00:00,C,,true,16000,17:30:00,6,2026-05-27 23:01:09.151+00,Valentino,,2026-05-27 23:01:41.936189+00,
1,2744,2026-05-29,13:30:00,"Ezequiel ",1124612329,true,16000,14:00:00,6,2026-05-28 10:55:10.013+00,"Ezequiel ",,2026-05-29 23:30:49.278774+00,
5,2745,2026-05-28,12:30:00,Eduardo carrera,,true,16000,13:00:00,6,2026-05-28 13:39:12.062+00,Valentino,,2026-05-28 19:05:25.31805+00,
5,2746,2026-05-28,17:00:00,Lulu,,false,,17:30:00,6,2026-05-28 13:42:30.761+00,Valentino,2026-05-28 19:05:07.871+00,2026-05-28 19:05:07.949446+00,Valentino
5,2747,2026-05-28,12:00:00,Ruben,1168930636,true,16000,12:30:00,6,2026-05-28 14:04:18.2+00,Ruben,,2026-05-28 19:05:19.222042+00,
1,2748,2026-05-29,17:30:00,"Gastón Rébolo ",1533150679,true,16000,18:00:00,6,2026-05-28 14:48:02.799+00,"Gastón Rébolo ",,2026-05-29 23:31:19.00639+00,
1,2749,2026-05-29,11:30:00,"Juan Ignacio Sambuceti ",1123050417,true,19000,12:15:00,3,2026-05-28 16:00:09.601+00,"Juan Ignacio Sambuceti ",,2026-05-29 23:30:28.034502+00,
5,2750,2026-05-29,16:30:00,Lulu,,true,14000,17:00:00,6,2026-05-28 23:00:47.959+00,Valentino,,2026-05-29 20:50:15.328234+00,
1,2751,2026-05-29,12:30:00,Nachoto,,true,10000,13:00:00,6,2026-05-29 00:00:12.519+00,Sebastian Fraga,,2026-05-29 23:30:36.252212+00,
1,2752,2026-05-28,17:00:00,Lauti Virtuani,,false,,17:30:00,6,2026-05-29 00:00:55.324+00,Sebastian Fraga,,2026-05-29 00:00:55.42234+00,
1,2753,2026-05-28,18:15:00,a,,true,16000,18:45:00,6,2026-05-29 00:01:02.531+00,Sebastian Fraga,,2026-05-29 00:01:07.26819+00,
1,2754,2026-05-29,11:00:00,Ale Mansilla,,true,16000,11:30:00,6,2026-05-29 00:03:45.291+00,Sebastian Fraga,,2026-05-29 23:30:21.753236+00,
1,2755,2026-05-29,16:30:00,Walter,1149271280,true,16000,17:00:00,6,2026-05-29 00:54:21.605+00,Walter,,2026-05-29 23:31:25.078137+00,
5,2756,2026-05-29,15:30:00,Dario Castro,1132447572,true,16000,16:00:00,6,2026-05-29 01:05:21.357+00,Dario Castro,,2026-05-29 19:32:48.738781+00,
1,2757,2026-05-29,14:00:00,Santi Signori,,true,16000,14:30:00,6,2026-05-29 01:22:46.707+00,Sebastian Fraga,,2026-05-29 23:30:40.400548+00,
1,2758,2026-05-29,15:30:00,Chino,,true,19000,16:15:00,3,2026-05-29 01:22:53.959+00,Sebastian Fraga,,2026-05-29 23:31:46.235204+00,
5,2759,2026-05-29,11:15:00,Enzo,,true,19000,12:00:00,3,2026-05-29 12:15:34.892+00,Valentino,,2026-05-29 16:58:53.1002+00,
5,2760,2026-05-29,12:00:00,Tincho,,true,16000,12:30:00,6,2026-05-29 13:31:48.621+00,Sebastian Fraga,,2026-05-29 16:59:03.626519+00,
1,2761,2026-05-29,19:30:00,Franco W,,true,16000,20:00:00,6,2026-05-29 13:32:24.188+00,Sebastian Fraga,,2026-05-29 23:31:38.807321+00,
5,2762,2026-05-29,11:00:00,A,,true,16000,11:30:00,6,2026-05-29 16:58:13.679+00,Valentino,,2026-05-29 16:58:33.895158+00,
5,2763,2026-05-29,13:00:00,B,,true,16000,13:30:00,6,2026-05-29 16:58:18.369+00,Valentino,,2026-05-29 16:59:31.190665+00,
1,2764,2026-05-29,13:00:00,Ceja,,true,16000,13:30:00,6,2026-05-29 19:22:04.154+00,Sebastian Fraga,,2026-05-29 23:30:44.75245+00,
1,2765,2026-05-29,18:30:00,Joaco Longhini,,true,16000,19:00:00,6,2026-05-29 19:22:24.861+00,Sebastian Fraga,,2026-05-29 23:31:33.711663+00,
5,2766,2026-05-29,16:00:00,A,,true,19000,16:45:00,3,2026-05-29 19:32:34.748+00,Valentino,,2026-05-29 19:33:03.116778+00,
1,2767,2026-05-30,15:15:00,benicio buschiazzo,1162290038,true,14000,16:00:00,3,2026-05-29 21:28:03.504+00,benicio buschiazzo,,2026-06-02 10:21:24.846375+00,
5,2768,2026-05-30,15:00:00,Gere,,true,14000,15:30:00,6,2026-05-29 21:44:07.095+00,Valentino,,2026-05-30 18:47:28.775846+00,
5,2769,2026-05-30,11:30:00,"Matias Butti ",1160567617,true,16000,12:00:00,6,2026-05-29 22:47:52.516+00,"Matias Butti ",,2026-05-30 15:48:52.449891+00,
1,2770,2026-05-30,17:00:00,Rodrigo F Llanos,,true,16000,17:30:00,6,2026-05-29 23:29:02.221+00,Sebastian Fraga,,2026-06-02 10:21:43.35817+00,
1,2771,2026-05-30,14:30:00,Mariano Ntf,,true,19000,15:15:00,3,2026-05-29 23:29:14.996+00,Sebastian Fraga,,2026-06-02 10:21:16.719259+00,
1,2772,2026-05-29,19:00:00,CAP,,true,13000,19:30:00,6,2026-05-29 23:31:56.527+00,Sebastian Fraga,,2026-05-29 23:32:11.916934+00,
1,2773,2026-05-30,16:30:00,Virginia Luna,,true,14000,17:00:00,6,2026-05-29 23:50:41.306+00,Sebastian Fraga,,2026-06-02 10:21:32.75021+00,
5,2774,2026-05-30,17:30:00,Empieza el finde,,false,,18:15:00,3,2026-05-30 00:59:02.945+00,Valentino,2026-05-30 01:00:00.125+00,2026-05-30 01:00:00.222624+00,Valentino
5,2775,2026-05-30,18:15:00,Empieza el finde,,false,,19:00:00,3,2026-05-30 00:59:51.837+00,Valentino,2026-05-30 00:59:57.107+00,2026-05-30 00:59:57.204499+00,Valentino
1,2776,2026-05-30,13:45:00,Ale Fourcade,,true,14000,14:30:00,3,2026-05-30 05:09:56.7+00,Sebastian Fraga,,2026-06-02 10:21:08.745037+00,
5,2777,2026-05-30,11:00:00,Juan Ignacio Latella,1169710302,true,16000,11:30:00,6,2026-05-30 13:20:23.631+00,Juan Ignacio Latella,,2026-05-30 15:48:46.648746+00,
1,2778,2026-05-30,19:15:00,Fede De Carli,,true,16000,19:45:00,6,2026-05-30 15:33:52.031+00,Sebastian Fraga,,2026-06-09 15:52:54.578145+00,
5,2779,2026-05-30,12:00:00,A,,true,16000,12:30:00,6,2026-05-30 15:47:11.453+00,Valentino,,2026-05-30 15:48:57.173175+00,
5,2780,2026-05-30,12:30:00,B,,true,16000,13:00:00,6,2026-05-30 15:47:18.256+00,Valentino,,2026-05-30 15:49:01.434587+00,
5,2781,2026-05-30,13:00:00,C,,true,16000,13:30:00,6,2026-05-30 15:48:11.259+00,Valentino,,2026-05-30 15:49:06.139741+00,
5,2782,2026-05-30,17:30:00,A,0000000000,false,,20:00:00,1,2026-05-30 15:50:45.956+00,Valentino,,2026-05-30 15:50:46.312057+00,
5,2783,2026-05-30,13:30:00,A,,true,19000,14:00:00,4,2026-05-30 16:21:41.785+00,Valentino,,2026-05-30 16:21:50.022672+00,
1,2784,2026-05-30,16:00:00,Tino,,false,,16:30:00,6,2026-05-30 16:57:00.342+00,Sebastian Fraga,2026-05-30 19:50:01.39+00,2026-05-30 19:50:01.723691+00,Sebastian Fraga
5,2785,2026-06-02,11:30:00,Nari,,true,15500,12:00:00,6,2026-06-01 19:24:45.485+00,Valentino,,2026-06-02 20:52:10.310238+00,
1,2786,2026-06-04,14:00:00,Julian h,1123914276,true,18000,14:30:00,6,2026-06-01 20:32:34.047+00,Julian h,,2026-06-04 17:36:35.911551+00,
1,2787,2026-06-02,14:45:00,"Franco Concaro ",1165121999,true,23000,15:30:00,3,2026-06-02 00:15:57.222+00,"Franco Concaro ",,2026-06-02 20:49:53.991179+00,
1,2788,2026-06-17,13:00:00,ALMUERZO,0000000000,false,,14:00:00,1,2026-06-02 15:03:09.924+00,Sebastian Fraga,,2026-06-02 15:03:10.055895+00,
1,2789,2026-06-02,13:00:00,ALMUERZO,0000000000,false,,14:00:00,1,2026-06-02 15:03:09.877+00,Sebastian Fraga,,2026-06-02 15:03:10.260168+00,
1,2790,2026-06-04,13:00:00,ALMUERZO,0000000000,false,,14:00:00,1,2026-06-02 15:03:09.968+00,Sebastian Fraga,,2026-06-04 14:59:25.217529+00,
1,2791,2026-06-05,13:00:00,ALMUERZO,0000000000,false,,14:00:00,1,2026-06-02 15:03:09.988+00,Sebastian Fraga,2026-06-03 20:01:07.944+00,2026-06-03 20:01:08.057552+00,Sebastian Fraga
1,2792,2026-06-16,13:00:00,ALMUERZO,0000000000,false,,14:00:00,1,2026-06-02 15:03:09.917+00,Sebastian Fraga,2026-06-16 15:08:45.745+00,2026-06-16 15:08:45.825744+00,Sebastian Fraga
1,2793,2026-06-20,11:00:00,ALMUERZO,0000000000,false,,12:00:00,1,2026-06-02 15:03:10.52+00,Sebastian Fraga,2026-06-20 14:53:18.795+00,2026-06-20 14:53:18.869064+00,Sebastian Fraga
1,2794,2026-06-13,13:00:00,ALMUERZO,0000000000,false,,14:00:00,1,2026-06-02 15:03:10.559+00,Sebastian Fraga,,2026-06-02 15:03:10.700255+00,
1,2795,2026-06-18,13:00:00,ALMUERZO,0000000000,false,,14:00:00,1,2026-06-02 15:03:10.566+00,Sebastian Fraga,,2026-06-02 15:03:10.707729+00,
1,2796,2026-06-24,13:00:00,ALMUERZO,0000000000,false,,14:00:00,1,2026-06-02 15:03:10.584+00,Sebastian Fraga,,2026-06-02 15:03:10.758127+00,
1,2797,2026-06-25,13:00:00,ALMUERZO,0000000000,false,,14:00:00,1,2026-06-02 15:03:10.743+00,Sebastian Fraga,,2026-06-02 15:03:10.866654+00,
1,2798,2026-06-09,13:30:00,ALMUERZO,0000000000,false,,14:30:00,1,2026-06-02 15:03:10.543+00,Sebastian Fraga,,2026-06-09 15:16:23.874683+00,
1,2799,2026-06-03,13:00:00,ALMUERZO,0000000000,false,,14:00:00,1,2026-06-02 15:03:10.55+00,Sebastian Fraga,,2026-06-02 15:03:10.943867+00,
1,2800,2026-06-06,13:00:00,ALMUERZO,0000000000,false,,14:00:00,1,2026-06-02 15:03:10.572+00,Sebastian Fraga,2026-06-03 20:01:12.943+00,2026-06-03 20:01:13.017276+00,Sebastian Fraga
1,2801,2026-06-26,13:30:00,ALMUERZO,0000000000,false,,14:30:00,1,2026-06-02 15:03:10.584+00,Sebastian Fraga,,2026-06-25 19:39:23.673143+00,
1,2802,2026-06-12,13:00:00,ALMUERZO,0000000000,false,,14:00:00,1,2026-06-02 15:03:10.601+00,Sebastian Fraga,,2026-06-02 15:03:10.985391+00,
1,2803,2026-06-30,13:00:00,ALMUERZO,0000000000,false,,14:00:00,1,2026-06-02 15:03:10.623+00,Sebastian Fraga,,2026-06-02 15:03:10.997871+00,
1,2804,2026-06-11,13:00:00,ALMUERZO,0000000000,false,,14:00:00,1,2026-06-02 15:03:10.634+00,Sebastian Fraga,,2026-06-02 15:03:11.01404+00,
1,2805,2026-06-10,13:00:00,ALMUERZO,0000000000,false,,14:00:00,1,2026-06-02 15:03:10.641+00,Sebastian Fraga,,2026-06-02 15:03:11.029441+00,
1,2806,2026-06-23,13:00:00,ALMUERZO,0000000000,false,,14:00:00,1,2026-06-02 15:03:10.66+00,Sebastian Fraga,,2026-06-02 15:03:11.03684+00,
1,2807,2026-06-20,13:00:00,ALMUERZO,0000000000,false,,14:15:00,1,2026-06-02 15:03:10.665+00,Sebastian Fraga,,2026-06-20 14:53:13.025465+00,
1,2808,2026-06-27,13:00:00,ALMUERZO,0000000000,false,,14:00:00,1,2026-06-02 15:03:10.753+00,Sebastian Fraga,2026-06-26 20:48:00.569+00,2026-06-26 20:48:00.890111+00,Sebastian Fraga
5,2809,2026-06-02,18:30:00,Mateo castro,1167607442,true,18000,19:00:00,4,2026-06-02 17:17:50.988+00,Mateo castro,,2026-06-02 22:15:13.04899+00,
1,2810,2026-06-02,19:15:00,Mati Navarro,1122334455,true,19500,20:00:00,3,2026-06-02 17:22:02.497+00,Mati Navarro,,2026-06-02 23:32:19.553992+00,
1,2811,2026-06-02,18:30:00,Bati,,true,18000,19:15:00,3,2026-06-02 17:22:39.148+00,Sebastian Fraga,,2026-06-02 22:02:06.232114+00,
1,2812,2026-06-02,17:15:00,Lauti Davila,,true,18000,17:45:00,6,2026-06-02 17:23:02.824+00,Sebastian Fraga,,2026-06-02 20:51:25.930952+00,
1,2813,2026-06-02,11:30:00,Gustavo Campos,,true,18000,12:00:00,6,2026-06-02 18:17:55.701+00,Sebastian Fraga,,2026-06-02 20:49:33.407365+00,
1,2814,2026-06-02,12:00:00,Tio Ariel,,true,18000,12:30:00,6,2026-06-02 18:18:29.233+00,Sebastian Fraga,,2026-06-02 20:49:43.755498+00,
1,2815,2026-06-03,17:30:00,Juan di tocco,1169539200,false,,18:00:00,4,2026-06-02 19:16:50.947+00,Juan di tocco,2026-06-02 19:22:26.13+00,2026-06-02 19:22:26.468064+00,Juan di tocco
1,2816,2026-06-02,15:30:00,Mati Guarella,,true,19000,16:15:00,3,2026-06-02 19:34:00.371+00,Sebastian Fraga,,2026-06-02 20:50:03.713255+00,
1,2817,2026-06-02,16:15:00,Benja Pieruzzini,,true,18000,16:45:00,6,2026-06-02 19:34:19.734+00,Sebastian Fraga,,2026-06-02 20:50:15.720252+00,
1,2818,2026-06-02,18:00:00,A,,true,18000,18:30:00,6,2026-06-02 23:32:34.108+00,Sebastian Fraga,,2026-06-02 23:33:07.004333+00,
1,2819,2026-06-03,15:00:00,Keki,1136525482,false,,15:30:00,6,2026-06-03 01:34:15.36+00,Keki,2026-06-03 14:29:14.345+00,2026-06-03 14:29:14.434949+00,Keki
1,2820,2026-06-03,17:30:00,Juan di tocco,1169539200,true,15500,18:00:00,4,2026-06-03 11:54:10.901+00,Juan di tocco,,2026-06-03 20:45:39.930158+00,
1,2821,2026-06-03,17:00:00,Miguel Iñiguez,,false,,17:30:00,6,2026-06-03 13:46:21.386+00,Sebastian Fraga,2026-06-03 19:51:20.09+00,2026-06-03 19:51:20.192736+00,Sebastian Fraga
1,2822,2026-06-03,12:15:00,Keki,1136525482,false,,12:45:00,6,2026-06-03 14:27:08.782+00,Keki,2026-06-03 14:28:03.074+00,2026-06-03 14:28:03.16511+00,Keki
1,2823,2026-06-03,12:30:00,Keki,1136525482,true,18000,13:00:00,6,2026-06-03 14:28:33.925+00,Keki,,2026-06-03 19:08:33.314419+00,
5,2824,2026-06-03,12:45:00,A,,true,18000,13:15:00,6,2026-06-03 16:20:17.128+00,Valentino,,2026-06-03 17:52:11.662606+00,
5,2825,2026-06-03,13:15:00,B,,true,23000,14:00:00,3,2026-06-03 17:28:50.165+00,Valentino,,2026-06-03 17:51:23.409377+00,
1,2826,2026-06-03,18:30:00,Nacho Lamamith,,true,23000,19:15:00,3,2026-06-03 17:56:26.301+00,Sebastian Fraga,,2026-06-03 22:49:08.889927+00,
5,2827,2026-06-03,17:15:00,Enzo trinidad,,true,23000,18:00:00,3,2026-06-03 18:00:50.266+00,Valentino,,2026-06-03 21:13:01.746786+00,
1,2828,2026-06-05,17:30:00,Nicolas Morales,,true,18000,18:15:00,3,2026-06-03 18:04:52.902+00,Sebastian Fraga,,2026-06-05 22:56:01.558177+00,
1,2829,2026-06-03,18:00:00,Ale Cicero,,true,18000,18:30:00,6,2026-06-03 19:00:58.95+00,Sebastian Fraga,,2026-06-03 21:12:53.073139+00,
1,2830,2026-06-03,19:15:00,Nahuel Ingravallo,,true,18000,19:45:00,6,2026-06-03 19:02:47.244+00,Sebastian Fraga,,2026-06-03 22:49:03.826334+00,
5,2831,2026-06-05,15:30:00,Leticia 2,,true,15500,16:00:00,6,2026-06-03 19:06:01.811+00,Valentino,,2026-06-05 20:26:40.731875+00,
1,2832,2026-06-05,19:15:00,Horacio Garcia,,true,23000,20:00:00,3,2026-06-03 19:07:28.318+00,Sebastian Fraga,,2026-06-05 22:56:18.218953+00,
5,2833,2026-06-03,19:00:00,FACULTAD,0000000000,false,,20:00:00,1,2026-06-03 19:09:11.697+00,Valentino,,2026-06-03 19:09:11.812869+00,
5,2834,2026-06-05,17:30:00,FACULTAD,0000000000,false,,20:00:00,1,2026-06-03 19:09:41.591+00,Valentino,,2026-06-03 19:09:41.702828+00,
5,2835,2026-06-06,18:00:00,FACULTAD,0000000000,false,,19:45:00,1,2026-06-03 19:10:10.954+00,Sebastian Fraga,,2026-06-05 16:26:39.860574+00,
1,2836,2026-06-23,13:00:00,ALMUERZO,0000000000,false,,14:00:00,1,2026-06-03 19:11:13.675+00,Sebastian Fraga,,2026-06-03 19:11:13.786266+00,
1,2837,2026-06-18,13:00:00,ALMUERZO,0000000000,false,,14:00:00,1,2026-06-03 19:11:13.675+00,Sebastian Fraga,,2026-06-03 19:11:13.810329+00,
1,2838,2026-06-10,13:00:00,ALMUERZO,0000000000,false,,14:00:00,1,2026-06-03 19:11:13.675+00,Sebastian Fraga,,2026-06-03 19:11:13.80749+00,
1,2839,2026-06-17,13:00:00,ALMUERZO,0000000000,false,,14:00:00,1,2026-06-03 19:11:13.681+00,Sebastian Fraga,,2026-06-03 19:11:13.811527+00,
1,2840,2026-06-06,13:30:00,ALMUERZO,0000000000,false,,14:30:00,1,2026-06-03 19:11:13.671+00,Sebastian Fraga,,2026-06-05 16:38:48.3778+00,
1,2841,2026-06-03,13:00:00,ALMUERZO,0000000000,false,,14:00:00,1,2026-06-03 19:11:13.69+00,Sebastian Fraga,2026-06-03 19:11:45.656+00,2026-06-03 19:11:45.762549+00,Sebastian Fraga
1,2842,2026-06-12,13:00:00,ALMUERZO,0000000000,false,,14:00:00,1,2026-06-03 19:11:13.694+00,Sebastian Fraga,,2026-06-03 19:11:13.844449+00,
1,2843,2026-06-04,13:00:00,ALMUERZO,0000000000,false,,14:00:00,1,2026-06-03 19:11:13.688+00,Sebastian Fraga,2026-06-03 19:11:52.004+00,2026-06-03 19:11:52.0782+00,Sebastian Fraga
1,2844,2026-06-24,13:00:00,ALMUERZO,0000000000,false,,14:00:00,1,2026-06-03 19:11:14.393+00,Sebastian Fraga,,2026-06-03 19:11:14.507243+00,
1,2845,2026-06-13,13:00:00,ALMUERZO,0000000000,false,,14:00:00,1,2026-06-03 19:11:14.412+00,Sebastian Fraga,,2026-06-03 19:11:14.520644+00,
1,2846,2026-06-25,13:00:00,ALMUERZO,0000000000,false,,14:00:00,1,2026-06-03 19:11:14.39+00,Sebastian Fraga,2026-06-25 15:29:23.722+00,2026-06-25 15:29:23.810354+00,Sebastian Fraga
1,2847,2026-06-20,13:00:00,ALMUERZO,0000000000,false,,14:00:00,1,2026-06-03 19:11:14.421+00,Sebastian Fraga,2026-06-19 05:28:23.006+00,2026-06-19 05:28:23.332473+00,Sebastian Fraga
1,2848,2026-06-30,13:00:00,ALMUERZO,0000000000,false,,14:00:00,1,2026-06-03 19:11:14.428+00,Sebastian Fraga,,2026-06-03 19:11:14.547991+00,
1,2849,2026-06-26,13:00:00,ALMUERZO,0000000000,false,,14:00:00,1,2026-06-03 19:11:14.44+00,Sebastian Fraga,2026-06-25 15:52:32.829+00,2026-06-25 15:52:33.16265+00,Sebastian Fraga
5,2850,2026-06-09,11:00:00,Fscultad,0000000000,false,,12:45:00,1,2026-06-03 19:11:14.444+00,Sebastian Fraga,,2026-06-09 12:35:33.496906+00,
1,2851,2026-06-06,11:00:00,ALMUERZO,0000000000,false,,12:00:00,1,2026-06-03 19:11:14.526+00,Sebastian Fraga,,2026-06-05 23:31:17.331083+00,
1,2852,2026-06-11,11:00:00,ALMUERZO,0000000000,false,,11:30:00,1,2026-06-03 19:11:14.578+00,Sebastian Fraga,,2026-06-11 13:44:05.052364+00,
1,2853,2026-06-16,12:30:00,ALMUERZO,0000000000,false,,14:00:00,1,2026-06-03 19:11:14.434+00,Sebastian Fraga,,2026-06-16 15:08:54.555183+00,
1,2854,2026-06-19,13:00:00,ALMUERZO,0000000000,false,,14:00:00,1,2026-06-03 19:11:14.457+00,Sebastian Fraga,2026-06-19 15:25:42.865+00,2026-06-19 15:25:42.941203+00,Sebastian Fraga
1,2855,2026-06-27,18:30:00,A,0000000000,false,,19:45:00,1,2026-06-03 19:11:14.476+00,Sebastian Fraga,,2026-06-27 21:34:13.597627+00,
5,2856,2026-06-27,18:00:00,A,0000000000,false,,19:45:00,1,2026-06-03 19:11:37.698+00,Valentino,,2026-06-27 19:51:51.518316+00,
5,2857,2026-06-11,13:30:00,ALMUERZO,0000000000,false,,14:30:00,1,2026-06-03 19:11:37.7+00,Valentino,,2026-06-03 19:11:37.787372+00,
5,2858,2026-06-23,13:30:00,ALMUERZO,0000000000,false,,14:30:00,1,2026-06-03 19:11:37.698+00,Valentino,,2026-06-03 19:11:37.795902+00,
5,2859,2026-06-06,13:30:00,ALMUERZO,0000000000,false,,14:30:00,1,2026-06-03 19:11:37.703+00,Valentino,,2026-06-03 19:11:37.802859+00,
5,2860,2026-06-24,13:30:00,ALMUERZO,0000000000,false,,14:30:00,1,2026-06-03 19:11:37.705+00,Valentino,,2026-06-03 19:11:37.80286+00,
5,2861,2026-06-12,17:30:00,A,0000000000,false,,19:45:00,1,2026-06-03 19:11:37.709+00,Valentino,,2026-06-12 19:33:38.214385+00,
5,2862,2026-06-26,13:30:00,ALMUERZO,0000000000,false,,14:30:00,1,2026-06-03 19:11:37.735+00,Valentino,,2026-06-03 19:11:37.822644+00,
5,2863,2026-06-19,13:30:00,ALMUERZO,0000000000,false,,14:30:00,1,2026-06-03 19:11:37.727+00,Valentino,,2026-06-03 19:11:37.824008+00,
5,2864,2026-06-19,17:45:00,FACULTAD,0000000000,false,,19:45:00,1,2026-06-03 19:11:37.747+00,Valentino,,2026-06-19 12:32:37.668753+00,
5,2865,2026-06-16,13:30:00,ALMUERZO,0000000000,false,,14:30:00,1,2026-06-03 19:11:37.736+00,Valentino,,2026-06-03 19:11:37.883192+00,
5,2866,2026-06-26,17:30:00,FACULTAD,0000000000,false,,19:45:00,1,2026-06-03 19:11:37.702+00,Valentino,,2026-06-25 18:55:32.143236+00,
5,2867,2026-06-30,13:30:00,ALMUERZO,0000000000,false,,14:30:00,1,2026-06-03 19:11:37.712+00,Valentino,,2026-06-03 19:11:38.093253+00,
5,2868,2026-06-20,11:00:00,ALMUERZO,0000000000,false,,19:45:00,1,2026-06-03 19:11:37.721+00,Valentino,,2026-06-19 12:32:22.967883+00,
5,2869,2026-06-04,13:30:00,ALMUERZO,0000000000,false,,14:30:00,1,2026-06-03 19:11:37.727+00,Valentino,,2026-06-03 19:11:38.110404+00,
5,2870,2026-06-10,13:30:00,ALMUERZO,0000000000,false,,14:30:00,1,2026-06-03 19:11:37.737+00,Valentino,2026-06-09 20:48:30.813+00,2026-06-09 20:48:30.944339+00,Valentino
5,2871,2026-06-03,13:30:00,ALMUERZO,0000000000,false,,14:30:00,1,2026-06-03 19:11:37.759+00,Valentino,2026-06-03 21:13:12.06+00,2026-06-03 21:13:12.14226+00,Valentino
5,2872,2026-06-11,11:00:00,.,0000000000,false,,11:30:00,1,2026-06-03 19:11:37.778+00,Valentino,,2026-06-11 13:44:35.434512+00,
5,2873,2026-06-05,13:00:00,ALMUERZO,0000000000,false,,14:00:00,1,2026-06-03 19:11:37.751+00,Valentino,,2026-06-05 16:39:16.133882+00,
5,2874,2026-06-13,13:30:00,ALMUERZO,0000000000,false,,14:30:00,1,2026-06-03 19:11:37.748+00,Valentino,,2026-06-03 19:11:38.13076+00,
5,2875,2026-06-17,14:00:00,ALMUERZO,0000000000,false,,15:00:00,1,2026-06-03 19:11:38.279+00,Valentino,,2026-06-17 16:19:02.661839+00,
5,2876,2026-06-03,18:00:00,A,,true,18000,18:30:00,6,2026-06-03 21:13:07.075+00,Valentino,,2026-06-03 21:39:52.536057+00,
5,2877,2026-06-05,16:00:00,Tato,,true,15500,16:30:00,6,2026-06-04 01:35:33.433+00,Valentino,,2026-06-05 20:27:16.84562+00,
5,2878,2026-06-04,14:30:00,"Bautista Castignani ",1156946866,true,23000,15:15:00,3,2026-06-04 02:15:44.403+00,"Bautista Castignani ",,2026-06-04 18:19:36.856755+00,
1,2879,2026-06-04,12:00:00,Sergio JMI,,true,18000,12:30:00,6,2026-06-04 14:31:35.855+00,Sebastian Fraga,,2026-06-04 16:31:05.520636+00,
1,2880,2026-06-04,17:00:00,Miguel Iñiguez,,true,18000,17:30:00,6,2026-06-04 16:31:26.344+00,Sebastian Fraga,,2026-06-04 20:44:38.727337+00,
5,2881,2026-06-04,17:00:00,Peter,,true,18000,17:30:00,6,2026-06-04 18:04:38.029+00,Valentino,,2026-06-04 20:44:45.991829+00,
5,2882,2026-06-04,17:30:00,Hijo peter,,true,18000,18:00:00,6,2026-06-04 18:04:47.944+00,Valentino,,2026-06-04 20:44:50.46523+00,
1,2883,2026-06-05,18:15:00,"Quintin pozo ",1140864708,false,,18:45:00,2,2026-06-04 18:51:04.391+00,"Quintin pozo ",2026-06-04 21:42:56.452+00,2026-06-04 21:42:56.528871+00,Sebastian Fraga
1,2884,2026-06-05,11:30:00,Fede Chavaño,1122334455,true,18000,12:00:00,6,2026-06-04 19:19:15.945+00,Fede Chavaño,,2026-06-05 16:36:35.886033+00,
1,2885,2026-06-05,17:00:00,Agustin ledesma,1154764865,true,18000,17:30:00,6,2026-06-04 19:25:34.287+00,Agustin ledesma,,2026-06-05 22:56:22.088973+00,
5,2886,2026-06-04,18:00:00,A,,true,18000,18:30:00,6,2026-06-04 20:39:22.499+00,Valentino,,2026-06-04 20:44:55.098738+00,
1,2887,2026-06-05,11:00:00,Lauti Virtuani,,true,10000,11:30:00,6,2026-06-04 20:39:33.766+00,Sebastian Fraga,,2026-06-05 14:20:10.235689+00,
5,2888,2026-06-04,19:15:00,Jose Ignacio LUBRICENTRO,,true,18000,19:45:00,6,2026-06-04 20:44:19.205+00,Valentino,,2026-06-04 21:56:21.318728+00,
1,2889,2026-06-05,15:30:00,Norman Minell,,true,23000,16:15:00,3,2026-06-04 21:44:38.636+00,Sebastian Fraga,,2026-06-05 22:55:50.878198+00,
1,2890,2026-06-05,16:15:00,"Quintin pozo ",1140864708,true,18000,17:00:00,3,2026-06-04 22:27:42.78+00,"Quintin pozo ",,2026-06-05 22:55:56.742259+00,
1,2891,2026-06-06,12:45:00,"Ale Fourcade ",,false,,13:30:00,3,2026-06-05 13:38:39.29+00,Sebastian Fraga,2026-06-06 21:02:02.679+00,2026-06-06 21:02:02.758325+00,Sebastian Fraga
1,2892,2026-06-05,18:15:00,Ivo,1137727413,true,18000,18:45:00,4,2026-06-05 14:11:49.886+00,Ivo,,2026-06-05 22:56:09.124384+00,
1,2893,2026-06-05,12:45:00,De Carli,1121938635,true,18000,13:15:00,2,2026-06-05 15:30:19.453+00,De Carli,,2026-06-05 16:36:30.124462+00,
5,2894,2026-06-05,16:30:00,Joaco juiz,,true,15500,17:00:00,4,2026-06-05 15:32:10.74+00,Valentino,,2026-06-05 20:27:49.152493+00,
5,2895,2026-06-06,16:00:00,Gere,,true,15500,16:30:00,6,2026-06-05 16:26:11.338+00,Valentino,,2026-06-06 19:58:40.907355+00,
1,2896,2026-06-05,15:00:00,Pablo Ivanoff,,true,18000,15:30:00,6,2026-06-05 16:36:55.572+00,Sebastian Fraga,,2026-06-05 22:55:46.094554+00,
1,2897,2026-06-06,18:00:00,Virginia Luna,,true,18000,18:30:00,6,2026-06-05 16:37:23.899+00,Sebastian Fraga,,2026-06-06 23:13:53.757535+00,
5,2898,2026-06-06,12:00:00,Cristian Peña,,true,20000,12:45:00,3,2026-06-05 16:38:15.279+00,Valentino,,2026-06-06 19:57:31.954876+00,
1,2899,2026-06-06,12:00:00,Hijo Cristian Peña,,false,,12:45:00,3,2026-06-05 16:38:33.798+00,Sebastian Fraga,2026-06-06 21:01:59.607+00,2026-06-06 21:01:59.681877+00,Sebastian Fraga
5,2900,2026-06-06,15:00:00,hijo Sonia,,true,18000,15:30:00,6,2026-06-05 16:47:09.36+00,Sebastian Fraga,,2026-06-06 19:58:26.438102+00,
1,2901,2026-06-09,17:30:00,Alicia,,true,15500,18:00:00,6,2026-06-05 16:51:47.444+00,Sebastian Fraga,,2026-06-17 16:18:33.751742+00,
1,2902,2026-06-09,18:00:00,Marido Alicia,,true,15500,18:30:00,6,2026-06-05 16:51:57.433+00,Sebastian Fraga,,2026-06-17 16:18:42.830156+00,
5,2903,2026-06-05,15:00:00,Leticia,,true,15500,15:30:00,6,2026-06-05 17:17:11.251+00,Valentino,,2026-06-05 20:26:48.28087+00,
5,2904,2026-06-05,14:30:00,Guillermo Martello,,true,18000,15:00:00,6,2026-06-05 17:17:40.635+00,Valentino,,2026-06-05 17:52:08.035118+00,
5,2905,2026-06-05,17:00:00,A,,false,,17:30:00,6,2026-06-05 17:30:18.133+00,Valentino,2026-06-05 20:27:53.35+00,2026-06-05 20:27:53.664391+00,Valentino
5,2906,2026-06-06,14:30:00,"Franz ",1127351160,true,18000,15:00:00,6,2026-06-05 18:48:51.178+00,"Franz ",,2026-06-06 19:58:21.381922+00,
1,2907,2026-06-05,18:45:00,FUTBOLITO,,true,23000,19:15:00,6,2026-06-05 22:53:54.891+00,Sebastian Fraga,,2026-06-05 22:56:13.009361+00,
1,2908,2026-06-05,14:30:00,A,,true,23000,15:00:00,6,2026-06-05 22:54:38.184+00,Sebastian Fraga,,2026-06-05 22:55:42.053296+00,
1,2909,2026-06-05,12:00:00,a,,true,18000,12:30:00,6,2026-06-05 22:54:46.046+00,Sebastian Fraga,,2026-06-05 22:55:19.316724+00,
1,2910,2026-06-05,13:15:00,Ariel penia,,true,10500,13:45:00,6,2026-06-05 22:55:10.993+00,Sebastian Fraga,,2026-06-05 22:55:26.878434+00,
5,2911,2026-06-06,13:00:00,A,,true,18000,13:30:00,6,2026-06-06 03:45:02.767+00,Valentino,,2026-06-06 19:58:03.375278+00,
1,2912,2026-06-06,14:30:00,Lucas fabre,1165008315,false,,15:00:00,6,2026-06-06 13:19:40.462+00,Lucas fabre,2026-06-06 21:02:07.56+00,2026-06-06 21:02:07.63228+00,Sebastian Fraga
5,2913,2026-06-06,15:30:00,Nacho,,true,18000,16:00:00,6,2026-06-06 15:54:42.149+00,Valentino,,2026-06-06 19:58:31.906117+00,
5,2914,2026-06-06,11:30:00,Hijo cristian,,true,15500,12:00:00,6,2026-06-06 16:38:42.029+00,Valentino,,2026-06-06 19:57:22.641904+00,
5,2915,2026-06-06,12:45:00,B,,true,18000,13:15:00,6,2026-06-06 16:38:50.728+00,Valentino,,2026-06-06 19:57:52.393738+00,
5,2916,2026-06-06,16:30:00,Tomi,,true,18000,17:00:00,6,2026-06-06 19:51:03.396+00,Valentino,,2026-06-06 19:58:48.13378+00,
5,2917,2026-06-09,16:00:00,Hileni,,true,15500,16:30:00,6,2026-06-06 21:15:37.949+00,Valentino,,2026-06-09 19:53:47.818772+00,
1,2918,2026-06-06,18:30:00,Ramenzoni,,true,18000,19:00:00,6,2026-06-06 23:13:08.542+00,Sebastian Fraga,,2026-06-06 23:13:48.573831+00,
1,2919,2026-06-06,19:00:00,Hijo Ramenzoni,,true,18000,19:30:00,6,2026-06-06 23:13:17.742+00,Sebastian Fraga,,2026-06-06 23:14:05.597498+00,
1,2920,2026-06-06,19:30:00,Hector,,true,15500,20:00:00,6,2026-06-06 23:13:25.03+00,Sebastian Fraga,,2026-06-06 23:14:18.5208+00,
1,2921,2026-06-06,17:30:00,Suegro Napoli,,true,18000,18:00:00,6,2026-06-06 23:13:35.824+00,Sebastian Fraga,,2026-06-06 23:13:43.552406+00,
1,2922,2026-06-09,14:30:00,Juan,1164115200,true,18000,15:15:00,3,2026-06-07 18:14:16.862+00,Juan,,2026-06-09 18:14:33.297089+00,
5,2923,2026-06-09,15:30:00,Markus,,true,15500,16:00:00,6,2026-06-07 18:54:16.421+00,Valentino,,2026-06-09 19:26:42.57847+00,
5,2924,2026-06-09,13:45:00,Dylan,2966446756,false,,14:15:00,6,2026-06-07 22:11:49.814+00,Dylan,2026-06-09 18:14:08.632+00,2026-06-09 18:14:08.82038+00,Valentino
5,2925,2026-06-09,18:30:00,Mateo Patroni,1150043635,true,18000,19:00:00,6,2026-06-08 11:05:13.037+00,Mateo Patroni,,2026-06-09 22:48:43.963718+00,
1,2926,2026-06-10,11:30:00,Bis,,false,,12:00:00,6,2026-06-09 13:53:36.409+00,Sebastian Fraga,2026-06-09 21:51:06.953+00,2026-06-09 21:51:07.039488+00,Sebastian Fraga
5,2927,2026-06-11,14:45:00,Ivan,1136634400,true,15500,15:15:00,6,2026-06-09 14:43:21.071+00,Ivan,,2026-06-11 18:52:43.045422+00,
5,2928,2026-06-10,12:00:00,Estanislao,,true,13000,12:30:00,6,2026-06-09 15:11:14.13+00,Sebastian Fraga,,2026-06-10 15:37:20.399528+00,
5,2929,2026-06-10,11:30:00,Bis,,true,15500,12:00:00,6,2026-06-09 15:56:33.445+00,Valentino,,2026-06-10 15:01:13.742382+00,
5,2930,2026-06-17,16:00:00,Tara,,true,15500,16:30:00,6,2026-06-09 16:22:33.89+00,Valentino,,2026-06-17 20:03:42.584297+00,
1,2931,2026-06-09,16:30:00,Alfredo,1155770044,true,23000,17:00:00,6,2026-06-09 16:38:48.741+00,Alfredo,,2026-06-09 19:52:54.888106+00,
1,2932,2026-06-09,15:15:00,Vidrieria,,true,18000,15:45:00,6,2026-06-09 18:14:25.475+00,Sebastian Fraga,,2026-06-09 19:26:54.0171+00,
5,2933,2026-06-09,16:30:00,Augusto,,false,,17:00:00,6,2026-06-09 18:20:47.986+00,Valentino,2026-06-09 18:57:21.729+00,2026-06-09 18:57:22.126606+00,Valentino
5,2934,2026-06-09,16:30:00,Augusto Suppa,,true,18000,17:00:00,6,2026-06-09 19:11:23.167+00,Valentino,,2026-06-09 20:18:55.157458+00,
1,2935,2026-06-10,11:30:00,Nahuel Moizello,,true,18000,12:15:00,3,2026-06-10 02:52:20.868+00,Sebastian Fraga,,2026-06-10 15:22:51.863499+00,
5,2936,2026-06-10,13:45:00,Dylan,,true,18000,14:15:00,6,2026-06-10 03:24:05.368+00,Valentino,,2026-06-10 17:44:16.060896+00,
5,2937,2026-06-12,17:00:00,Oliva,,true,18000,17:30:00,6,2026-06-10 11:56:02.847+00,Valentino,,2026-06-12 20:30:26.689518+00,
1,2938,2026-06-10,11:00:00,"Emiliano ",1141596914,true,18000,11:30:00,6,2026-06-10 13:35:25.855+00,"Emiliano ",,2026-06-10 15:22:47.160949+00,
1,2939,2026-06-10,18:00:00,"Gabriel Brizuela ",1162219319,true,18000,18:30:00,6,2026-06-10 13:50:46.568+00,"Gabriel Brizuela ",,2026-06-10 22:04:13.717754+00,
1,2940,2026-06-10,18:30:00,Rai,,true,18000,19:00:00,6,2026-06-10 15:23:56.598+00,Sebastian Fraga,,2026-06-10 22:04:18.907683+00,
1,2941,2026-06-10,16:30:00,Agustin Roda,1138745787,true,18000,17:00:00,6,2026-06-10 16:21:00.792+00,Agustin Roda,,2026-06-10 20:01:07.344372+00,
1,2942,2026-06-11,11:30:00,Facu Iriondo,,true,15000,12:00:00,6,2026-06-10 20:01:25.431+00,Sebastian Fraga,,2026-06-11 20:22:01.38789+00,
1,2943,2026-06-10,19:00:00,Ale Fourcade,,true,15500,19:45:00,3,2026-06-10 20:17:37.116+00,Sebastian Fraga,,2026-06-10 23:59:19.027817+00,
1,2944,2026-06-10,17:00:00,a,,true,18000,17:30:00,6,2026-06-10 23:59:26.678+00,Sebastian Fraga,,2026-06-10 23:59:30.579777+00,
1,2945,2026-06-10,15:30:00,a,,true,18000,16:00:00,6,2026-06-10 23:59:41.273+00,Sebastian Fraga,,2026-06-10 23:59:46.331977+00,
1,2946,2026-06-11,12:00:00,Gabriel Urinovsky,1167332798,true,23000,12:45:00,3,2026-06-11 12:55:18.747+00,Gabriel Urinovsky,,2026-06-11 20:22:07.401069+00,
1,2947,2026-06-11,19:00:00,Matias Navarro,1122334455,true,19500,19:45:00,3,2026-06-11 13:41:57.942+00,Matias Navarro,,2026-06-11 22:40:52.673662+00,
5,2948,2026-06-13,16:30:00,Roberto,,true,18000,17:00:00,6,2026-06-11 15:54:43.702+00,Valentino,,2026-06-13 19:45:58.453831+00,
5,2949,2026-06-11,16:45:00,Cristian,,true,23000,17:30:00,3,2026-06-11 20:00:45.604+00,Valentino,,2026-06-11 20:01:07.616944+00,
1,2950,2026-06-12,11:00:00,Lauti Virtuani,,true,10000,11:30:00,6,2026-06-11 20:05:21.488+00,Sebastian Fraga,,2026-06-12 14:28:08.504934+00,
5,2951,2026-06-11,19:15:00,A,,true,18000,19:45:00,6,2026-06-11 22:41:22.513+00,Valentino,,2026-06-11 22:41:27.323048+00,
5,2952,2026-06-12,15:00:00,"Tato López ",1162950947,true,18000,15:30:00,6,2026-06-12 06:31:24.924+00,"Tato López ",,2026-06-12 18:57:56.011086+00,
5,2953,2026-06-12,12:00:00,Enzo,,true,20000,12:45:00,3,2026-06-12 12:30:05.626+00,Valentino,,2026-06-12 15:52:07.706895+00,
1,2954,2026-06-12,12:30:00,Lucas,1165008315,true,18000,13:00:00,6,2026-06-12 14:42:36.468+00,Lucas,,2026-06-12 15:42:49.772194+00,
1,2955,2026-06-12,14:00:00,Fede De Carli,,false,,14:45:00,3,2026-06-12 15:43:43.945+00,Sebastian Fraga,,2026-06-12 15:43:50.339549+00,
5,2956,2026-06-12,15:30:00,A,,true,18000,16:00:00,6,2026-06-12 18:57:43.887+00,Valentino,,2026-06-12 18:58:01.742771+00,
1,2957,2026-06-12,18:00:00,Nachoto,,true,10000,18:30:00,6,2026-06-12 19:34:18.181+00,Sebastian Fraga,,2026-06-12 21:16:34.365286+00,
5,2958,2026-06-12,16:00:00,A,,true,18000,16:30:00,6,2026-06-12 20:06:12.612+00,Valentino,,2026-06-12 20:06:23.861397+00,
1,2959,2026-06-12,19:15:00,A,,true,18000,19:45:00,6,2026-06-12 23:36:45.106+00,Sebastian Fraga,,2026-06-12 23:36:50.322003+00,
1,2960,2026-06-13,11:00:00,Walter,1149271280,false,,11:30:00,4,2026-06-13 01:26:57.153+00,Walter,2026-06-13 18:38:01.623+00,2026-06-13 18:38:01.700814+00,Sebastian Fraga
1,2961,2026-06-13,11:30:00,Juanse fraga,1161925026,false,,12:00:00,4,2026-06-13 01:38:46.28+00,Juanse fraga,2026-06-13 18:38:04.742+00,2026-06-13 18:38:04.814081+00,Sebastian Fraga
1,2962,2026-06-13,12:30:00,Vir luna,1156381619,false,,13:00:00,2,2026-06-13 04:47:37.396+00,Vir luna,2026-06-13 18:38:08.132+00,2026-06-13 18:38:08.211183+00,Sebastian Fraga
5,2963,2026-06-13,11:30:00,Gere,,true,15500,12:00:00,6,2026-06-13 11:10:51.41+00,Valentino,,2026-06-13 18:49:47.813695+00,
5,2964,2026-06-13,15:00:00,Milo,,true,18000,15:30:00,6,2026-06-13 15:21:55.22+00,Valentino,,2026-06-13 18:49:57.526503+00,
5,2965,2026-06-13,14:30:00,Gaston,,true,18000,15:00:00,6,2026-06-13 18:41:25.005+00,Valentino,,2026-06-13 18:49:52.909853+00,
1,2966,2026-06-13,18:45:00,A,,true,18000,19:15:00,6,2026-06-13 22:01:35.396+00,Sebastian Fraga,,2026-06-13 22:01:43.172826+00,
5,2967,2026-06-16,14:30:00,Agustín Barazal,1171658187,true,18000,15:00:00,6,2026-06-15 13:56:27.802+00,Agustín Barazal,,2026-06-16 18:11:08.563644+00,
5,2968,2026-06-16,18:00:00,agustin zaragoci,1157813054,true,18000,18:30:00,6,2026-06-15 21:06:53.894+00,agustin zaragoci,,2026-06-16 22:01:36.991741+00,
5,2969,2026-06-18,16:00:00,ZEGA,,true,15500,16:30:00,6,2026-06-15 23:25:57.787+00,Valentino,,2026-06-18 19:39:28.912676+00,
1,2970,2026-06-16,15:30:00,Benja Pieruzzini,,true,18000,16:00:00,6,2026-06-16 15:08:38.652+00,Sebastian Fraga,,2026-06-16 22:26:15.938422+00,
5,2971,2026-06-16,12:30:00,Gabriel,,true,23000,13:15:00,3,2026-06-16 15:49:39.255+00,Valentino,,2026-06-16 18:11:03.895741+00,
1,2972,2026-06-16,14:45:00,Rodrigo Llanos,,true,18000,15:15:00,6,2026-06-16 17:30:31.957+00,Sebastian Fraga,,2026-06-16 22:26:11.500335+00,
1,2973,2026-06-17,18:30:00,Nacho Lamamith,,true,23000,19:00:00,6,2026-06-16 18:09:36.447+00,Sebastian Fraga,,2026-06-17 22:33:22.21267+00,
5,2974,2026-06-16,17:15:00,A,,true,18000,17:45:00,6,2026-06-16 22:00:41.926+00,Valentino,,2026-06-16 22:01:30.794451+00,
5,2975,2026-06-17,13:30:00,Brian,,true,18000,14:00:00,6,2026-06-17 16:19:31.928+00,Valentino,,2026-06-17 17:10:17.798012+00,
5,2976,2026-06-17,15:30:00,Vecino,,true,18000,16:00:00,6,2026-06-17 18:36:40.488+00,Valentino,,2026-06-17 18:51:37.681513+00,
5,2977,2026-06-17,16:30:00,Federico Gago,1124735550,true,18000,17:00:00,6,2026-06-17 19:14:29.633+00,Federico Gago,,2026-06-17 20:41:26.913365+00,
5,2978,2026-06-18,11:30:00,"Mateo ",1167607442,true,18000,12:00:00,4,2026-06-17 19:15:30.018+00,"Mateo ",,2026-06-18 15:06:53.776855+00,
1,2979,2026-06-17,17:30:00,Sosa fernando,1130617895,true,18000,18:00:00,4,2026-06-17 19:56:30.576+00,Sosa fernando,,2026-06-17 21:25:50.579782+00,
1,2980,2026-06-18,17:00:00,benicio buschiazzo,1162290038,false,,17:30:00,6,2026-06-17 20:50:36.042+00,benicio buschiazzo,2026-06-18 19:24:16.045+00,2026-06-18 19:24:16.12883+00,Sebastian Fraga
1,2981,2026-06-18,11:30:00,Ezequiel Benitez,1124612329,true,18000,12:00:00,4,2026-06-17 22:16:50.887+00,Ezequiel Benitez,,2026-06-18 15:13:58.959452+00,
1,2982,2026-06-19,17:15:00,Gastón Rébolo,1533150679,true,18000,18:00:00,3,2026-06-18 11:15:10.43+00,Gastón Rébolo,,2026-06-19 21:18:03.480609+00,
5,2983,2026-06-19,16:45:00,"Tomás Leonhardt ",1164878287,true,18000,17:15:00,6,2026-06-18 12:00:16.946+00,"Tomás Leonhardt ",,2026-06-19 20:56:36.058186+00,
5,2984,2026-06-18,19:00:00,Gerw,,false,,19:30:00,6,2026-06-18 13:24:59.795+00,Valentino,2026-06-18 22:08:29.269+00,2026-06-18 22:08:29.347622+00,Valentino
5,2985,2026-06-18,12:30:00,A,,true,23000,13:15:00,3,2026-06-18 15:51:23.605+00,Valentino,,2026-06-18 16:34:13.525049+00,
1,2986,2026-06-19,18:00:00,Joan,1140756847,true,18000,18:30:00,6,2026-06-18 19:36:50.103+00,Joan,,2026-06-19 21:18:08.18632+00,
1,2987,2026-06-19,18:30:00,Nicolas Morales,,true,18000,19:00:00,6,2026-06-18 19:38:30.903+00,Sebastian Fraga,,2026-06-19 23:04:09.3198+00,
5,2988,2026-06-18,16:30:00,Nico,,true,18000,17:00:00,6,2026-06-18 19:47:53.099+00,Valentino,,2026-06-18 20:32:35.179962+00,
1,2989,2026-06-19,11:00:00,Lauti Virtuani,,true,10000,11:30:00,6,2026-06-18 21:23:25.149+00,Sebastian Fraga,,2026-06-19 15:42:26.664448+00,
1,2990,2026-06-19,19:00:00,Luciano marchese,1156366343,true,18000,19:30:00,6,2026-06-18 21:37:40.887+00,Luciano marchese,,2026-06-19 23:04:22.893169+00,
1,2991,2026-06-19,16:00:00,Virginia Luna,,false,,16:30:00,6,2026-06-18 23:26:47.448+00,Sebastian Fraga,2026-06-19 18:57:31.156+00,2026-06-19 18:57:31.235296+00,Sebastian Fraga
5,2992,2026-06-20,11:00:00,Gere,,true,15500,11:30:00,6,2026-06-19 04:09:42.32+00,Valentino,,2026-06-20 22:11:16.584366+00,
1,2993,2026-06-19,14:30:00,benicio buschiazzo,1162290038,false,,15:00:00,6,2026-06-19 12:05:16.596+00,benicio buschiazzo,2026-06-19 16:04:50.36+00,2026-06-19 16:04:50.696641+00,benicio buschiazzo
1,2994,2026-06-19,16:30:00,Lorenzo ariotti,1149177040,true,18000,17:00:00,6,2026-06-19 12:50:10.157+00,Lorenzo ariotti,,2026-06-19 21:17:57.163918+00,
5,2995,2026-06-19,13:00:00,A,,true,18000,13:30:00,6,2026-06-19 13:39:19.389+00,Valentino,,2026-06-19 15:25:13.857305+00,
1,2996,2026-06-19,15:00:00,Juan di tocco,1169539200,true,18000,15:30:00,4,2026-06-19 13:51:45.522+00,Juan di tocco,,2026-06-19 18:57:26.718587+00,
1,2997,2026-06-20,14:15:00,"Hernán Cantamessi ",1161647789,true,23000,15:00:00,3,2026-06-19 13:53:11.107+00,"Hernán Cantamessi ",,2026-06-20 18:31:11.161511+00,
5,2998,2026-06-19,11:30:00,Enzo trini,,false,,12:15:00,3,2026-06-19 13:54:38.559+00,Valentino,2026-06-19 14:03:51.607+00,2026-06-19 14:03:52.229561+00,Valentino
1,2999,2026-06-20,15:00:00,Lautaro,1164115200,true,18000,15:30:00,6,2026-06-19 14:22:10.142+00,Lautaro,,2026-06-20 18:31:16.453752+00,
5,3000,2026-06-19,12:00:00,A,,true,23000,12:45:00,3,2026-06-19 15:24:57.053+00,Valentino,,2026-06-19 15:25:06.612145+00,
1,3001,2026-06-20,15:30:00,benicio buschiazzo,1162290038,true,15500,16:00:00,6,2026-06-19 16:05:15.382+00,benicio buschiazzo,,2026-06-20 19:28:20.139893+00,
1,3002,2026-06-19,19:30:00,Franco Weed,,true,18000,20:00:00,6,2026-06-19 16:56:56.971+00,Sebastian Fraga,,2026-06-19 23:04:17.92207+00,
5,3003,2026-06-19,16:00:00,Gabriel,,true,18000,16:30:00,6,2026-06-19 18:44:16.495+00,Valentino,,2026-06-19 19:33:38.576788+00,
5,3004,2026-06-19,17:15:00,A,,true,18000,17:45:00,6,2026-06-19 20:56:41.397+00,Valentino,,2026-06-19 20:56:47.232335+00,
1,3005,2026-06-19,16:00:00,A,,true,18000,16:30:00,6,2026-06-19 23:04:30.46+00,Sebastian Fraga,,2026-06-19 23:04:36.391444+00,
1,3006,2026-06-20,17:45:00,Horacio tbj,,true,18000,18:30:00,3,2026-06-20 01:47:02.989+00,Sebastian Fraga,,2026-06-20 22:11:52.093442+00,
1,3007,2026-06-20,19:30:00,"Quintin pozo ",1140864708,true,18000,20:00:00,4,2026-06-20 13:51:12.598+00,"Quintin pozo ",,2026-06-20 22:11:45.954851+00,
1,3008,2026-06-20,12:00:00,Agus,1153846974,true,18000,12:30:00,6,2026-06-20 14:08:10.618+00,Agus,,2026-06-20 18:31:01.297946+00,
1,3009,2026-06-20,12:30:00,Julian Aslaterra,,true,18000,13:00:00,6,2026-06-20 14:53:06.933+00,Sebastian Fraga,,2026-06-20 18:31:06.783053+00,
1,3010,2026-06-20,16:00:00,A,,true,18000,16:30:00,6,2026-06-20 16:41:40.688+00,Sebastian Fraga,,2026-06-20 19:28:25.385211+00,
1,3011,2026-06-20,16:30:00,Jota,,true,23000,17:00:00,6,2026-06-20 16:41:49.463+00,Sebastian Fraga,,2026-06-20 20:02:24.817991+00,
1,3012,2026-06-20,17:00:00,A,,true,18000,17:30:00,6,2026-06-20 20:02:31.371+00,Sebastian Fraga,,2026-06-20 20:02:37.387939+00,
1,3013,2026-06-20,18:30:00,Yerno Horacio,,true,18000,19:00:00,6,2026-06-20 20:21:04.99+00,Sebastian Fraga,,2026-06-20 22:11:56.409016+00,
1,3014,2026-06-20,19:00:00,CAP,,true,15500,19:30:00,6,2026-06-20 22:11:25.736+00,Sebastian Fraga,,2026-06-20 22:11:37.81651+00,
1,3015,2026-06-24,15:00:00,Vir,1156381619,true,15500,15:30:00,4,2026-06-22 16:46:06.589+00,Vir,,2026-06-24 21:11:40.544311+00,
5,3016,2026-06-23,18:00:00,Ivan Gutter,1159262107,true,18000,18:30:00,6,2026-06-23 00:22:40.947+00,Ivan Gutter,,2026-06-23 21:40:21.909687+00,
5,3017,2026-06-23,13:00:00,Lucio,,true,18000,13:30:00,6,2026-06-23 00:50:10.336+00,Valentino,,2026-06-23 20:20:58.591914+00,
5,3018,2026-06-24,15:00:00,Panza,,true,15500,15:30:00,6,2026-06-23 11:58:38.802+00,Valentino,,2026-06-24 18:40:07.124881+00,
5,3019,2026-06-25,15:30:00,Ariel,,true,15000,16:00:00,6,2026-06-23 14:27:02.401+00,Valentino,,2026-06-25 18:57:39.839141+00,
5,3020,2026-06-24,19:00:00,Fede Perez,1136334843,true,23000,19:45:00,3,2026-06-23 15:56:45.785+00,Fede Perez,,2026-06-24 22:07:26.961113+00,
5,3021,2026-06-23,17:30:00,Juan,,true,18000,18:00:00,6,2026-06-23 16:49:54.902+00,Valentino,,2026-06-23 21:35:51.131439+00,
5,3022,2026-06-23,16:30:00,A,,true,18000,17:00:00,6,2026-06-23 20:09:32+00,Valentino,,2026-06-23 20:21:11.818952+00,
1,3023,2026-06-24,17:00:00,Pancho Palencia,,true,18000,17:30:00,6,2026-06-23 20:57:30.911+00,Sebastian Fraga,,2026-06-24 21:11:50.633587+00,
5,3024,2026-06-23,17:00:00,A,,true,18000,17:30:00,6,2026-06-23 21:35:41.036+00,Valentino,,2026-06-23 21:35:46.847496+00,
1,3025,2026-06-23,11:00:00,Bauti Torre,,false,,11:30:00,6,2026-06-23 21:40:58.005+00,Sebastian Fraga,,2026-06-23 21:40:58.097079+00,
5,3026,2026-06-24,11:00:00,Agustín Gonzalo,1165023480,true,15500,11:30:00,4,2026-06-24 02:32:42.093+00,Agustín Gonzalo,,2026-06-24 14:43:30.940325+00,
5,3027,2026-06-24,14:30:00,A,,true,23000,15:00:00,6,2026-06-24 18:00:51.633+00,Valentino,,2026-06-24 18:01:00.103979+00,
5,3028,2026-06-24,16:30:00,A,,true,18000,17:00:00,6,2026-06-24 19:53:58.002+00,Valentino,,2026-06-24 20:56:54.562665+00,
5,3029,2026-06-24,17:00:00,A,,true,18000,17:30:00,6,2026-06-24 20:10:01.263+00,Valentino,,2026-06-24 20:56:59.355314+00,
5,3030,2026-06-24,17:30:00,A,,true,23000,18:15:00,3,2026-06-24 20:56:47.114+00,Valentino,,2026-06-24 21:19:46.160798+00,
1,3031,2026-06-25,19:15:00,Rai,,true,18000,19:45:00,6,2026-06-25 14:14:37.317+00,Sebastian Fraga,,2026-06-25 22:55:40.989351+00,
5,3032,2026-06-25,12:00:00,A,,true,18000,12:30:00,6,2026-06-25 15:24:05.552+00,Valentino,,2026-06-25 15:24:19.216604+00,
5,3033,2026-06-25,12:30:00,Juan Tsai,,true,18000,13:00:00,6,2026-06-25 15:29:18.113+00,Sebastian Fraga,,2026-06-25 16:29:44.90967+00,
1,3034,2026-06-25,18:30:00,De Carli Matias,1121938335,true,18000,19:00:00,6,2026-06-25 15:49:36.834+00,De Carli Matias,,2026-06-25 22:55:36.664523+00,
1,3035,2026-06-26,11:00:00,Lauti Virtuani,,false,,11:30:00,6,2026-06-25 15:52:01.866+00,Sebastian Fraga,,2026-06-26 14:14:36.939571+00,
1,3036,2026-06-26,19:15:00,Matias Navarro,,true,19500,19:45:00,2,2026-06-25 15:52:18.755+00,Sebastian Fraga,,2026-06-26 23:16:19.957853+00,
5,3037,2026-06-25,13:00:00,B,,true,18000,13:30:00,6,2026-06-25 16:29:39.191+00,Valentino,,2026-06-25 16:29:50.826601+00,
1,3038,2026-06-26,11:30:00,"Sambuceti Juan ignacio ",1123050417,false,,12:00:00,6,2026-06-25 18:10:38.157+00,"Sambuceti Juan ignacio ",2026-06-25 22:59:12.501+00,2026-06-25 22:59:12.573364+00,Sebastian Fraga
5,3039,2026-06-26,14:30:00,Lucas Mazzitelli,1131411133,true,18000,15:00:00,6,2026-06-25 19:01:33.865+00,Lucas Mazzitelli,,2026-06-26 18:13:03.672468+00,
1,3040,2026-06-26,12:30:00,Facu Iriondo,,false,,13:00:00,6,2026-06-25 19:12:26.816+00,Sebastian Fraga,,2026-06-25 19:12:26.98447+00,
1,3041,2026-06-25,17:00:00,Marto,,true,18000,17:30:00,6,2026-06-25 19:18:01.054+00,Sebastian Fraga,,2026-06-25 20:18:33.206926+00,
5,3042,2026-06-25,17:15:00,A,,true,18000,17:45:00,6,2026-06-25 20:14:53.743+00,Valentino,,2026-06-25 20:46:58.75171+00,
1,3043,2026-06-26,13:00:00,Naza,,false,,13:30:00,6,2026-06-25 20:19:19.83+00,Sebastian Fraga,,2026-06-25 20:19:19.941937+00,
1,3044,2026-07-02,18:30:00,Lucas Santillan,1156639446,false,,19:00:00,6,2026-06-25 21:55:36.235+00,Lucas Santillan,,2026-06-25 21:55:36.344583+00,
1,3045,2026-06-25,17:45:00,Jony Vecino,,true,18000,18:15:00,6,2026-06-25 22:55:25.101+00,Sebastian Fraga,,2026-06-25 22:55:32.028037+00,
1,3046,2026-06-26,12:00:00,"Valentino ",1167869617,true,18000,12:30:00,6,2026-06-26 01:27:31.911+00,"Valentino ",,2026-06-26 20:48:08.157336+00,
1,3047,2026-06-26,16:30:00,Juan Di Tocco,1169539200,false,,17:00:00,6,2026-06-26 14:14:09.988+00,Juan Di Tocco,,2026-06-26 14:14:10.110254+00,
5,3048,2026-06-26,12:45:00,José Ignacio,1166046526,true,18000,13:15:00,6,2026-06-26 14:27:59.583+00,José Ignacio,,2026-06-26 16:45:34.180012+00,
1,3049,2026-06-26,18:15:00,"Gabriel Brizuela ",1162219319,true,18000,18:45:00,6,2026-06-26 15:53:05.729+00,"Gabriel Brizuela ",,2026-06-26 23:16:24.787971+00,
5,3050,2026-06-26,12:00:00,A,,true,18000,12:30:00,6,2026-06-26 16:45:12.892+00,Valentino,,2026-06-26 16:45:28.217578+00,
1,3051,2026-06-26,15:00:00,Lauti davila,,true,18000,15:30:00,6,2026-06-26 16:49:51.186+00,Sebastian Fraga,,2026-06-26 20:48:15.409151+00,
5,3052,2026-06-27,12:00:00,Gere,,true,15500,12:30:00,6,2026-06-26 16:55:39.423+00,Valentino,,2026-06-27 15:30:13.34735+00,
1,3053,2026-06-26,15:30:00,Gustavo Weber,,true,18000,16:00:00,6,2026-06-26 16:58:44.594+00,Sebastian Fraga,,2026-06-26 20:48:28.792727+00,
1,3054,2026-06-26,16:00:00,Walter pallone,1149271280,true,15500,16:30:00,6,2026-06-26 17:39:32.813+00,Walter pallone,,2026-06-26 20:48:23.532395+00,
1,3055,2026-06-27,11:00:00,Ale Fourcade,,true,15500,11:45:00,3,2026-06-26 17:40:24.242+00,Sebastian Fraga,,2026-06-27 17:44:33.074108+00,
1,3056,2026-06-27,14:00:00,Manu Grimaux,1166003728,true,18000,14:30:00,6,2026-06-26 18:34:35.738+00,Manu,,2026-06-27 17:44:24.070156+00,
5,3057,2026-06-26,16:00:00,A,,true,18000,16:30:00,6,2026-06-26 19:23:50.312+00,Valentino,,2026-06-26 19:24:00.300188+00,
1,3058,2026-06-27,14:30:00,Amigo Manu G,,true,18000,15:00:00,6,2026-06-26 20:42:10.899+00,Sebastian Fraga,,2026-06-27 17:44:27.926284+00,
1,3059,2026-06-27,15:00:00,Kauf,,true,18000,15:30:00,6,2026-06-26 20:43:57.908+00,Sebastian Fraga,,2026-06-27 19:24:04.934707+00,
5,3060,2026-06-27,15:30:00,Nacho Crespo,,true,23000,16:15:00,3,2026-06-26 20:47:24.669+00,Sebastian Fraga,,2026-06-27 19:24:43.85946+00,
5,3061,2026-06-27,13:00:00,Matias butti,,true,15500,13:30:00,6,2026-06-26 21:15:53.331+00,Valentino,,2026-06-27 16:31:33.500102+00,
5,3062,2026-06-27,17:00:00,Facha,,false,,17:30:00,6,2026-06-26 21:28:47.817+00,Valentino,2026-06-27 17:42:37.714+00,2026-06-27 17:42:37.801187+00,Valentino
1,3063,2026-06-26,18:45:00,A,,true,18000,19:15:00,6,2026-06-26 23:15:59.77+00,Sebastian Fraga,,2026-06-26 23:16:05.053418+00,
5,3064,2026-06-30,11:00:00,Bauti,,false,,11:30:00,6,2026-06-27 01:06:57.403+00,Valentino,,2026-06-27 01:06:57.738991+00,
5,3065,2026-06-27,11:00:00,Hijo de Diego,,true,15500,11:30:00,4,2026-06-27 13:32:15.278+00,Valentino,,2026-06-27 15:29:40.10953+00,
5,3066,2026-06-27,11:30:00,Diego,,true,19500,12:00:00,2,2026-06-27 13:33:55.128+00,Valentino,,2026-06-27 15:29:45.945186+00,
5,3067,2026-06-27,15:30:00,Axel,,true,15500,16:00:00,4,2026-06-27 17:42:56.894+00,Valentino,,2026-06-27 19:24:38.904367+00,
1,3068,2026-06-27,15:30:00,A,,true,18000,16:00:00,6,2026-06-27 19:24:09.834+00,Sebastian Fraga,,2026-06-27 19:24:22.700147+00,
1,3069,2026-06-27,16:00:00,B,,true,18000,16:30:00,6,2026-06-27 19:24:16.063+00,Sebastian Fraga,,2026-06-27 19:24:28.175559+00,
5,3070,2026-06-27,17:00:00,Dani tio,,true,15500,17:30:00,4,2026-06-27 19:49:50.043+00,Valentino,,2026-06-27 19:54:01.037081+00,
1,3071,2026-06-27,17:30:00,Ale Cicero,,true,18000,18:00:00,6,2026-06-27 20:23:38.932+00,Sebastian Fraga,,2026-06-27 20:58:06.213153+00,
1,3072,2026-06-27,18:00:00,Pablo Ivanoff,,true,18000,18:30:00,6,2026-06-27 20:58:20.803+00,Sebastian Fraga,,2026-06-27 21:33:57.583276+00,
1,3073,2026-06-27,12:15:00,Patroni,,true,18000,12:45:00,6,2026-06-27 21:46:50.367+00,Sebastian Fraga,,2026-06-27 21:47:07.157808+00,
1,3074,2026-06-27,13:00:00,Lean Chino,,true,23000,13:30:00,6,2026-06-27 21:51:43.809+00,Sebastian Fraga,,2026-06-27 23:45:21.976118+00,
1,3075,2026-06-27,16:30:00,A,,true,18000,17:00:00,6,2026-06-27 23:45:08.491+00,Sebastian Fraga,,2026-06-27 23:45:13.804204+00,